<?xml version="1.0" encoding="UTF-8"?>
<osm version="0.6" generator="openstreetmap-cgimap 2.1.0 (1329 spike-07.openstreetmap.org)" copyright="OpenStreetMap and contributors" attribution="http://www.openstreetmap.org/copyright" license="http://opendatacommons.org/licenses/odbl/1-0/">
 <bounds minlat="36.9060000" minlon="127.1400000" maxlat="36.9120000" maxlon="127.1470000"/>
 <node id="433321980" visible="true" version="2" changeset="8693088" timestamp="2011-07-11T11:55:12Z" user="mjhc" uid="367541" lat="36.9086611" lon="127.1370245"/>
 <node id="433321983" visible="true" version="3" changeset="189057636" timestamp="2026-09-15T12:05:43Z" user="Arthur Piereck" uid="21922280" lat="36.9091490" lon="127.1394644"/>
 <node id="433321985" visible="true" version="2" changeset="8693088" timestamp="2011-07-11T11:55:11Z" user="mjhc" uid="367541" lat="36.9082011" lon="127.1373799"/>
 <node id="433321987" visible="true" version="2" changeset="8693088" timestamp="2011-07-11T11:55:11Z" user="mjhc" uid="367541" lat="36.9086857" lon="127.1389374"/>
 <node id="433321994" visible="true" version="2" changeset="8693088" timestamp="2011-07-11T11:55:12Z" user="mjhc" uid="367541" lat="36.9104448" lon="127.1379458"/>
 <node id="433322004" visible="true" version="2" changeset="8693088" timestamp="2011-07-11T11:55:11Z" user="mjhc" uid="367541" lat="36.9090317" lon="127.1395423"/>
 <node id="433322012" visible="true" version="2" changeset="8693088" timestamp="2011-07-11T11:55:12Z" user="mjhc" uid="367541" lat="36.9075682" lon="127.1382225"/>
 <node id="433322016" visible="true" version="2" changeset="8693088" timestamp="2011-07-11T11:55:12Z" user="mjhc" uid="367541" lat="36.9105173" lon="127.1381047"/>
 <node id="433322070" visible="true" version="2" changeset="8693088" timestamp="2011-07-11T11:55:12Z" user="mjhc" uid="367541" lat="36.9106071" lon="127.1382300"/>
 <node id="433322130" visible="true" version="2" changeset="8693088" timestamp="2011-07-11T11:55:12Z" user="mjhc" uid="367541" lat="36.9103419" lon="127.1399981"/>
 <node id="433322168" visible="true" version="2" changeset="8693088" timestamp="2011-07-11T11:55:12Z" user="mjhc" uid="367541" lat="36.9103756" lon="127.1398630"/>
 <node id="433322313" visible="true" version="2" changeset="8693088" timestamp="2011-07-11T11:55:11Z" user="mjhc" uid="367541" lat="36.9099803" lon="127.1403975"/>
 <node id="433322315" visible="true" version="2" changeset="8693088" timestamp="2011-07-11T11:55:12Z" user="mjhc" uid="367541" lat="36.9078524" lon="127.1376494"/>
 <node id="433322321" visible="true" version="2" changeset="8693088" timestamp="2011-07-11T11:55:11Z" user="mjhc" uid="367541" lat="36.9099767" lon="127.1404997"/>
 <node id="433322327" visible="true" version="2" changeset="8693088" timestamp="2011-07-11T11:55:12Z" user="mjhc" uid="367541" lat="36.9101920" lon="127.1401215"/>
 <node id="436402930" visible="true" version="4" changeset="12505906" timestamp="2012-07-27T00:57:34Z" user="mjhc" uid="367541" lat="36.9146482" lon="127.1353247">
  <tag k="highway" v="traffic_signals"/>
 </node>
 <node id="436595100" visible="true" version="2" changeset="12521416" timestamp="2012-07-28T10:30:23Z" user="mjhc" uid="367541" lat="36.9051245" lon="127.1658539"/>
 <node id="436595101" visible="true" version="2" changeset="12521416" timestamp="2012-07-28T10:30:22Z" user="mjhc" uid="367541" lat="36.9051426" lon="127.1643827"/>
 <node id="436595102" visible="true" version="2" changeset="12521416" timestamp="2012-07-28T10:30:23Z" user="mjhc" uid="367541" lat="36.9052679" lon="127.1640456"/>
 <node id="436595103" visible="true" version="3" changeset="171588083" timestamp="2025-09-07T14:33:55Z" user="tlsdkxm" uid="5194197" lat="36.9061993" lon="127.1620577"/>
 <node id="436595104" visible="true" version="3" changeset="171588083" timestamp="2025-09-07T14:33:55Z" user="tlsdkxm" uid="5194197" lat="36.9063955" lon="127.1615462"/>
 <node id="436595105" visible="true" version="3" changeset="171588083" timestamp="2025-09-07T14:33:55Z" user="tlsdkxm" uid="5194197" lat="36.9064876" lon="127.1610920"/>
 <node id="436595106" visible="true" version="3" changeset="171588083" timestamp="2025-09-07T14:33:55Z" user="tlsdkxm" uid="5194197" lat="36.9065061" lon="127.1606830"/>
 <node id="436595107" visible="true" version="1" changeset="1765965" timestamp="2009-07-07T20:33:52Z" user="cyana" uid="74529" lat="36.9065100" lon="127.1600900"/>
 <node id="436595108" visible="true" version="2" changeset="12521416" timestamp="2012-07-28T10:55:25Z" user="mjhc" uid="367541" lat="36.9065169" lon="127.1597556"/>
 <node id="436595109" visible="true" version="2" changeset="12521416" timestamp="2012-07-28T10:55:25Z" user="mjhc" uid="367541" lat="36.9065694" lon="127.1593605"/>
 <node id="436595110" visible="true" version="1" changeset="1765965" timestamp="2009-07-07T20:33:52Z" user="cyana" uid="74529" lat="36.9066700" lon="127.1590400"/>
 <node id="436595111" visible="true" version="2" changeset="14836099" timestamp="2013-01-29T15:23:40Z" user="mjhc" uid="367541" lat="36.9069852" lon="127.1585421"/>
 <node id="436595112" visible="true" version="2" changeset="14836099" timestamp="2013-01-29T15:23:40Z" user="mjhc" uid="367541" lat="36.9078572" lon="127.1574435"/>
 <node id="436595113" visible="true" version="2" changeset="14836099" timestamp="2013-01-29T15:23:40Z" user="mjhc" uid="367541" lat="36.9080084" lon="127.1571296"/>
 <node id="436595114" visible="true" version="3" changeset="171588083" timestamp="2025-09-07T14:33:55Z" user="tlsdkxm" uid="5194197" lat="36.9086483" lon="127.1555125"/>
 <node id="436595115" visible="true" version="3" changeset="171588083" timestamp="2025-09-07T14:33:55Z" user="tlsdkxm" uid="5194197" lat="36.9090946" lon="127.1547762"/>
 <node id="436595116" visible="true" version="3" changeset="171588083" timestamp="2025-09-07T14:33:55Z" user="tlsdkxm" uid="5194197" lat="36.9095403" lon="127.1535736"/>
 <node id="436595117" visible="true" version="2" changeset="171588083" timestamp="2025-09-07T14:33:55Z" user="tlsdkxm" uid="5194197" lat="36.9095872" lon="127.1530148"/>
 <node id="436595118" visible="true" version="2" changeset="12532218" timestamp="2012-07-29T09:24:19Z" user="mjhc" uid="367541" lat="36.9096627" lon="127.1518582"/>
 <node id="436595119" visible="true" version="2" changeset="12532218" timestamp="2012-07-29T09:24:19Z" user="mjhc" uid="367541" lat="36.9097515" lon="127.1515953"/>
 <node id="436595120" visible="true" version="2" changeset="12532218" timestamp="2012-07-29T09:24:19Z" user="mjhc" uid="367541" lat="36.9101227" lon="127.1508829"/>
 <node id="436595121" visible="true" version="2" changeset="12532218" timestamp="2012-07-29T09:24:19Z" user="mjhc" uid="367541" lat="36.9102484" lon="127.1505917"/>
 <node id="436595122" visible="true" version="2" changeset="13480770" timestamp="2012-10-13T16:01:13Z" user="KLADESS" uid="632805" lat="36.9104327" lon="127.1479451"/>
 <node id="436595123" visible="true" version="2" changeset="8693088" timestamp="2011-07-11T11:55:11Z" user="mjhc" uid="367541" lat="36.9115813" lon="127.1449688"/>
 <node id="436595126" visible="true" version="2" changeset="12505906" timestamp="2012-07-27T00:57:34Z" user="mjhc" uid="367541" lat="36.9118822" lon="127.1386402"/>
 <node id="436595127" visible="true" version="4" changeset="12505906" timestamp="2012-07-27T00:57:35Z" user="mjhc" uid="367541" lat="36.9117113" lon="127.1355847">
  <tag k="highway" v="traffic_signals"/>
 </node>
 <node id="436595922" visible="true" version="2" changeset="12126745" timestamp="2012-07-06T06:15:47Z" user="mjhc" uid="367541" lat="36.9054066" lon="127.1667346"/>
 <node id="436595923" visible="true" version="1" changeset="1765971" timestamp="2009-07-07T20:34:32Z" user="cyana" uid="74529" lat="36.9056700" lon="127.1675500"/>
 <node id="436595924" visible="true" version="2" changeset="12126745" timestamp="2012-07-06T06:15:47Z" user="mjhc" uid="367541" lat="36.9058733" lon="127.1680347"/>
 <node id="436595925" visible="true" version="2" changeset="12126745" timestamp="2012-07-06T06:15:47Z" user="mjhc" uid="367541" lat="36.9065662" lon="127.1689918"/>
 <node id="436595927" visible="true" version="1" changeset="1765971" timestamp="2009-07-07T20:34:32Z" user="cyana" uid="74529" lat="36.9095100" lon="127.1729200"/>
 <node id="436595928" visible="true" version="1" changeset="1765971" timestamp="2009-07-07T20:34:32Z" user="cyana" uid="74529" lat="36.9096200" lon="127.1730500"/>
 <node id="436595929" visible="true" version="1" changeset="1765971" timestamp="2009-07-07T20:34:32Z" user="cyana" uid="74529" lat="36.9097200" lon="127.1731800"/>
 <node id="436595930" visible="true" version="1" changeset="1765971" timestamp="2009-07-07T20:34:32Z" user="cyana" uid="74529" lat="36.9098200" lon="127.1733200"/>
 <node id="436595931" visible="true" version="1" changeset="1765971" timestamp="2009-07-07T20:34:32Z" user="cyana" uid="74529" lat="36.9099000" lon="127.1735000"/>
 <node id="436595932" visible="true" version="1" changeset="1765971" timestamp="2009-07-07T20:34:32Z" user="cyana" uid="74529" lat="36.9099800" lon="127.1736100"/>
 <node id="436595933" visible="true" version="1" changeset="1765971" timestamp="2009-07-07T20:34:32Z" user="cyana" uid="74529" lat="36.9100500" lon="127.1737300"/>
 <node id="436595934" visible="true" version="1" changeset="1765971" timestamp="2009-07-07T20:34:32Z" user="cyana" uid="74529" lat="36.9101500" lon="127.1739100"/>
 <node id="436595935" visible="true" version="1" changeset="1765971" timestamp="2009-07-07T20:34:32Z" user="cyana" uid="74529" lat="36.9101900" lon="127.1740000"/>
 <node id="436595936" visible="true" version="1" changeset="1765971" timestamp="2009-07-07T20:34:32Z" user="cyana" uid="74529" lat="36.9103100" lon="127.1742700"/>
 <node id="436595938" visible="true" version="1" changeset="1765971" timestamp="2009-07-07T20:34:32Z" user="cyana" uid="74529" lat="36.9103800" lon="127.1744300"/>
 <node id="436595939" visible="true" version="1" changeset="1765971" timestamp="2009-07-07T20:34:32Z" user="cyana" uid="74529" lat="36.9104400" lon="127.1745900"/>
 <node id="436595940" visible="true" version="1" changeset="1765971" timestamp="2009-07-07T20:34:32Z" user="cyana" uid="74529" lat="36.9105100" lon="127.1747600"/>
 <node id="436595941" visible="true" version="2" changeset="186474077" timestamp="2026-07-27T18:00:40Z" user="aaei924" uid="10626814" lat="36.9105674" lon="127.1749439"/>
 <node id="436595942" visible="true" version="2" changeset="186474077" timestamp="2026-07-27T18:00:40Z" user="aaei924" uid="10626814" lat="36.9106151" lon="127.1751347"/>
 <node id="436595943" visible="true" version="2" changeset="186474077" timestamp="2026-07-27T18:00:40Z" user="aaei924" uid="10626814" lat="36.9106674" lon="127.1753655"/>
 <node id="436595944" visible="true" version="2" changeset="186474077" timestamp="2026-07-27T18:00:40Z" user="aaei924" uid="10626814" lat="36.9106932" lon="127.1755691"/>
 <node id="436595947" visible="true" version="2" changeset="186474077" timestamp="2026-07-27T18:00:40Z" user="aaei924" uid="10626814" lat="36.9107206" lon="127.1757986"/>
 <node id="436595948" visible="true" version="2" changeset="186474077" timestamp="2026-07-27T18:00:40Z" user="aaei924" uid="10626814" lat="36.9107221" lon="127.1760579"/>
 <node id="436595951" visible="true" version="2" changeset="186474077" timestamp="2026-07-27T18:00:40Z" user="aaei924" uid="10626814" lat="36.9106907" lon="127.1773490"/>
 <node id="436595952" visible="true" version="2" changeset="186474077" timestamp="2026-07-27T18:00:40Z" user="aaei924" uid="10626814" lat="36.9107035" lon="127.1775130"/>
 <node id="436595958" visible="true" version="2" changeset="186474077" timestamp="2026-07-27T18:00:40Z" user="aaei924" uid="10626814" lat="36.9107275" lon="127.1776624"/>
 <node id="436595960" visible="true" version="2" changeset="186474077" timestamp="2026-07-27T18:00:40Z" user="aaei924" uid="10626814" lat="36.9108335" lon="127.1780632"/>
 <node id="436595963" visible="true" version="2" changeset="186474077" timestamp="2026-07-27T18:00:40Z" user="aaei924" uid="10626814" lat="36.9109999" lon="127.1786976"/>
 <node id="436595965" visible="true" version="2" changeset="186474077" timestamp="2026-07-27T18:00:40Z" user="aaei924" uid="10626814" lat="36.9110518" lon="127.1788934"/>
 <node id="436595966" visible="true" version="2" changeset="186474077" timestamp="2026-07-27T18:00:40Z" user="aaei924" uid="10626814" lat="36.9110750" lon="127.1790110"/>
 <node id="436595967" visible="true" version="3" changeset="186474077" timestamp="2026-07-27T18:00:40Z" user="aaei924" uid="10626814" lat="36.9111264" lon="127.1795239"/>
 <node id="436595968" visible="true" version="2" changeset="186474077" timestamp="2026-07-27T18:00:40Z" user="aaei924" uid="10626814" lat="36.9110896" lon="127.1798738"/>
 <node id="436595970" visible="true" version="1" changeset="1765971" timestamp="2009-07-07T20:34:34Z" user="cyana" uid="74529" lat="36.9110000" lon="127.1802100"/>
 <node id="436595971" visible="true" version="1" changeset="1765971" timestamp="2009-07-07T20:34:34Z" user="cyana" uid="74529" lat="36.9109300" lon="127.1803900"/>
 <node id="436595972" visible="true" version="3" changeset="72712449" timestamp="2019-07-27T10:00:11Z" user="octel" uid="238290" lat="36.9108900" lon="127.1805100">
  <tag k="traffic_calming" v="bump"/>
 </node>
 <node id="436595973" visible="true" version="2" changeset="12126630" timestamp="2012-07-06T05:48:42Z" user="mjhc" uid="367541" lat="36.9108182" lon="127.1807412"/>
 <node id="436595990" visible="true" version="3" changeset="75183660" timestamp="2019-10-02T10:06:36Z" user="tlsdkxm" uid="5194197" lat="36.9135160" lon="127.1417303"/>
 <node id="436595991" visible="true" version="2" changeset="12505906" timestamp="2012-07-27T00:57:34Z" user="mjhc" uid="367541" lat="36.9146274" lon="127.1388286"/>
 <node id="436595992" visible="true" version="2" changeset="12505906" timestamp="2012-07-27T00:57:34Z" user="mjhc" uid="367541" lat="36.9147193" lon="127.1383675"/>
 <node id="436595993" visible="true" version="1" changeset="1765971" timestamp="2009-07-07T20:34:35Z" user="cyana" uid="74529" lat="36.9145600" lon="127.1361300"/>
 <node id="1357665211" visible="true" version="1" changeset="8693088" timestamp="2011-07-11T11:55:02Z" user="mjhc" uid="367541" lat="36.9076480" lon="127.1382929"/>
 <node id="1357665212" visible="true" version="1" changeset="8693088" timestamp="2011-07-11T11:55:02Z" user="mjhc" uid="367541" lat="36.9084780" lon="127.1385423"/>
 <node id="1357665213" visible="true" version="2" changeset="136637530" timestamp="2023-05-27T20:36:35Z" user="남서울대학교" uid="19406292" lat="36.9081793" lon="127.1458149"/>
 <node id="1357665214" visible="true" version="2" changeset="84943965" timestamp="2020-05-09T16:18:11Z" user="KLADESS" uid="632805" lat="36.9082802" lon="127.1471867"/>
 <node id="1357665215" visible="true" version="1" changeset="8693088" timestamp="2011-07-11T11:55:02Z" user="mjhc" uid="367541" lat="36.9093857" lon="127.1478143"/>
 <node id="1357665216" visible="true" version="1" changeset="8693088" timestamp="2011-07-11T11:55:02Z" user="mjhc" uid="367541" lat="36.9092568" lon="127.1402419"/>
 <node id="1357665217" visible="true" version="1" changeset="8693088" timestamp="2011-07-11T11:55:02Z" user="mjhc" uid="367541" lat="36.9077858" lon="127.1447646"/>
 <node id="1357665219" visible="true" version="1" changeset="8693088" timestamp="2011-07-11T11:55:02Z" user="mjhc" uid="367541" lat="36.9091274" lon="127.1396505"/>
 <node id="1357665220" visible="true" version="1" changeset="8693088" timestamp="2011-07-11T11:55:02Z" user="mjhc" uid="367541" lat="36.9063853" lon="127.1435898"/>
 <node id="1357665221" visible="true" version="2" changeset="136637217" timestamp="2023-05-27T20:24:59Z" user="남서울대학교" uid="19406292" lat="36.9112144" lon="127.1362415"/>
 <node id="1357665222" visible="true" version="1" changeset="8693088" timestamp="2011-07-11T11:55:02Z" user="mjhc" uid="367541" lat="36.9070866" lon="127.1450007"/>
 <node id="1357665223" visible="true" version="1" changeset="8693088" timestamp="2011-07-11T11:55:02Z" user="mjhc" uid="367541" lat="36.9100860" lon="127.1407444"/>
 <node id="1357665224" visible="true" version="1" changeset="8693088" timestamp="2011-07-11T11:55:02Z" user="mjhc" uid="367541" lat="36.9075254" lon="127.1381208"/>
 <node id="1357665225" visible="true" version="2" changeset="136637530" timestamp="2023-05-27T20:36:35Z" user="남서울대학교" uid="19406292" lat="36.9081812" lon="127.1459940"/>
 <node id="1357665228" visible="true" version="1" changeset="8693088" timestamp="2011-07-11T11:55:02Z" user="mjhc" uid="367541" lat="36.9088616" lon="127.1393192"/>
 <node id="1357665230" visible="true" version="1" changeset="8693088" timestamp="2011-07-11T11:55:02Z" user="mjhc" uid="367541" lat="36.9070063" lon="127.1421482"/>
 <node id="1357665232" visible="true" version="1" changeset="8693088" timestamp="2011-07-11T11:55:02Z" user="mjhc" uid="367541" lat="36.9069386" lon="127.1449390"/>
 <node id="1357665234" visible="true" version="1" changeset="8693088" timestamp="2011-07-11T11:55:03Z" user="mjhc" uid="367541" lat="36.9115594" lon="127.1436073"/>
 <node id="1357665236" visible="true" version="1" changeset="8693088" timestamp="2011-07-11T11:55:03Z" user="mjhc" uid="367541" lat="36.9110692" lon="127.1448961"/>
 <node id="1357665237" visible="true" version="1" changeset="8693088" timestamp="2011-07-11T11:55:03Z" user="mjhc" uid="367541" lat="36.9093821" lon="127.1406407"/>
 <node id="1357665238" visible="true" version="2" changeset="136637217" timestamp="2023-05-27T20:24:59Z" user="남서울대학교" uid="19406292" lat="36.9069822" lon="127.1408623"/>
 <node id="1357665243" visible="true" version="1" changeset="8693088" timestamp="2011-07-11T11:55:03Z" user="mjhc" uid="367541" lat="36.9090812" lon="127.1478921"/>
 <node id="1357665246" visible="true" version="1" changeset="8693088" timestamp="2011-07-11T11:55:03Z" user="mjhc" uid="367541" lat="36.9076021" lon="127.1377725"/>
 <node id="1357665248" visible="true" version="1" changeset="8693088" timestamp="2011-07-11T11:55:03Z" user="mjhc" uid="367541" lat="36.9091569" lon="127.1398697"/>
 <node id="1357665250" visible="true" version="1" changeset="8693088" timestamp="2011-07-11T11:55:03Z" user="mjhc" uid="367541" lat="36.9075576" lon="127.1378522"/>
 <node id="1357665251" visible="true" version="2" changeset="129259088" timestamp="2022-11-23T01:00:13Z" user="user_17703046" uid="17703046" lat="36.9115267" lon="127.1445190"/>
 <node id="1357665254" visible="true" version="2" changeset="136637530" timestamp="2023-05-27T20:36:35Z" user="남서울대학교" uid="19406292" lat="36.9083090" lon="127.1457836"/>
 <node id="1357665255" visible="true" version="1" changeset="8693088" timestamp="2011-07-11T11:55:04Z" user="mjhc" uid="367541" lat="36.9103884" lon="127.1471961"/>
 <node id="1357665257" visible="true" version="1" changeset="8693088" timestamp="2011-07-11T11:55:04Z" user="mjhc" uid="367541" lat="36.9115282" lon="127.1441129"/>
 <node id="1357665261" visible="true" version="1" changeset="8693088" timestamp="2011-07-11T11:55:04Z" user="mjhc" uid="367541" lat="36.9070973" lon="127.1418947"/>
 <node id="1357665262" visible="true" version="1" changeset="8693088" timestamp="2011-07-11T11:55:04Z" user="mjhc" uid="367541" lat="36.9091516" lon="127.1395048"/>
 <node id="1357665263" visible="true" version="1" changeset="8693088" timestamp="2011-07-11T11:55:04Z" user="mjhc" uid="367541" lat="36.9076944" lon="127.1377425"/>
 <node id="1357665264" visible="true" version="1" changeset="8693088" timestamp="2011-07-11T11:55:04Z" user="mjhc" uid="367541" lat="36.9089739" lon="127.1478626"/>
 <node id="1357665268" visible="true" version="2" changeset="136637530" timestamp="2023-05-27T20:36:35Z" user="남서울대학교" uid="19406292" lat="36.9080312" lon="127.1453930"/>
 <node id="1357665270" visible="true" version="1" changeset="8693088" timestamp="2011-07-11T11:55:04Z" user="mjhc" uid="367541" lat="36.9097818" lon="127.1410345"/>
 <node id="1357665273" visible="true" version="1" changeset="8693088" timestamp="2011-07-11T11:55:04Z" user="mjhc" uid="367541" lat="36.9072174" lon="127.1417257"/>
 <node id="1357665275" visible="true" version="1" changeset="8693088" timestamp="2011-07-11T11:55:04Z" user="mjhc" uid="367541" lat="36.9104795" lon="127.1391869"/>
 <node id="1357665278" visible="true" version="1" changeset="8693088" timestamp="2011-07-11T11:55:05Z" user="mjhc" uid="367541" lat="36.9095087" lon="127.1408329"/>
 <node id="1357665279" visible="true" version="1" changeset="8693088" timestamp="2011-07-11T11:55:05Z" user="mjhc" uid="367541" lat="36.9105238" lon="127.1392315"/>
 <node id="1357665283" visible="true" version="2" changeset="136637530" timestamp="2023-05-27T20:36:35Z" user="남서울대학교" uid="19406292" lat="36.9078243" lon="127.1465170"/>
 <node id="1357665285" visible="true" version="1" changeset="8693088" timestamp="2011-07-11T11:55:05Z" user="mjhc" uid="367541" lat="36.9087063" lon="127.1388185"/>
 <node id="1357665286" visible="true" version="1" changeset="8693088" timestamp="2011-07-11T11:55:05Z" user="mjhc" uid="367541" lat="36.9086324" lon="127.1386291"/>
 <node id="1357665294" visible="true" version="1" changeset="8693088" timestamp="2011-07-11T11:55:06Z" user="mjhc" uid="367541" lat="36.9110928" lon="127.1457624"/>
 <node id="1357665296" visible="true" version="1" changeset="8693088" timestamp="2011-07-11T11:55:06Z" user="mjhc" uid="367541" lat="36.9068035" lon="127.1423453"/>
 <node id="1357665300" visible="true" version="1" changeset="8693088" timestamp="2011-07-11T11:55:06Z" user="mjhc" uid="367541" lat="36.9075799" lon="127.1448827"/>
 <node id="1357665302" visible="true" version="2" changeset="136637530" timestamp="2023-05-27T20:36:35Z" user="남서울대학교" uid="19406292" lat="36.9081556" lon="127.1463942"/>
 <node id="1357665311" visible="true" version="1" changeset="8693088" timestamp="2011-07-11T11:55:06Z" user="mjhc" uid="367541" lat="36.9072775" lon="127.1450060"/>
 <node id="1357665314" visible="true" version="1" changeset="8693088" timestamp="2011-07-11T11:55:06Z" user="mjhc" uid="367541" lat="36.9107733" lon="127.1467092"/>
 <node id="1357665316" visible="true" version="1" changeset="8693088" timestamp="2011-07-11T11:55:06Z" user="mjhc" uid="367541" lat="36.9106313" lon="127.1391478"/>
 <node id="1357665324" visible="true" version="1" changeset="8693088" timestamp="2011-07-11T11:55:07Z" user="mjhc" uid="367541" lat="36.9105668" lon="127.1392076"/>
 <node id="1357665327" visible="true" version="1" changeset="8693088" timestamp="2011-07-11T11:55:07Z" user="mjhc" uid="367541" lat="36.9098611" lon="127.1411150"/>
 <node id="1357665329" visible="true" version="2" changeset="136637530" timestamp="2023-05-27T20:36:35Z" user="남서울대학교" uid="19406292" lat="36.9083253" lon="127.1459048"/>
 <node id="1357665330" visible="true" version="1" changeset="8693088" timestamp="2011-07-11T11:55:07Z" user="mjhc" uid="367541" lat="36.9111014" lon="127.1452635"/>
 <node id="1357665332" visible="true" version="1" changeset="8693088" timestamp="2011-07-11T11:55:07Z" user="mjhc" uid="367541" lat="36.9112816" lon="127.1430990"/>
 <node id="1357665334" visible="true" version="1" changeset="8693088" timestamp="2011-07-11T11:55:07Z" user="mjhc" uid="367541" lat="36.9066641" lon="127.1445957"/>
 <node id="1357665340" visible="true" version="1" changeset="8693088" timestamp="2011-07-11T11:55:07Z" user="mjhc" uid="367541" lat="36.9083033" lon="127.1385187"/>
 <node id="1357665344" visible="true" version="1" changeset="8693088" timestamp="2011-07-11T11:55:08Z" user="mjhc" uid="367541" lat="36.9076886" lon="127.1382926"/>
 <node id="1357665345" visible="true" version="1" changeset="8693088" timestamp="2011-07-11T11:55:08Z" user="mjhc" uid="367541" lat="36.9104343" lon="127.1391596"/>
 <node id="1357665347" visible="true" version="1" changeset="8693088" timestamp="2011-07-11T11:55:08Z" user="mjhc" uid="367541" lat="36.9103778" lon="127.1391511"/>
 <node id="1357665349" visible="true" version="1" changeset="8693088" timestamp="2011-07-11T11:55:08Z" user="mjhc" uid="367541" lat="36.9106232" lon="127.1468246"/>
 <node id="1357665350" visible="true" version="2" changeset="136637217" timestamp="2023-05-27T20:24:59Z" user="남서울대학교" uid="19406292" lat="36.9063595" lon="127.1379648"/>
 <node id="1357665351" visible="true" version="1" changeset="8693088" timestamp="2011-07-11T11:55:08Z" user="mjhc" uid="367541" lat="36.9103354" lon="127.1391838"/>
 <node id="1357665352" visible="true" version="2" changeset="129259088" timestamp="2022-11-23T01:00:13Z" user="user_17703046" uid="17703046" lat="36.9113245" lon="127.1446440"/>
 <node id="1357665355" visible="true" version="2" changeset="136637530" timestamp="2023-05-27T20:36:35Z" user="남서울대학교" uid="19406292" lat="36.9080799" lon="127.1457528"/>
 <node id="1357665358" visible="true" version="2" changeset="13480770" timestamp="2012-10-13T16:01:13Z" user="KLADESS" uid="632805" lat="36.9113503" lon="127.1459572"/>
 <node id="1357665362" visible="true" version="1" changeset="8693088" timestamp="2011-07-11T11:55:08Z" user="mjhc" uid="367541" lat="36.9103815" lon="127.1397087"/>
 <node id="1357665365" visible="true" version="1" changeset="8693088" timestamp="2011-07-11T11:55:09Z" user="mjhc" uid="367541" lat="36.9110650" lon="127.1461513"/>
 <node id="1357665366" visible="true" version="2" changeset="136637217" timestamp="2023-05-27T20:24:59Z" user="남서울대학교" uid="19406292" lat="36.9114077" lon="127.1357076"/>
 <node id="1357665368" visible="true" version="1" changeset="8693088" timestamp="2011-07-11T11:55:09Z" user="mjhc" uid="367541" lat="36.9111765" lon="127.1434128"/>
 <node id="1357665370" visible="true" version="1" changeset="8693088" timestamp="2011-07-11T11:55:09Z" user="mjhc" uid="367541" lat="36.9106789" lon="127.1467575"/>
 <node id="1357665373" visible="true" version="1" changeset="8693088" timestamp="2011-07-11T11:55:09Z" user="mjhc" uid="367541" lat="36.9104724" lon="127.1380222"/>
 <node id="1357665375" visible="true" version="1" changeset="8693088" timestamp="2011-07-11T11:55:09Z" user="mjhc" uid="367541" lat="36.9067885" lon="127.1447915"/>
 <node id="1357665377" visible="true" version="1" changeset="8693088" timestamp="2011-07-11T11:55:09Z" user="mjhc" uid="367541" lat="36.9085878" lon="127.1386011"/>
 <node id="1357665379" visible="true" version="1" changeset="8693088" timestamp="2011-07-11T11:55:09Z" user="mjhc" uid="367541" lat="36.9096431" lon="127.1476909"/>
 <node id="1357665383" visible="true" version="1" changeset="8693088" timestamp="2011-07-11T11:55:09Z" user="mjhc" uid="367541" lat="36.9092206" lon="127.1478706"/>
 <node id="1357665388" visible="true" version="1" changeset="8693088" timestamp="2011-07-11T11:55:09Z" user="mjhc" uid="367541" lat="36.9100677" lon="127.1474442"/>
 <node id="1357665389" visible="true" version="1" changeset="8693088" timestamp="2011-07-11T11:55:09Z" user="mjhc" uid="367541" lat="36.9078241" lon="127.1384459"/>
 <node id="1357665391" visible="true" version="1" changeset="8693088" timestamp="2011-07-11T11:55:09Z" user="mjhc" uid="367541" lat="36.9075195" lon="127.1379764"/>
 <node id="1814538182" visible="true" version="2" changeset="131338255" timestamp="2023-01-16T13:24:33Z" user="tlsdkxm" uid="5194197" lat="36.9058020" lon="127.1679216">
  <tag k="junction" v="yes"/>
  <tag k="name" v="구직산삼거리"/>
  <tag k="name:ko" v="구직산삼거리"/>
 </node>
 <node id="1839353506" visible="true" version="3" changeset="84947469" timestamp="2020-05-09T18:22:56Z" user="KLADESS" uid="632805" lat="36.9086220" lon="127.1426732"/>
 <node id="1839353508" visible="true" version="2" changeset="84947469" timestamp="2020-05-09T18:22:56Z" user="KLADESS" uid="632805" lat="36.9109112" lon="127.1446235"/>
 <node id="1839353510" visible="true" version="1" changeset="12505906" timestamp="2012-07-27T00:57:24Z" user="mjhc" uid="367541" lat="36.9117853" lon="127.1370031"/>
 <node id="1839353511" visible="true" version="2" changeset="138021658" timestamp="2023-07-02T12:28:27Z" user="leeq1no1" uid="17578981" lat="36.9087423" lon="127.1405070"/>
 <node id="1839353512" visible="true" version="1" changeset="12505906" timestamp="2012-07-27T00:57:24Z" user="mjhc" uid="367541" lat="36.9089004" lon="127.1418154"/>
 <node id="1839353513" visible="true" version="2" changeset="84947469" timestamp="2020-05-09T18:22:56Z" user="KLADESS" uid="632805" lat="36.9109931" lon="127.1453653"/>
 <node id="1839353514" visible="true" version="3" changeset="84947469" timestamp="2020-05-09T18:22:56Z" user="KLADESS" uid="632805" lat="36.9103462" lon="127.1458346"/>
 <node id="1839353515" visible="true" version="1" changeset="12505906" timestamp="2012-07-27T00:57:24Z" user="mjhc" uid="367541" lat="36.9116787" lon="127.1431435">
  <tag k="highway" v="crossing"/>
 </node>
 <node id="1839353516" visible="true" version="2" changeset="84947469" timestamp="2020-05-09T18:22:56Z" user="KLADESS" uid="632805" lat="36.9101958" lon="127.1427515"/>
 <node id="1839353517" visible="true" version="3" changeset="84947469" timestamp="2020-05-09T18:22:56Z" user="KLADESS" uid="632805" lat="36.9085849" lon="127.1429587"/>
 <node id="1839353519" visible="true" version="3" changeset="84947469" timestamp="2020-05-09T18:22:56Z" user="KLADESS" uid="632805" lat="36.9086550" lon="127.1426822"/>
 <node id="1839353522" visible="true" version="2" changeset="148380470" timestamp="2024-03-08T11:47:52Z" user="tlsdkxm" uid="5194197" lat="36.9107520" lon="127.1421110"/>
 <node id="1839353524" visible="true" version="2" changeset="84947469" timestamp="2020-05-09T18:22:56Z" user="KLADESS" uid="632805" lat="36.9110001" lon="127.1452480"/>
 <node id="1839353525" visible="true" version="1" changeset="12505906" timestamp="2012-07-27T00:57:25Z" user="mjhc" uid="367541" lat="36.9104167" lon="127.1426817"/>
 <node id="1839353526" visible="true" version="1" changeset="12505906" timestamp="2012-07-27T00:57:25Z" user="mjhc" uid="367541" lat="36.9097991" lon="127.1418449"/>
 <node id="1839353527" visible="true" version="2" changeset="189568394" timestamp="2026-09-26T02:13:42Z" user="Arthur Piereck" uid="21922280" lat="36.9145395" lon="127.1364928"/>
 <node id="1839353530" visible="true" version="3" changeset="84947469" timestamp="2020-05-09T18:22:56Z" user="KLADESS" uid="632805" lat="36.9085174" lon="127.1427377"/>
 <node id="1839353531" visible="true" version="2" changeset="148380470" timestamp="2024-03-08T11:47:52Z" user="tlsdkxm" uid="5194197" lat="36.9106894" lon="127.1418809"/>
 <node id="1839353533" visible="true" version="3" changeset="84947469" timestamp="2020-05-09T18:22:56Z" user="KLADESS" uid="632805" lat="36.9085004" lon="127.1427884"/>
 <node id="1839353534" visible="true" version="1" changeset="12505906" timestamp="2012-07-27T00:57:25Z" user="mjhc" uid="367541" lat="36.9129066" lon="127.1430412"/>
 <node id="1839353536" visible="true" version="2" changeset="148380470" timestamp="2024-03-08T11:47:52Z" user="tlsdkxm" uid="5194197" lat="36.9106621" lon="127.1427833"/>
 <node id="1839353537" visible="true" version="1" changeset="12505906" timestamp="2012-07-27T00:57:25Z" user="mjhc" uid="367541" lat="36.9096211" lon="127.1416115"/>
 <node id="1839353538" visible="true" version="2" changeset="84947469" timestamp="2020-05-09T18:22:56Z" user="KLADESS" uid="632805" lat="36.9116664" lon="127.1435094">
  <tag k="highway" v="traffic_signals"/>
 </node>
 <node id="1839353539" visible="true" version="1" changeset="12505906" timestamp="2012-07-27T00:57:25Z" user="mjhc" uid="367541" lat="36.9100843" lon="127.1420112"/>
 <node id="1839353542" visible="true" version="1" changeset="12505906" timestamp="2012-07-27T00:57:25Z" user="mjhc" uid="367541" lat="36.9105175" lon="127.1419119"/>
 <node id="1839353543" visible="true" version="2" changeset="84947469" timestamp="2020-05-09T18:22:56Z" user="KLADESS" uid="632805" lat="36.9108183" lon="127.1456718"/>
 <node id="1839353544" visible="true" version="2" changeset="84947469" timestamp="2020-05-09T18:22:56Z" user="KLADESS" uid="632805" lat="36.9092328" lon="127.1426523"/>
 <node id="1839353546" visible="true" version="1" changeset="12505906" timestamp="2012-07-27T00:57:25Z" user="mjhc" uid="367541" lat="36.9102859" lon="127.1428829"/>
 <node id="1839353550" visible="true" version="1" changeset="12505906" timestamp="2012-07-27T00:57:26Z" user="mjhc" uid="367541" lat="36.9118750" lon="127.1400191"/>
 <node id="1839353551" visible="true" version="1" changeset="12505906" timestamp="2012-07-27T00:57:26Z" user="mjhc" uid="367541" lat="36.9124157" lon="127.1434345"/>
 <node id="1839353552" visible="true" version="1" changeset="12505906" timestamp="2012-07-27T00:57:26Z" user="mjhc" uid="367541" lat="36.9098548" lon="127.1425235"/>
 <node id="1839353553" visible="true" version="2" changeset="84947469" timestamp="2020-05-09T18:22:56Z" user="KLADESS" uid="632805" lat="36.9090913" lon="127.1461612"/>
 <node id="1839353555" visible="true" version="2" changeset="148380470" timestamp="2024-03-08T11:47:52Z" user="tlsdkxm" uid="5194197" lat="36.9107693" lon="127.1418291"/>
 <node id="1839353556" visible="true" version="1" changeset="12505906" timestamp="2012-07-27T00:57:26Z" user="mjhc" uid="367541" lat="36.9111309" lon="127.1432826"/>
 <node id="1839353562" visible="true" version="1" changeset="12505906" timestamp="2012-07-27T00:57:26Z" user="mjhc" uid="367541" lat="36.9093980" lon="127.1411824"/>
 <node id="1839353563" visible="true" version="1" changeset="12505906" timestamp="2012-07-27T00:57:26Z" user="mjhc" uid="367541" lat="36.9093723" lon="127.1423384"/>
 <node id="1839353565" visible="true" version="1" changeset="12505906" timestamp="2012-07-27T00:57:26Z" user="mjhc" uid="367541" lat="36.9119051" lon="127.1439263"/>
 <node id="1839353566" visible="true" version="1" changeset="12505906" timestamp="2012-07-27T00:57:26Z" user="mjhc" uid="367541" lat="36.9117577" lon="127.1442094"/>
 <node id="1839353567" visible="true" version="3" changeset="84947469" timestamp="2020-05-09T18:22:56Z" user="KLADESS" uid="632805" lat="36.9084997" lon="127.1428434"/>
 <node id="1839353568" visible="true" version="1" changeset="12505906" timestamp="2012-07-27T00:57:26Z" user="mjhc" uid="367541" lat="36.9102580" lon="127.1419871"/>
 <node id="1839353571" visible="true" version="1" changeset="12505906" timestamp="2012-07-27T00:57:26Z" user="mjhc" uid="367541" lat="36.9088747" lon="127.1417161"/>
 <node id="1839353572" visible="true" version="1" changeset="12505906" timestamp="2012-07-27T00:57:26Z" user="mjhc" uid="367541" lat="36.9101722" lon="127.1420031"/>
 <node id="1839353573" visible="true" version="1" changeset="12505906" timestamp="2012-07-27T00:57:26Z" user="mjhc" uid="367541" lat="36.9095010" lon="127.1424108"/>
 <node id="1839353575" visible="true" version="1" changeset="12505906" timestamp="2012-07-27T00:57:26Z" user="mjhc" uid="367541" lat="36.9118257" lon="127.1440550"/>
 <node id="1839353576" visible="true" version="1" changeset="12505906" timestamp="2012-07-27T00:57:27Z" user="mjhc" uid="367541" lat="36.9099084" lon="127.1419388"/>
 <node id="1839353577" visible="true" version="2" changeset="84947469" timestamp="2020-05-09T18:22:56Z" user="KLADESS" uid="632805" lat="36.9087490" lon="127.1437758"/>
 <node id="1839353579" visible="true" version="1" changeset="12505906" timestamp="2012-07-27T00:57:27Z" user="mjhc" uid="367541" lat="36.9092822" lon="127.1427595"/>
 <node id="1839353580" visible="true" version="2" changeset="84947469" timestamp="2020-05-09T18:22:56Z" user="KLADESS" uid="632805" lat="36.9088247" lon="127.1443037"/>
 <node id="1839353581" visible="true" version="3" changeset="84947469" timestamp="2020-05-09T18:22:56Z" user="KLADESS" uid="632805" lat="36.9087222" lon="127.1427652"/>
 <node id="1839353583" visible="true" version="1" changeset="12505906" timestamp="2012-07-27T00:57:27Z" user="mjhc" uid="367541" lat="36.9145669" lon="127.1368388"/>
 <node id="1839353587" visible="true" version="1" changeset="12505906" timestamp="2012-07-27T00:57:27Z" user="mjhc" uid="367541" lat="36.9095181" lon="127.1427568"/>
 <node id="1839353588" visible="true" version="1" changeset="12505906" timestamp="2012-07-27T00:57:27Z" user="mjhc" uid="367541" lat="36.9100071" lon="127.1419924"/>
 <node id="1839353589" visible="true" version="3" changeset="84947469" timestamp="2020-05-09T18:22:56Z" user="KLADESS" uid="632805" lat="36.9087291" lon="127.1428381"/>
 <node id="1839353593" visible="true" version="2" changeset="172666840" timestamp="2025-09-30T15:39:22Z" user="tlsdkxm" uid="5194197" lat="36.9120002" lon="127.1438282"/>
 <node id="1839353603" visible="true" version="2" changeset="84947469" timestamp="2020-05-09T18:22:56Z" user="KLADESS" uid="632805" lat="36.9095438" lon="127.1426362"/>
 <node id="1839353605" visible="true" version="2" changeset="84947469" timestamp="2020-05-09T18:22:56Z" user="KLADESS" uid="632805" lat="36.9114650" lon="127.1433417"/>
 <node id="1839353606" visible="true" version="1" changeset="12505906" timestamp="2012-07-27T00:57:27Z" user="mjhc" uid="367541" lat="36.9087632" lon="127.1428319"/>
 <node id="1839353609" visible="true" version="3" changeset="84947469" timestamp="2020-05-09T18:22:56Z" user="KLADESS" uid="632805" lat="36.9086288" lon="127.1429621"/>
 <node id="1839353611" visible="true" version="1" changeset="12505906" timestamp="2012-07-27T00:57:27Z" user="mjhc" uid="367541" lat="36.9092179" lon="127.1422043"/>
 <node id="1839353612" visible="true" version="2" changeset="188532140" timestamp="2026-09-04T15:42:54Z" user="tlsdkxm" uid="5194197" lat="36.9090819" lon="127.1463698"/>
 <node id="1839353613" visible="true" version="2" changeset="84947469" timestamp="2020-05-09T18:22:56Z" user="KLADESS" uid="632805" lat="36.9099062" lon="127.1426684"/>
 <node id="1839353614" visible="true" version="2" changeset="84947469" timestamp="2020-05-09T18:22:56Z" user="KLADESS" uid="632805" lat="36.9108125" lon="127.1431255"/>
 <node id="1839353615" visible="true" version="2" changeset="84947469" timestamp="2020-05-09T18:22:56Z" user="KLADESS" uid="632805" lat="36.9104403" lon="127.1428481"/>
 <node id="1839353617" visible="true" version="2" changeset="84947469" timestamp="2020-05-09T18:22:56Z" user="KLADESS" uid="632805" lat="36.9107985" lon="127.1438653"/>
 <node id="1839353618" visible="true" version="2" changeset="84947469" timestamp="2020-05-09T18:22:56Z" user="KLADESS" uid="632805" lat="36.9108950" lon="127.1455792"/>
 <node id="1839353620" visible="true" version="2" changeset="173376550" timestamp="2025-10-16T17:10:33Z" user="tlsdkxm" uid="5194197" lat="36.9126262" lon="127.1432809">
  <tag k="traffic_calming" v="hump"/>
 </node>
 <node id="1839353628" visible="true" version="1" changeset="12505906" timestamp="2012-07-27T00:57:28Z" user="mjhc" uid="367541" lat="36.9119039" lon="127.1394544"/>
 <node id="1839353629" visible="true" version="1" changeset="12505906" timestamp="2012-07-27T00:57:28Z" user="mjhc" uid="367541" lat="36.9117041" lon="127.1443435"/>
 <node id="1839353630" visible="true" version="2" changeset="84947469" timestamp="2020-05-09T18:22:56Z" user="KLADESS" uid="632805" lat="36.9089840" lon="127.1426844"/>
 <node id="1839353633" visible="true" version="1" changeset="12505906" timestamp="2012-07-27T00:57:28Z" user="mjhc" uid="367541" lat="36.9136853" lon="127.1410853"/>
 <node id="1839353634" visible="true" version="2" changeset="75183660" timestamp="2019-10-02T10:06:36Z" user="tlsdkxm" uid="5194197" lat="36.9132111" lon="127.1426363"/>
 <node id="1839353637" visible="true" version="2" changeset="84947469" timestamp="2020-05-09T18:22:56Z" user="KLADESS" uid="632805" lat="36.9109561" lon="127.1454833"/>
 <node id="1839353640" visible="true" version="2" changeset="84947469" timestamp="2020-05-09T18:22:56Z" user="KLADESS" uid="632805" lat="36.9107248" lon="127.1429775"/>
 <node id="1839353642" visible="true" version="1" changeset="12505906" timestamp="2012-07-27T00:57:28Z" user="mjhc" uid="367541" lat="36.9104081" lon="127.1429339"/>
 <node id="1839353644" visible="true" version="1" changeset="12505906" timestamp="2012-07-27T00:57:29Z" user="mjhc" uid="367541" lat="36.9090827" lon="127.1420434"/>
 <node id="1839353646" visible="true" version="1" changeset="12505906" timestamp="2012-07-27T00:57:29Z" user="mjhc" uid="367541" lat="36.9145986" lon="127.1357774"/>
 <node id="1839353647" visible="true" version="3" changeset="84947469" timestamp="2020-05-09T18:22:56Z" user="KLADESS" uid="632805" lat="36.9085452" lon="127.1429350"/>
 <node id="1839353652" visible="true" version="1" changeset="12505906" timestamp="2012-07-27T00:57:29Z" user="mjhc" uid="367541" lat="36.9099084" lon="127.1427837"/>
 <node id="1839353653" visible="true" version="1" changeset="12505906" timestamp="2012-07-27T00:57:29Z" user="mjhc" uid="367541" lat="36.9116113" lon="127.1446344"/>
 <node id="1839353654" visible="true" version="1" changeset="12505906" timestamp="2012-07-27T00:57:29Z" user="mjhc" uid="367541" lat="36.9147181" lon="127.1375876"/>
 <node id="1839353656" visible="true" version="3" changeset="84947469" timestamp="2020-05-09T18:22:56Z" user="KLADESS" uid="632805" lat="36.9087294" lon="127.1428011"/>
 <node id="1839353660" visible="true" version="1" changeset="12505906" timestamp="2012-07-27T00:57:29Z" user="mjhc" uid="367541" lat="36.9089927" lon="127.1427944"/>
 <node id="1839353661" visible="true" version="1" changeset="12505906" timestamp="2012-07-27T00:57:29Z" user="mjhc" uid="367541" lat="36.9116462" lon="127.1437802"/>
 <node id="1839353663" visible="true" version="3" changeset="84947469" timestamp="2020-05-09T18:22:56Z" user="KLADESS" uid="632805" lat="36.9087058" lon="127.1429072"/>
 <node id="1839353664" visible="true" version="2" changeset="138021658" timestamp="2023-07-02T12:28:27Z" user="leeq1no1" uid="17578981" lat="36.9090599" lon="127.1403130"/>
 <node id="1839353666" visible="true" version="3" changeset="84947469" timestamp="2020-05-09T18:22:56Z" user="KLADESS" uid="632805" lat="36.9085482" lon="127.1426985"/>
 <node id="1839353669" visible="true" version="1" changeset="12505906" timestamp="2012-07-27T00:57:30Z" user="mjhc" uid="367541" lat="36.9097176" lon="127.1427622"/>
 <node id="1839353672" visible="true" version="1" changeset="12505906" timestamp="2012-07-27T00:57:30Z" user="mjhc" uid="367541" lat="36.9147366" lon="127.1379472"/>
 <node id="1839353673" visible="true" version="3" changeset="84947469" timestamp="2020-05-09T18:22:56Z" user="KLADESS" uid="632805" lat="36.9085154" lon="127.1428947"/>
 <node id="1839353674" visible="true" version="1" changeset="12505906" timestamp="2012-07-27T00:57:30Z" user="mjhc" uid="367541" lat="36.9114375" lon="127.1434301"/>
 <node id="1839353675" visible="true" version="3" changeset="84947469" timestamp="2020-05-09T18:22:56Z" user="KLADESS" uid="632805" lat="36.9086580" lon="127.1429525"/>
 <node id="1839353676" visible="true" version="2" changeset="84947469" timestamp="2020-05-09T18:22:56Z" user="KLADESS" uid="632805" lat="36.9107132" lon="127.1457193"/>
 <node id="1839353677" visible="true" version="3" changeset="188532140" timestamp="2026-09-04T15:42:54Z" user="tlsdkxm" uid="5194197" lat="36.9090563" lon="127.1465998"/>
 <node id="1839353678" visible="true" version="1" changeset="12505906" timestamp="2012-07-27T00:57:30Z" user="mjhc" uid="367541" lat="36.9101229" lon="127.1428293"/>
 <node id="1839353679" visible="true" version="1" changeset="12505906" timestamp="2012-07-27T00:57:30Z" user="mjhc" uid="367541" lat="36.9143863" lon="127.1394062"/>
 <node id="1839353683" visible="true" version="1" changeset="12505906" timestamp="2012-07-27T00:57:30Z" user="mjhc" uid="367541" lat="36.9118051" lon="127.1412850"/>
 <node id="1839353684" visible="true" version="2" changeset="84947469" timestamp="2020-05-09T18:22:56Z" user="KLADESS" uid="632805" lat="36.9100049" lon="127.1426921"/>
 <node id="1839353686" visible="true" version="3" changeset="84947469" timestamp="2020-05-09T18:22:56Z" user="KLADESS" uid="632805" lat="36.9087080" lon="127.1427328"/>
 <node id="1839353687" visible="true" version="2" changeset="84947469" timestamp="2020-05-09T18:22:56Z" user="KLADESS" uid="632805" lat="36.9079268" lon="127.1445032"/>
 <node id="1839353688" visible="true" version="1" changeset="12505906" timestamp="2012-07-27T00:57:30Z" user="mjhc" uid="367541" lat="36.9094409" lon="127.1427568"/>
 <node id="1839353689" visible="true" version="2" changeset="84947469" timestamp="2020-05-09T18:22:56Z" user="KLADESS" uid="632805" lat="36.9078488" lon="127.1439758"/>
 <node id="1839353691" visible="true" version="2" changeset="172666840" timestamp="2025-09-30T15:39:22Z" user="tlsdkxm" uid="5194197" lat="36.9117840" lon="127.1436144"/>
 <node id="1839450275" visible="true" version="1" changeset="12506889" timestamp="2012-07-27T05:23:40Z" user="mjhc" uid="367541" lat="36.9116140" lon="127.1402316"/>
 <node id="1839450282" visible="true" version="2" changeset="189610625" timestamp="2026-09-27T01:50:06Z" user="Arthur Piereck" uid="21922280" lat="36.9117974" lon="127.1371857"/>
 <node id="1839450284" visible="true" version="1" changeset="12506889" timestamp="2012-07-27T05:23:40Z" user="mjhc" uid="367541" lat="36.9105507" lon="127.1398463"/>
 <node id="1839450286" visible="true" version="1" changeset="12506889" timestamp="2012-07-27T05:23:40Z" user="mjhc" uid="367541" lat="36.9105610" lon="127.1399446"/>
 <node id="1839450287" visible="true" version="1" changeset="12506889" timestamp="2012-07-27T05:23:40Z" user="mjhc" uid="367541" lat="36.9145906" lon="127.1358501"/>
 <node id="1839450289" visible="true" version="2" changeset="136637731" timestamp="2023-05-27T20:46:07Z" user="남서울대학교" uid="19406292" lat="36.9109381" lon="127.1397591"/>
 <node id="1839450290" visible="true" version="1" changeset="12506889" timestamp="2012-07-27T05:23:40Z" user="mjhc" uid="367541" lat="36.9146351" lon="127.1354446">
  <tag k="highway" v="crossing"/>
 </node>
 <node id="1839450293" visible="true" version="1" changeset="12506889" timestamp="2012-07-27T05:23:40Z" user="mjhc" uid="367541" lat="36.9117158" lon="127.1356704">
  <tag k="highway" v="crossing"/>
 </node>
 <node id="1839450295" visible="true" version="1" changeset="12506889" timestamp="2012-07-27T05:23:40Z" user="mjhc" uid="367541" lat="36.9108913" lon="127.1397435"/>
 <node id="1839450300" visible="true" version="1" changeset="12506889" timestamp="2012-07-27T05:23:40Z" user="mjhc" uid="367541" lat="36.9105718" lon="127.1397837"/>
 <node id="1839450301" visible="true" version="1" changeset="12506889" timestamp="2012-07-27T05:23:40Z" user="mjhc" uid="367541" lat="36.9113078" lon="127.1400421"/>
 <node id="1839450323" visible="true" version="1" changeset="12506889" timestamp="2012-07-27T05:23:41Z" user="mjhc" uid="367541" lat="36.9117264" lon="127.1358738"/>
 <node id="1839450326" visible="true" version="1" changeset="12506889" timestamp="2012-07-27T05:23:41Z" user="mjhc" uid="367541" lat="36.9115223" lon="127.1402031"/>
 <node id="1839450328" visible="true" version="2" changeset="136637731" timestamp="2023-05-27T20:46:07Z" user="남서울대학교" uid="19406292" lat="36.9116055" lon="127.1394382"/>
 <node id="1839450333" visible="true" version="1" changeset="12506889" timestamp="2012-07-27T05:23:42Z" user="mjhc" uid="367541" lat="36.9110757" lon="127.1407842"/>
 <node id="1839450347" visible="true" version="2" changeset="136637731" timestamp="2023-05-27T20:46:07Z" user="남서울대학교" uid="19406292" lat="36.9110676" lon="127.1392965"/>
 <node id="1839450360" visible="true" version="1" changeset="12506889" timestamp="2012-07-27T05:23:43Z" user="mjhc" uid="367541" lat="36.9116638" lon="127.1413350"/>
 <node id="1839450364" visible="true" version="1" changeset="12506889" timestamp="2012-07-27T05:23:43Z" user="mjhc" uid="367541" lat="36.9107523" lon="127.1397229"/>
 <node id="1839450372" visible="true" version="1" changeset="12506889" timestamp="2012-07-27T05:23:43Z" user="mjhc" uid="367541" lat="36.9106044" lon="127.1397498"/>
 <node id="1839450374" visible="true" version="2" changeset="136637731" timestamp="2023-05-27T20:46:07Z" user="남서울대학교" uid="19406292" lat="36.9114646" lon="127.1392839"/>
 <node id="1839450375" visible="true" version="2" changeset="136637731" timestamp="2023-05-27T20:46:07Z" user="남서울대학교" uid="19406292" lat="36.9113968" lon="127.1392466"/>
 <node id="1839450377" visible="true" version="1" changeset="12506889" timestamp="2012-07-27T05:23:43Z" user="mjhc" uid="367541" lat="36.9106194" lon="127.1401145"/>
 <node id="1839450379" visible="true" version="1" changeset="12506889" timestamp="2012-07-27T05:23:44Z" user="mjhc" uid="367541" lat="36.9117453" lon="127.1403935"/>
 <node id="1839450380" visible="true" version="1" changeset="12506889" timestamp="2012-07-27T05:23:44Z" user="mjhc" uid="367541" lat="36.9117689" lon="127.1398866"/>
 <node id="1839450384" visible="true" version="2" changeset="136637731" timestamp="2023-05-27T20:46:07Z" user="남서울대학교" uid="19406292" lat="36.9115668" lon="127.1396414"/>
 <node id="1839450393" visible="true" version="1" changeset="12506889" timestamp="2012-07-27T05:23:44Z" user="mjhc" uid="367541" lat="36.9113807" lon="127.1411070"/>
 <node id="1839450399" visible="true" version="1" changeset="12506889" timestamp="2012-07-27T05:23:44Z" user="mjhc" uid="367541" lat="36.9110869" lon="127.1398571"/>
 <node id="1841084059" visible="true" version="1" changeset="12521416" timestamp="2012-07-28T10:30:11Z" user="mjhc" uid="367541" lat="36.9050422" lon="127.1654543"/>
 <node id="1841084060" visible="true" version="1" changeset="12521416" timestamp="2012-07-28T10:30:11Z" user="mjhc" uid="367541" lat="36.9050847" lon="127.1646056"/>
 <node id="1841084105" visible="true" version="1" changeset="12521416" timestamp="2012-07-28T10:30:13Z" user="mjhc" uid="367541" lat="36.9054611" lon="127.1636290"/>
 <node id="1841084237" visible="true" version="1" changeset="12521416" timestamp="2012-07-28T10:30:17Z" user="mjhc" uid="367541" lat="36.9050478" lon="127.1648239"/>
 <node id="1841084287" visible="true" version="2" changeset="12521416" timestamp="2012-07-28T10:55:25Z" user="mjhc" uid="367541" lat="36.9050293" lon="127.1651011">
  <tag k="highway" v="crossing"/>
 </node>
 <node id="1841212228" visible="true" version="1" changeset="12522500" timestamp="2012-07-28T12:14:47Z" user="mjhc" uid="367541" lat="36.9066070" lon="127.1690462"/>
 <node id="1841212230" visible="true" version="1" changeset="12522500" timestamp="2012-07-28T12:14:47Z" user="mjhc" uid="367541" lat="36.9083378" lon="127.1713558"/>
 <node id="1842433621" visible="true" version="1" changeset="12532218" timestamp="2012-07-29T09:24:03Z" user="mjhc" uid="367541" lat="36.9004378" lon="127.1437724"/>
 <node id="1842433623" visible="true" version="1" changeset="12532218" timestamp="2012-07-29T09:24:03Z" user="mjhc" uid="367541" lat="36.9002061" lon="127.1441157"/>
 <node id="1842433625" visible="true" version="1" changeset="12532218" timestamp="2012-07-29T09:24:03Z" user="mjhc" uid="367541" lat="36.9006340" lon="127.1397759"/>
 <node id="1842433627" visible="true" version="1" changeset="12532218" timestamp="2012-07-29T09:24:03Z" user="mjhc" uid="367541" lat="36.9078974" lon="127.1536695"/>
 <node id="1842433630" visible="true" version="1" changeset="12532218" timestamp="2012-07-29T09:24:03Z" user="mjhc" uid="367541" lat="36.9024668" lon="127.1465565"/>
 <node id="1842433632" visible="true" version="1" changeset="12532218" timestamp="2012-07-29T09:24:03Z" user="mjhc" uid="367541" lat="36.9012399" lon="127.1401943"/>
 <node id="1842433634" visible="true" version="1" changeset="12532218" timestamp="2012-07-29T09:24:03Z" user="mjhc" uid="367541" lat="36.8994211" lon="127.1507888"/>
 <node id="1842433637" visible="true" version="1" changeset="12532218" timestamp="2012-07-29T09:24:03Z" user="mjhc" uid="367541" lat="36.9008453" lon="127.1491636"/>
 <node id="1842433639" visible="true" version="1" changeset="12532218" timestamp="2012-07-29T09:24:03Z" user="mjhc" uid="367541" lat="36.9027145" lon="127.1579881"/>
 <node id="1842433641" visible="true" version="1" changeset="12532218" timestamp="2012-07-29T09:24:03Z" user="mjhc" uid="367541" lat="36.8994854" lon="127.1446844"/>
 <node id="1842433646" visible="true" version="1" changeset="12532218" timestamp="2012-07-29T09:24:03Z" user="mjhc" uid="367541" lat="36.9040197" lon="127.1400763"/>
 <node id="1842433648" visible="true" version="1" changeset="12532218" timestamp="2012-07-29T09:24:03Z" user="mjhc" uid="367541" lat="36.9038138" lon="127.1562659"/>
 <node id="1842433651" visible="true" version="1" changeset="12532218" timestamp="2012-07-29T09:24:04Z" user="mjhc" uid="367541" lat="36.9024883" lon="127.1587925"/>
 <node id="1842433652" visible="true" version="1" changeset="12532218" timestamp="2012-07-29T09:24:04Z" user="mjhc" uid="367541" lat="36.9034534" lon="127.1412350"/>
 <node id="1842433653" visible="true" version="1" changeset="12532218" timestamp="2012-07-29T09:24:04Z" user="mjhc" uid="367541" lat="36.9046502" lon="127.1424206"/>
 <node id="1842433654" visible="true" version="1" changeset="12532218" timestamp="2012-07-29T09:24:04Z" user="mjhc" uid="367541" lat="36.9031735" lon="127.1409454"/>
 <node id="1842433655" visible="true" version="1" changeset="12532218" timestamp="2012-07-29T09:24:04Z" user="mjhc" uid="367541" lat="36.9028314" lon="127.1574460"/>
 <node id="1842433657" visible="true" version="1" changeset="12532218" timestamp="2012-07-29T09:24:04Z" user="mjhc" uid="367541" lat="36.8994983" lon="127.1513306"/>
 <node id="1842433659" visible="true" version="1" changeset="12532218" timestamp="2012-07-29T09:24:04Z" user="mjhc" uid="367541" lat="36.9052508" lon="127.1578591"/>
 <node id="1842433661" visible="true" version="1" changeset="12532218" timestamp="2012-07-29T09:24:04Z" user="mjhc" uid="367541" lat="36.9000377" lon="127.1515133"/>
 <node id="1842433663" visible="true" version="1" changeset="12532218" timestamp="2012-07-29T09:24:04Z" user="mjhc" uid="367541" lat="36.9082877" lon="127.1530579"/>
 <node id="1842433669" visible="true" version="1" changeset="12532218" timestamp="2012-07-29T09:24:04Z" user="mjhc" uid="367541" lat="36.8995669" lon="127.1510677"/>
 <node id="1842433671" visible="true" version="1" changeset="12532218" timestamp="2012-07-29T09:24:04Z" user="mjhc" uid="367541" lat="36.9079360" lon="127.1480371"/>
 <node id="1842433674" visible="true" version="1" changeset="12532218" timestamp="2012-07-29T09:24:04Z" user="mjhc" uid="367541" lat="36.9024883" lon="127.1382256"/>
 <node id="1842433676" visible="true" version="1" changeset="12532218" timestamp="2012-07-29T09:24:04Z" user="mjhc" uid="367541" lat="36.9030920" lon="127.1390356"/>
 <node id="1842433678" visible="true" version="1" changeset="12532218" timestamp="2012-07-29T09:24:04Z" user="mjhc" uid="367541" lat="36.9058127" lon="127.1427639"/>
 <node id="1842433680" visible="true" version="1" changeset="12532218" timestamp="2012-07-29T09:24:04Z" user="mjhc" uid="367541" lat="36.9072668" lon="127.1527844"/>
 <node id="1842433681" visible="true" version="1" changeset="12532218" timestamp="2012-07-29T09:24:04Z" user="mjhc" uid="367541" lat="36.9056712" lon="127.1554880"/>
 <node id="1842433683" visible="true" version="1" changeset="12532218" timestamp="2012-07-29T09:24:04Z" user="mjhc" uid="367541" lat="36.9008110" lon="127.1495660"/>
 <node id="1842433690" visible="true" version="1" changeset="12532218" timestamp="2012-07-29T09:24:04Z" user="mjhc" uid="367541" lat="36.8995959" lon="127.1398564"/>
 <node id="1842433693" visible="true" version="1" changeset="12532218" timestamp="2012-07-29T09:24:04Z" user="mjhc" uid="367541" lat="36.9080518" lon="127.1474363"/>
 <node id="1842433694" visible="true" version="2" changeset="171588083" timestamp="2025-09-07T14:33:55Z" user="tlsdkxm" uid="5194197" lat="36.9103605" lon="127.1500920"/>
 <node id="1842433695" visible="true" version="1" changeset="12532218" timestamp="2012-07-29T09:24:04Z" user="mjhc" uid="367541" lat="36.9028990" lon="127.1383168"/>
 <node id="1842433697" visible="true" version="1" changeset="12532218" timestamp="2012-07-29T09:24:04Z" user="mjhc" uid="367541" lat="36.9015102" lon="127.1466799"/>
 <node id="1842433699" visible="true" version="1" changeset="12532218" timestamp="2012-07-29T09:24:04Z" user="mjhc" uid="367541" lat="36.9036808" lon="127.1595596"/>
 <node id="1842433700" visible="true" version="1" changeset="12532218" timestamp="2012-07-29T09:24:04Z" user="mjhc" uid="367541" lat="36.9060304" lon="127.1549197"/>
 <node id="1842433702" visible="true" version="1" changeset="12532218" timestamp="2012-07-29T09:24:04Z" user="mjhc" uid="367541" lat="36.9009354" lon="127.1536480"/>
 <node id="1842433703" visible="true" version="1" changeset="12532218" timestamp="2012-07-29T09:24:04Z" user="mjhc" uid="367541" lat="36.9041655" lon="127.1593826"/>
 <node id="1842433704" visible="true" version="1" changeset="12532218" timestamp="2012-07-29T09:24:04Z" user="mjhc" uid="367541" lat="36.9074041" lon="127.1533154"/>
 <node id="1842433705" visible="true" version="1" changeset="12532218" timestamp="2012-07-29T09:24:04Z" user="mjhc" uid="367541" lat="36.9000645" lon="127.1515988"/>
 <node id="1842433706" visible="true" version="1" changeset="12532218" timestamp="2012-07-29T09:24:05Z" user="mjhc" uid="367541" lat="36.9074298" lon="127.1451296"/>
 <node id="1842433708" visible="true" version="1" changeset="12532218" timestamp="2012-07-29T09:24:05Z" user="mjhc" uid="367541" lat="36.9014373" lon="127.1411117"/>
 <node id="1842433709" visible="true" version="1" changeset="12532218" timestamp="2012-07-29T09:24:05Z" user="mjhc" uid="367541" lat="36.9097579" lon="127.1494909"/>
 <node id="1842433710" visible="true" version="1" changeset="12532218" timestamp="2012-07-29T09:24:05Z" user="mjhc" uid="367541" lat="36.9035081" lon="127.1388371"/>
 <node id="1842433711" visible="true" version="1" changeset="12532218" timestamp="2012-07-29T09:24:05Z" user="mjhc" uid="367541" lat="36.9024239" lon="127.1565234"/>
 <node id="1842433712" visible="true" version="1" changeset="12532218" timestamp="2012-07-29T09:24:05Z" user="mjhc" uid="367541" lat="36.9010340" lon="127.1544527"/>
 <node id="1842433713" visible="true" version="1" changeset="12532218" timestamp="2012-07-29T09:24:05Z" user="mjhc" uid="367541" lat="36.9027800" lon="127.1382900"/>
 <node id="1842433716" visible="true" version="1" changeset="12532218" timestamp="2012-07-29T09:24:05Z" user="mjhc" uid="367541" lat="36.8993524" lon="127.1447058"/>
 <node id="1842433717" visible="true" version="1" changeset="12532218" timestamp="2012-07-29T09:24:05Z" user="mjhc" uid="367541" lat="36.9016561" lon="127.1400280"/>
 <node id="1842433718" visible="true" version="1" changeset="12532218" timestamp="2012-07-29T09:24:05Z" user="mjhc" uid="367541" lat="36.9099303" lon="127.1511428"/>
 <node id="1842433719" visible="true" version="1" changeset="12532218" timestamp="2012-07-29T09:24:05Z" user="mjhc" uid="367541" lat="36.9020925" lon="127.1412887"/>
 <node id="1842433720" visible="true" version="1" changeset="12532218" timestamp="2012-07-29T09:24:05Z" user="mjhc" uid="367541" lat="36.9025955" lon="127.1579503"/>
 <node id="1842433722" visible="true" version="1" changeset="12532218" timestamp="2012-07-29T09:24:05Z" user="mjhc" uid="367541" lat="36.9011541" lon="127.1385475"/>
 <node id="1842433723" visible="true" version="1" changeset="12532218" timestamp="2012-07-29T09:24:05Z" user="mjhc" uid="367541" lat="36.9030577" lon="127.1412619"/>
 <node id="1842433724" visible="true" version="1" changeset="12532218" timestamp="2012-07-29T09:24:05Z" user="mjhc" uid="367541" lat="36.9087199" lon="127.1519156"/>
 <node id="1842433725" visible="true" version="1" changeset="12532218" timestamp="2012-07-29T09:24:05Z" user="mjhc" uid="367541" lat="36.9034363" lon="127.1556490"/>
 <node id="1842433726" visible="true" version="1" changeset="12532218" timestamp="2012-07-29T09:24:05Z" user="mjhc" uid="367541" lat="36.9001460" lon="127.1460416"/>
 <node id="1842433727" visible="true" version="1" changeset="12532218" timestamp="2012-07-29T09:24:05Z" user="mjhc" uid="367541" lat="36.9044272" lon="127.1425761"/>
 <node id="1842433728" visible="true" version="1" changeset="12532218" timestamp="2012-07-29T09:24:05Z" user="mjhc" uid="367541" lat="36.9012346" lon="127.1386333"/>
 <node id="1842433729" visible="true" version="1" changeset="12532218" timestamp="2012-07-29T09:24:05Z" user="mjhc" uid="367541" lat="36.9057730" lon="127.1426512"/>
 <node id="1842433731" visible="true" version="1" changeset="12532218" timestamp="2012-07-29T09:24:05Z" user="mjhc" uid="367541" lat="36.9010373" lon="127.1469481"/>
 <node id="1842433732" visible="true" version="1" changeset="12532218" timestamp="2012-07-29T09:24:05Z" user="mjhc" uid="367541" lat="36.9042760" lon="127.1425761"/>
 <node id="1842433733" visible="true" version="1" changeset="12532218" timestamp="2012-07-29T09:24:05Z" user="mjhc" uid="367541" lat="36.9093813" lon="127.1487399"/>
 <node id="1842433735" visible="true" version="1" changeset="12532218" timestamp="2012-07-29T09:24:05Z" user="mjhc" uid="367541" lat="36.9020024" lon="127.1468677"/>
 <node id="1842433736" visible="true" version="1" changeset="12532218" timestamp="2012-07-29T09:24:05Z" user="mjhc" uid="367541" lat="36.9011541" lon="127.1473344"/>
 <node id="1842433738" visible="true" version="1" changeset="12532218" timestamp="2012-07-29T09:24:06Z" user="mjhc" uid="367541" lat="36.9036969" lon="127.1562930"/>
 <node id="1842433739" visible="true" version="1" changeset="12532218" timestamp="2012-07-29T09:24:06Z" user="mjhc" uid="367541" lat="36.9092442" lon="127.1487399"/>
 <node id="1842433740" visible="true" version="1" changeset="12532218" timestamp="2012-07-29T09:24:06Z" user="mjhc" uid="367541" lat="36.9090426" lon="127.1510463"/>
 <node id="1842433741" visible="true" version="1" changeset="12532218" timestamp="2012-07-29T09:24:06Z" user="mjhc" uid="367541" lat="36.9009826" lon="127.1385421"/>
 <node id="1842433742" visible="true" version="1" changeset="12532218" timestamp="2012-07-29T09:24:06Z" user="mjhc" uid="367541" lat="36.8989578" lon="127.1397598"/>
 <node id="1842433743" visible="true" version="1" changeset="12532218" timestamp="2012-07-29T09:24:06Z" user="mjhc" uid="367541" lat="36.9016989" lon="127.1401890"/>
 <node id="1842433744" visible="true" version="1" changeset="12532218" timestamp="2012-07-29T09:24:06Z" user="mjhc" uid="367541" lat="36.9029944" lon="127.1414442"/>
 <node id="1842433745" visible="true" version="1" changeset="12532218" timestamp="2012-07-29T09:24:06Z" user="mjhc" uid="367541" lat="36.9061044" lon="127.1546941"/>
 <node id="1842433747" visible="true" version="1" changeset="12532218" timestamp="2012-07-29T09:24:06Z" user="mjhc" uid="367541" lat="36.9089172" lon="127.1514221"/>
 <node id="1842433748" visible="true" version="1" changeset="12532218" timestamp="2012-07-29T09:24:06Z" user="mjhc" uid="367541" lat="36.9080561" lon="127.1547638"/>
 <node id="1842433749" visible="true" version="1" changeset="12532218" timestamp="2012-07-29T09:24:06Z" user="mjhc" uid="367541" lat="36.9024454" lon="127.1569096"/>
 <node id="1842433750" visible="true" version="1" changeset="12532218" timestamp="2012-07-29T09:24:06Z" user="mjhc" uid="367541" lat="36.9080893" lon="127.1528114"/>
 <node id="1842433751" visible="true" version="1" changeset="12532218" timestamp="2012-07-29T09:24:06Z" user="mjhc" uid="367541" lat="36.9032304" lon="127.1390303"/>
 <node id="1842433753" visible="true" version="1" changeset="12532218" timestamp="2012-07-29T09:24:06Z" user="mjhc" uid="367541" lat="36.9038899" lon="127.1407791"/>
 <node id="1842433754" visible="true" version="1" changeset="12532218" timestamp="2012-07-29T09:24:06Z" user="mjhc" uid="367541" lat="36.8996098" lon="127.1394862"/>
 <node id="1842433756" visible="true" version="1" changeset="12532218" timestamp="2012-07-29T09:24:06Z" user="mjhc" uid="367541" lat="36.9060701" lon="127.1451725"/>
 <node id="1842433757" visible="true" version="1" changeset="12532218" timestamp="2012-07-29T09:24:06Z" user="mjhc" uid="367541" lat="36.9085397" lon="127.1525701"/>
 <node id="1842433760" visible="true" version="1" changeset="12532218" timestamp="2012-07-29T09:24:06Z" user="mjhc" uid="367541" lat="36.9058770" lon="127.1554397"/>
 <node id="1842433761" visible="true" version="1" changeset="12532218" timestamp="2012-07-29T09:24:06Z" user="mjhc" uid="367541" lat="36.9038256" lon="127.1387781"/>
 <node id="1842433763" visible="true" version="1" changeset="12532218" timestamp="2012-07-29T09:24:06Z" user="mjhc" uid="367541" lat="36.9033709" lon="127.1415945"/>
 <node id="1842433764" visible="true" version="1" changeset="12532218" timestamp="2012-07-29T09:24:06Z" user="mjhc" uid="367541" lat="36.9008667" lon="127.1497323"/>
 <node id="1842433765" visible="true" version="1" changeset="12532218" timestamp="2012-07-29T09:24:06Z" user="mjhc" uid="367541" lat="36.9034878" lon="127.1562605"/>
 <node id="1842433767" visible="true" version="1" changeset="12532218" timestamp="2012-07-29T09:24:06Z" user="mjhc" uid="367541" lat="36.9003991" lon="127.1496786"/>
 <node id="1842433768" visible="true" version="1" changeset="12532218" timestamp="2012-07-29T09:24:06Z" user="mjhc" uid="367541" lat="36.9002318" lon="127.1526610"/>
 <node id="1842433769" visible="true" version="1" changeset="12532218" timestamp="2012-07-29T09:24:06Z" user="mjhc" uid="367541" lat="36.9096730" lon="127.1514808"/>
 <node id="1842433770" visible="true" version="1" changeset="12532218" timestamp="2012-07-29T09:24:07Z" user="mjhc" uid="367541" lat="36.9027371" lon="127.1580951"/>
 <node id="1842433771" visible="true" version="1" changeset="12532218" timestamp="2012-07-29T09:24:07Z" user="mjhc" uid="367541" lat="36.9035853" lon="127.1397813"/>
 <node id="1842433773" visible="true" version="1" changeset="12532218" timestamp="2012-07-29T09:24:07Z" user="mjhc" uid="367541" lat="36.9028829" lon="127.1561854"/>
 <node id="1842433774" visible="true" version="1" changeset="12532218" timestamp="2012-07-29T09:24:07Z" user="mjhc" uid="367541" lat="36.9026598" lon="127.1467765"/>
 <node id="1842433775" visible="true" version="1" changeset="12532218" timestamp="2012-07-29T09:24:07Z" user="mjhc" uid="367541" lat="36.8996002" lon="127.1501453"/>
 <node id="1842433776" visible="true" version="1" changeset="12532218" timestamp="2012-07-29T09:24:07Z" user="mjhc" uid="367541" lat="36.9010340" lon="127.1397813"/>
 <node id="1842433777" visible="true" version="1" changeset="12532218" timestamp="2012-07-29T09:24:07Z" user="mjhc" uid="367541" lat="36.9038438" lon="127.1422275"/>
 <node id="1842433778" visible="true" version="1" changeset="12532218" timestamp="2012-07-29T09:24:07Z" user="mjhc" uid="367541" lat="36.9074899" lon="127.1455909"/>
 <node id="1842433779" visible="true" version="1" changeset="12532218" timestamp="2012-07-29T09:24:07Z" user="mjhc" uid="367541" lat="36.9012743" lon="127.1413370"/>
 <node id="1842433781" visible="true" version="1" changeset="12532218" timestamp="2012-07-29T09:24:07Z" user="mjhc" uid="367541" lat="36.9039725" lon="127.1593343"/>
 <node id="1842433782" visible="true" version="1" changeset="12532218" timestamp="2012-07-29T09:24:07Z" user="mjhc" uid="367541" lat="36.8991293" lon="127.1414764"/>
 <node id="1842433784" visible="true" version="1" changeset="12532218" timestamp="2012-07-29T09:24:07Z" user="mjhc" uid="367541" lat="36.9015102" lon="127.1405806"/>
 <node id="1842433785" visible="true" version="1" changeset="12532218" timestamp="2012-07-29T09:24:07Z" user="mjhc" uid="367541" lat="36.9080218" lon="127.1472485"/>
 <node id="1842433787" visible="true" version="1" changeset="12532218" timestamp="2012-07-29T09:24:07Z" user="mjhc" uid="367541" lat="36.9018062" lon="127.1407308"/>
 <node id="1842433788" visible="true" version="1" changeset="12532218" timestamp="2012-07-29T09:24:07Z" user="mjhc" uid="367541" lat="36.9000088" lon="127.1426459"/>
 <node id="1842433789" visible="true" version="1" changeset="12532218" timestamp="2012-07-29T09:24:07Z" user="mjhc" uid="367541" lat="36.9050492" lon="127.1585994"/>
 <node id="1842433790" visible="true" version="1" changeset="12532218" timestamp="2012-07-29T09:24:07Z" user="mjhc" uid="367541" lat="36.9097708" lon="127.1514382"/>
 <node id="1842433791" visible="true" version="1" changeset="12532218" timestamp="2012-07-29T09:24:07Z" user="mjhc" uid="367541" lat="36.9026813" lon="127.1467014"/>
 <node id="1842433793" visible="true" version="1" changeset="12532218" timestamp="2012-07-29T09:24:07Z" user="mjhc" uid="367541" lat="36.9055725" lon="127.1449150"/>
 <node id="1842433794" visible="true" version="1" changeset="12532218" timestamp="2012-07-29T09:24:07Z" user="mjhc" uid="367541" lat="36.9025912" lon="127.1563732"/>
 <node id="1842433795" visible="true" version="1" changeset="12532218" timestamp="2012-07-29T09:24:07Z" user="mjhc" uid="367541" lat="36.9021279" lon="127.1554612"/>
 <node id="1842433796" visible="true" version="1" changeset="12532218" timestamp="2012-07-29T09:24:07Z" user="mjhc" uid="367541" lat="36.9058116" lon="127.1430911"/>
 <node id="1842433797" visible="true" version="1" changeset="12532218" timestamp="2012-07-29T09:24:07Z" user="mjhc" uid="367541" lat="36.9076743" lon="127.1453764"/>
 <node id="1842433798" visible="true" version="1" changeset="12532218" timestamp="2012-07-29T09:24:07Z" user="mjhc" uid="367541" lat="36.9015660" lon="127.1400978"/>
 <node id="1842433799" visible="true" version="1" changeset="12532218" timestamp="2012-07-29T09:24:07Z" user="mjhc" uid="367541" lat="36.9000388" lon="127.1494962"/>
 <node id="1842433801" visible="true" version="1" changeset="12532218" timestamp="2012-07-29T09:24:07Z" user="mjhc" uid="367541" lat="36.9078672" lon="127.1452817"/>
 <node id="1842433802" visible="true" version="1" changeset="12532218" timestamp="2012-07-29T09:24:07Z" user="mjhc" uid="367541" lat="36.9055725" lon="127.1554988"/>
 <node id="1842433803" visible="true" version="1" changeset="12532218" timestamp="2012-07-29T09:24:07Z" user="mjhc" uid="367541" lat="36.9014115" lon="127.1387996"/>
 <node id="1842433804" visible="true" version="1" changeset="12532218" timestamp="2012-07-29T09:24:07Z" user="mjhc" uid="367541" lat="36.9074513" lon="127.1548389"/>
 <node id="1842433805" visible="true" version="1" changeset="12532218" timestamp="2012-07-29T09:24:07Z" user="mjhc" uid="367541" lat="36.9007423" lon="127.1535622"/>
 <node id="1842433806" visible="true" version="1" changeset="12532218" timestamp="2012-07-29T09:24:08Z" user="mjhc" uid="367541" lat="36.9039639" lon="127.1389713"/>
 <node id="1842433807" visible="true" version="1" changeset="12532218" timestamp="2012-07-29T09:24:08Z" user="mjhc" uid="367541" lat="36.9004753" lon="127.1394540"/>
 <node id="1842433808" visible="true" version="1" changeset="12532218" timestamp="2012-07-29T09:24:08Z" user="mjhc" uid="367541" lat="36.9086180" lon="127.1542971"/>
 <node id="1842433809" visible="true" version="1" changeset="12532218" timestamp="2012-07-29T09:24:08Z" user="mjhc" uid="367541" lat="36.9048047" lon="127.1590446"/>
 <node id="1842433810" visible="true" version="1" changeset="12532218" timestamp="2012-07-29T09:24:08Z" user="mjhc" uid="367541" lat="36.9089311" lon="127.1488686"/>
 <node id="1842433811" visible="true" version="1" changeset="12532218" timestamp="2012-07-29T09:24:08Z" user="mjhc" uid="367541" lat="36.9084550" lon="127.1546673"/>
 <node id="1842433812" visible="true" version="1" changeset="12532218" timestamp="2012-07-29T09:24:08Z" user="mjhc" uid="367541" lat="36.9009225" lon="127.1412136"/>
 <node id="1842433813" visible="true" version="1" changeset="12532218" timestamp="2012-07-29T09:24:08Z" user="mjhc" uid="367541" lat="36.9085322" lon="127.1542006"/>
 <node id="1842433814" visible="true" version="1" changeset="12532218" timestamp="2012-07-29T09:24:08Z" user="mjhc" uid="367541" lat="36.9015917" lon="127.1400388"/>
 <node id="1842433815" visible="true" version="1" changeset="12532218" timestamp="2012-07-29T09:24:08Z" user="mjhc" uid="367541" lat="36.9055897" lon="127.1446468"/>
 <node id="1842433816" visible="true" version="1" changeset="12532218" timestamp="2012-07-29T09:24:08Z" user="mjhc" uid="367541" lat="36.9078888" lon="127.1486487"/>
 <node id="1842433817" visible="true" version="1" changeset="12532218" timestamp="2012-07-29T09:24:08Z" user="mjhc" uid="367541" lat="36.8998200" lon="127.1386601"/>
 <node id="1842433818" visible="true" version="1" changeset="12532218" timestamp="2012-07-29T09:24:08Z" user="mjhc" uid="367541" lat="36.9001975" lon="127.1523874"/>
 <node id="1842433819" visible="true" version="1" changeset="12532218" timestamp="2012-07-29T09:24:08Z" user="mjhc" uid="367541" lat="36.9040583" lon="127.1404465"/>
 <node id="1842433820" visible="true" version="1" changeset="12532218" timestamp="2012-07-29T09:24:08Z" user="mjhc" uid="367541" lat="36.8995969" lon="127.1448077"/>
 <node id="1842433821" visible="true" version="1" changeset="12532218" timestamp="2012-07-29T09:24:08Z" user="mjhc" uid="367541" lat="36.9010330" lon="127.1412887"/>
 <node id="1842433822" visible="true" version="1" changeset="12532218" timestamp="2012-07-29T09:24:08Z" user="mjhc" uid="367541" lat="36.9085579" lon="127.1545493"/>
 <node id="1842433823" visible="true" version="1" changeset="12532218" timestamp="2012-07-29T09:24:08Z" user="mjhc" uid="367541" lat="36.9033247" lon="127.1407576"/>
 <node id="1842433824" visible="true" version="1" changeset="12532218" timestamp="2012-07-29T09:24:08Z" user="mjhc" uid="367541" lat="36.9031306" lon="127.1590664"/>
 <node id="1842433825" visible="true" version="1" changeset="12532218" timestamp="2012-07-29T09:24:08Z" user="mjhc" uid="367541" lat="36.9025698" lon="127.1380325"/>
 <node id="1842433826" visible="true" version="1" changeset="12532218" timestamp="2012-07-29T09:24:08Z" user="mjhc" uid="367541" lat="36.9082909" lon="127.1540882"/>
 <node id="1842433827" visible="true" version="1" changeset="12532218" timestamp="2012-07-29T09:24:08Z" user="mjhc" uid="367541" lat="36.9085397" lon="127.1528168"/>
 <node id="1842433828" visible="true" version="1" changeset="12532218" timestamp="2012-07-29T09:24:08Z" user="mjhc" uid="367541" lat="36.9006598" lon="127.1497430"/>
 <node id="1842433829" visible="true" version="1" changeset="12532218" timestamp="2012-07-29T09:24:08Z" user="mjhc" uid="367541" lat="36.9025183" lon="127.1468784"/>
 <node id="1842433830" visible="true" version="1" changeset="12532218" timestamp="2012-07-29T09:24:09Z" user="mjhc" uid="367541" lat="36.9010812" lon="127.1395291"/>
 <node id="1842433831" visible="true" version="1" changeset="12532218" timestamp="2012-07-29T09:24:09Z" user="mjhc" uid="367541" lat="36.9014673" lon="127.1409078"/>
 <node id="1842433832" visible="true" version="1" changeset="12532218" timestamp="2012-07-29T09:24:09Z" user="mjhc" uid="367541" lat="36.9037237" lon="127.1408703"/>
 <node id="1842433833" visible="true" version="1" changeset="12532218" timestamp="2012-07-29T09:24:09Z" user="mjhc" uid="367541" lat="36.8991980" lon="127.1395560"/>
 <node id="1842433834" visible="true" version="1" changeset="12532218" timestamp="2012-07-29T09:24:09Z" user="mjhc" uid="367541" lat="36.9086512" lon="127.1544047"/>
 <node id="1842433835" visible="true" version="1" changeset="12532218" timestamp="2012-07-29T09:24:09Z" user="mjhc" uid="367541" lat="36.9101825" lon="127.1506120"/>
 <node id="1842433836" visible="true" version="1" changeset="12532218" timestamp="2012-07-29T09:24:09Z" user="mjhc" uid="367541" lat="36.8995358" lon="127.1508856"/>
 <node id="1842433837" visible="true" version="1" changeset="12532218" timestamp="2012-07-29T09:24:09Z" user="mjhc" uid="367541" lat="36.9009997" lon="127.1538036"/>
 <node id="1842433838" visible="true" version="1" changeset="12532218" timestamp="2012-07-29T09:24:09Z" user="mjhc" uid="367541" lat="36.9008742" lon="127.1399744"/>
 <node id="1842433839" visible="true" version="1" changeset="12532218" timestamp="2012-07-29T09:24:09Z" user="mjhc" uid="367541" lat="36.8995969" lon="127.1387674"/>
 <node id="1842433840" visible="true" version="1" changeset="12532218" timestamp="2012-07-29T09:24:09Z" user="mjhc" uid="367541" lat="36.9028057" lon="127.1570920"/>
 <node id="1842433841" visible="true" version="1" changeset="12532218" timestamp="2012-07-29T09:24:09Z" user="mjhc" uid="367541" lat="36.9038138" lon="127.1559386"/>
 <node id="1842433842" visible="true" version="1" changeset="12532218" timestamp="2012-07-29T09:24:09Z" user="mjhc" uid="367541" lat="36.9053784" lon="127.1422543"/>
 <node id="1842433843" visible="true" version="1" changeset="12532218" timestamp="2012-07-29T09:24:09Z" user="mjhc" uid="367541" lat="36.9022824" lon="127.1465565"/>
 <node id="1842433844" visible="true" version="1" changeset="12532218" timestamp="2012-07-29T09:24:09Z" user="mjhc" uid="367541" lat="36.9004796" lon="127.1497376"/>
 <node id="1842433845" visible="true" version="1" changeset="12532218" timestamp="2012-07-29T09:24:09Z" user="mjhc" uid="367541" lat="36.9028958" lon="127.1592002"/>
 <node id="1842433846" visible="true" version="1" changeset="12532218" timestamp="2012-07-29T09:24:09Z" user="mjhc" uid="367541" lat="36.9030245" lon="127.1586208"/>
 <node id="1842433847" visible="true" version="1" changeset="12532218" timestamp="2012-07-29T09:24:09Z" user="mjhc" uid="367541" lat="36.9041087" lon="127.1424474"/>
 <node id="1842433848" visible="true" version="1" changeset="12532218" timestamp="2012-07-29T09:24:09Z" user="mjhc" uid="367541" lat="36.8999444" lon="127.1495552"/>
 <node id="1842433849" visible="true" version="1" changeset="12532218" timestamp="2012-07-29T09:24:09Z" user="mjhc" uid="367541" lat="36.8998801" lon="127.1499629"/>
 <node id="1842433850" visible="true" version="1" changeset="12532218" timestamp="2012-07-29T09:24:09Z" user="mjhc" uid="367541" lat="36.9080389" lon="127.1538787"/>
 <node id="1842433851" visible="true" version="1" changeset="12532218" timestamp="2012-07-29T09:24:09Z" user="mjhc" uid="367541" lat="36.8994768" lon="127.1390839"/>
 <node id="1842433852" visible="true" version="1" changeset="12532218" timestamp="2012-07-29T09:24:09Z" user="mjhc" uid="367541" lat="36.9010973" lon="127.1404733"/>
 <node id="1842433853" visible="true" version="1" changeset="12532218" timestamp="2012-07-29T09:24:09Z" user="mjhc" uid="367541" lat="36.9094319" lon="127.1488150"/>
 <node id="1842433854" visible="true" version="1" changeset="12532218" timestamp="2012-07-29T09:24:09Z" user="mjhc" uid="367541" lat="36.9024411" lon="127.1585297"/>
 <node id="1842433855" visible="true" version="1" changeset="12532218" timestamp="2012-07-29T09:24:09Z" user="mjhc" uid="367541" lat="36.9002608" lon="127.1391912"/>
 <node id="1842433856" visible="true" version="1" changeset="12532218" timestamp="2012-07-29T09:24:09Z" user="mjhc" uid="367541" lat="36.9082405" lon="127.1508693"/>
 <node id="1842433857" visible="true" version="1" changeset="12532218" timestamp="2012-07-29T09:24:09Z" user="mjhc" uid="367541" lat="36.9029247" lon="127.1591361"/>
 <node id="1842433858" visible="true" version="1" changeset="12532218" timestamp="2012-07-29T09:24:09Z" user="mjhc" uid="367541" lat="36.9093590" lon="127.1491207"/>
 <node id="1842433859" visible="true" version="1" changeset="12532218" timestamp="2012-07-29T09:24:09Z" user="mjhc" uid="367541" lat="36.9006855" lon="127.1493836"/>
 <node id="1842433860" visible="true" version="1" changeset="12532218" timestamp="2012-07-29T09:24:09Z" user="mjhc" uid="367541" lat="36.9083135" lon="127.1507298"/>
 <node id="1842433861" visible="true" version="1" changeset="12532218" timestamp="2012-07-29T09:24:09Z" user="mjhc" uid="367541" lat="36.9094276" lon="127.1489330"/>
 <node id="1842433862" visible="true" version="1" changeset="12532218" timestamp="2012-07-29T09:24:09Z" user="mjhc" uid="367541" lat="36.9018705" lon="127.1408756"/>
 <node id="1842433863" visible="true" version="1" changeset="12532218" timestamp="2012-07-29T09:24:09Z" user="mjhc" uid="367541" lat="36.9023628" lon="127.1415301"/>
 <node id="1842433864" visible="true" version="1" changeset="12532218" timestamp="2012-07-29T09:24:10Z" user="mjhc" uid="367541" lat="36.9056100" lon="127.1567436"/>
 <node id="1842433865" visible="true" version="1" changeset="12532218" timestamp="2012-07-29T09:24:10Z" user="mjhc" uid="367541" lat="36.9010469" lon="127.1485682"/>
 <node id="1842433866" visible="true" version="1" changeset="12532218" timestamp="2012-07-29T09:24:10Z" user="mjhc" uid="367541" lat="36.8992538" lon="127.1447165"/>
 <node id="1842433867" visible="true" version="1" changeset="12532218" timestamp="2012-07-29T09:24:10Z" user="mjhc" uid="367541" lat="36.8995358" lon="127.1447326"/>
 <node id="1842433868" visible="true" version="1" changeset="12532218" timestamp="2012-07-29T09:24:10Z" user="mjhc" uid="367541" lat="36.9033162" lon="127.1406181"/>
 <node id="1842433869" visible="true" version="1" changeset="12532218" timestamp="2012-07-29T09:24:10Z" user="mjhc" uid="367541" lat="36.9038781" lon="127.1594470"/>
 <node id="1842433870" visible="true" version="1" changeset="12532218" timestamp="2012-07-29T09:24:10Z" user="mjhc" uid="367541" lat="36.8994983" lon="127.1389230"/>
 <node id="1842433871" visible="true" version="1" changeset="12532218" timestamp="2012-07-29T09:24:10Z" user="mjhc" uid="367541" lat="36.9006093" lon="127.1534495"/>
 <node id="1842433872" visible="true" version="1" changeset="12532218" timestamp="2012-07-29T09:24:10Z" user="mjhc" uid="367541" lat="36.9030062" lon="127.1418412"/>
 <node id="1842433873" visible="true" version="1" changeset="12532218" timestamp="2012-07-29T09:24:10Z" user="mjhc" uid="367541" lat="36.9011402" lon="127.1413638"/>
 <node id="1842433875" visible="true" version="1" changeset="12532218" timestamp="2012-07-29T09:24:10Z" user="mjhc" uid="367541" lat="36.9077773" lon="127.1463098"/>
 <node id="1842433876" visible="true" version="1" changeset="12532218" timestamp="2012-07-29T09:24:10Z" user="mjhc" uid="367541" lat="36.8996699" lon="127.1452744"/>
 <node id="1842433877" visible="true" version="1" changeset="12532218" timestamp="2012-07-29T09:24:10Z" user="mjhc" uid="367541" lat="36.9101148" lon="127.1500005"/>
 <node id="1842433878" visible="true" version="1" changeset="12532218" timestamp="2012-07-29T09:24:10Z" user="mjhc" uid="367541" lat="36.8992666" lon="127.1510517"/>
 <node id="1842433879" visible="true" version="1" changeset="12532218" timestamp="2012-07-29T09:24:10Z" user="mjhc" uid="367541" lat="36.9025483" lon="127.1465244"/>
 <node id="1842433880" visible="true" version="1" changeset="12532218" timestamp="2012-07-29T09:24:10Z" user="mjhc" uid="367541" lat="36.9029773" lon="127.1401246"/>
 <node id="1842433881" visible="true" version="1" changeset="12532218" timestamp="2012-07-29T09:24:10Z" user="mjhc" uid="367541" lat="36.9040744" lon="127.1402158"/>
 <node id="1842433882" visible="true" version="1" changeset="12532218" timestamp="2012-07-29T09:24:10Z" user="mjhc" uid="367541" lat="36.9091027" lon="127.1488418"/>
 <node id="1842433883" visible="true" version="1" changeset="12532218" timestamp="2012-07-29T09:24:10Z" user="mjhc" uid="367541" lat="36.9026298" lon="127.1465941"/>
 <node id="1842433884" visible="true" version="1" changeset="12532218" timestamp="2012-07-29T09:24:10Z" user="mjhc" uid="367541" lat="36.8998114" lon="127.1500595"/>
 <node id="1842433885" visible="true" version="1" changeset="12532218" timestamp="2012-07-29T09:24:10Z" user="mjhc" uid="367541" lat="36.9052250" lon="127.1579718"/>
 <node id="1842433886" visible="true" version="1" changeset="12532218" timestamp="2012-07-29T09:24:11Z" user="mjhc" uid="367541" lat="36.9010426" lon="127.1384455"/>
 <node id="1842433887" visible="true" version="1" changeset="12532218" timestamp="2012-07-29T09:24:11Z" user="mjhc" uid="367541" lat="36.9026985" lon="127.1382792"/>
 <node id="1842433888" visible="true" version="1" changeset="12532218" timestamp="2012-07-29T09:24:11Z" user="mjhc" uid="367541" lat="36.9040197" lon="127.1393199"/>
 <node id="1842433889" visible="true" version="1" changeset="12532218" timestamp="2012-07-29T09:24:11Z" user="mjhc" uid="367541" lat="36.9006737" lon="127.1399529"/>
 <node id="1842433890" visible="true" version="1" changeset="12532218" timestamp="2012-07-29T09:24:11Z" user="mjhc" uid="367541" lat="36.9087553" lon="127.1507673"/>
 <node id="1842433891" visible="true" version="1" changeset="12532218" timestamp="2012-07-29T09:24:11Z" user="mjhc" uid="367541" lat="36.9000388" lon="127.1458753"/>
 <node id="1842433892" visible="true" version="1" changeset="12532218" timestamp="2012-07-29T09:24:11Z" user="mjhc" uid="367541" lat="36.9026341" lon="127.1380110"/>
 <node id="1842433893" visible="true" version="1" changeset="12532218" timestamp="2012-07-29T09:24:11Z" user="mjhc" uid="367541" lat="36.8991079" lon="127.1400227"/>
 <node id="1842433894" visible="true" version="1" changeset="12532218" timestamp="2012-07-29T09:24:11Z" user="mjhc" uid="367541" lat="36.9004463" lon="127.1461649"/>
 <node id="1842433895" visible="true" version="1" changeset="12532218" timestamp="2012-07-29T09:24:11Z" user="mjhc" uid="367541" lat="36.9028958" lon="127.1571564"/>
 <node id="1842433896" visible="true" version="1" changeset="12532218" timestamp="2012-07-29T09:24:11Z" user="mjhc" uid="367541" lat="36.9053537" lon="127.1573334"/>
 <node id="1842433897" visible="true" version="1" changeset="12532218" timestamp="2012-07-29T09:24:11Z" user="mjhc" uid="367541" lat="36.9054599" lon="127.1569045"/>
 <node id="1842433898" visible="true" version="1" changeset="12532218" timestamp="2012-07-29T09:24:11Z" user="mjhc" uid="367541" lat="36.9075060" lon="127.1457251"/>
 <node id="1842433899" visible="true" version="1" changeset="12532218" timestamp="2012-07-29T09:24:11Z" user="mjhc" uid="367541" lat="36.9026942" lon="127.1381129"/>
 <node id="1842433900" visible="true" version="1" changeset="12532218" timestamp="2012-07-29T09:24:11Z" user="mjhc" uid="367541" lat="36.9043114" lon="127.1593450"/>
 <node id="1842433901" visible="true" version="1" changeset="12532218" timestamp="2012-07-29T09:24:11Z" user="mjhc" uid="367541" lat="36.9045344" lon="127.1592968"/>
 <node id="1842433902" visible="true" version="1" changeset="12532218" timestamp="2012-07-29T09:24:11Z" user="mjhc" uid="367541" lat="36.9078759" lon="127.1525430"/>
 <node id="1842433903" visible="true" version="1" changeset="12532218" timestamp="2012-07-29T09:24:11Z" user="mjhc" uid="367541" lat="36.9060175" lon="127.1553220"/>
 <node id="1842433904" visible="true" version="1" changeset="12532218" timestamp="2012-07-29T09:24:11Z" user="mjhc" uid="367541" lat="36.9031703" lon="127.1561854"/>
 <node id="1842433905" visible="true" version="1" changeset="12532218" timestamp="2012-07-29T09:24:11Z" user="mjhc" uid="367541" lat="36.9030888" lon="127.1386387"/>
 <node id="1842433906" visible="true" version="1" changeset="12532218" timestamp="2012-07-29T09:24:11Z" user="mjhc" uid="367541" lat="36.9016947" lon="127.1466531"/>
 <node id="1842433907" visible="true" version="1" changeset="12532218" timestamp="2012-07-29T09:24:11Z" user="mjhc" uid="367541" lat="36.8999616" lon="127.1514862"/>
 <node id="1842433908" visible="true" version="1" changeset="12532218" timestamp="2012-07-29T09:24:11Z" user="mjhc" uid="367541" lat="36.8993138" lon="127.1423937"/>
 <node id="1842433909" visible="true" version="1" changeset="12532218" timestamp="2012-07-29T09:24:11Z" user="mjhc" uid="367541" lat="36.9031489" lon="127.1592968"/>
 <node id="1842433911" visible="true" version="1" changeset="12532218" timestamp="2012-07-29T09:24:11Z" user="mjhc" uid="367541" lat="36.8998404" lon="127.1447326"/>
 <node id="1842433912" visible="true" version="1" changeset="12532218" timestamp="2012-07-29T09:24:11Z" user="mjhc" uid="367541" lat="36.9009225" lon="127.1496625"/>
 <node id="1842433913" visible="true" version="1" changeset="12532218" timestamp="2012-07-29T09:24:11Z" user="mjhc" uid="367541" lat="36.9026598" lon="127.1581971"/>
 <node id="1842433914" visible="true" version="1" changeset="12532218" timestamp="2012-07-29T09:24:11Z" user="mjhc" uid="367541" lat="36.9079017" lon="127.1470447"/>
 <node id="1842433916" visible="true" version="1" changeset="12532218" timestamp="2012-07-29T09:24:11Z" user="mjhc" uid="367541" lat="36.9083907" lon="127.1530740"/>
 <node id="1842433917" visible="true" version="1" changeset="12532218" timestamp="2012-07-29T09:24:11Z" user="mjhc" uid="367541" lat="36.8994929" lon="127.1392931"/>
 <node id="1842433918" visible="true" version="1" changeset="12532218" timestamp="2012-07-29T09:24:12Z" user="mjhc" uid="367541" lat="36.9080518" lon="127.1512555"/>
 <node id="1842433920" visible="true" version="1" changeset="12532218" timestamp="2012-07-29T09:24:12Z" user="mjhc" uid="367541" lat="36.9099732" lon="127.1499361"/>
 <node id="1842433921" visible="true" version="1" changeset="12532218" timestamp="2012-07-29T09:24:12Z" user="mjhc" uid="367541" lat="36.9079306" lon="127.1522214"/>
 <node id="1842433922" visible="true" version="1" changeset="12532218" timestamp="2012-07-29T09:24:12Z" user="mjhc" uid="367541" lat="36.8996098" lon="127.1397276"/>
 <node id="1842433923" visible="true" version="1" changeset="12532218" timestamp="2012-07-29T09:24:12Z" user="mjhc" uid="367541" lat="36.9001546" lon="127.1518992"/>
 <node id="1842433924" visible="true" version="1" changeset="12532218" timestamp="2012-07-29T09:24:12Z" user="mjhc" uid="367541" lat="36.9087038" lon="127.1516471"/>
 <node id="1842433925" visible="true" version="1" changeset="12532218" timestamp="2012-07-29T09:24:12Z" user="mjhc" uid="367541" lat="36.9067864" lon="127.1549677"/>
 <node id="1842433926" visible="true" version="1" changeset="12532218" timestamp="2012-07-29T09:24:12Z" user="mjhc" uid="367541" lat="36.9034920" lon="127.1419270"/>
 <node id="1842433927" visible="true" version="1" changeset="12532218" timestamp="2012-07-29T09:24:12Z" user="mjhc" uid="367541" lat="36.9013215" lon="127.1397866"/>
 <node id="1842433928" visible="true" version="1" changeset="12532218" timestamp="2012-07-29T09:24:12Z" user="mjhc" uid="367541" lat="36.9036679" lon="127.1387674"/>
 <node id="1842433929" visible="true" version="1" changeset="12532218" timestamp="2012-07-29T09:24:12Z" user="mjhc" uid="367541" lat="36.9003305" lon="127.1496196"/>
 <node id="1842433931" visible="true" version="1" changeset="12532218" timestamp="2012-07-29T09:24:12Z" user="mjhc" uid="367541" lat="36.9009815" lon="127.1407201"/>
 <node id="1842433932" visible="true" version="1" changeset="12532218" timestamp="2012-07-29T09:24:12Z" user="mjhc" uid="367541" lat="36.9001836" lon="127.1495177"/>
 <node id="1842433933" visible="true" version="1" changeset="12532218" timestamp="2012-07-29T09:24:12Z" user="mjhc" uid="367541" lat="36.8994468" lon="127.1501829"/>
 <node id="1842433934" visible="true" version="1" changeset="12532218" timestamp="2012-07-29T09:24:12Z" user="mjhc" uid="367541" lat="36.9029387" lon="127.1573012"/>
 <node id="1842433935" visible="true" version="1" changeset="12532218" timestamp="2012-07-29T09:24:12Z" user="mjhc" uid="367541" lat="36.9051296" lon="127.1422382"/>
 <node id="1842433936" visible="true" version="1" changeset="12532218" timestamp="2012-07-29T09:24:12Z" user="mjhc" uid="367541" lat="36.9002833" lon="127.1430536"/>
 <node id="1842433937" visible="true" version="1" changeset="12532218" timestamp="2012-07-29T09:24:12Z" user="mjhc" uid="367541" lat="36.9071639" lon="127.1451940"/>
 <node id="1842433938" visible="true" version="1" changeset="12532218" timestamp="2012-07-29T09:24:12Z" user="mjhc" uid="367541" lat="36.9009182" lon="127.1409561"/>
 <node id="1842433939" visible="true" version="1" changeset="12532218" timestamp="2012-07-29T09:24:12Z" user="mjhc" uid="367541" lat="36.9068079" lon="127.1452208"/>
 <node id="1842433940" visible="true" version="1" changeset="12532218" timestamp="2012-07-29T09:24:12Z" user="mjhc" uid="367541" lat="36.9077333" lon="127.1513148"/>
 <node id="1842433941" visible="true" version="1" changeset="12532218" timestamp="2012-07-29T09:24:12Z" user="mjhc" uid="367541" lat="36.8993438" lon="127.1408381"/>
 <node id="1842433942" visible="true" version="1" changeset="12532218" timestamp="2012-07-29T09:24:13Z" user="mjhc" uid="367541" lat="36.9003691" lon="127.1439119"/>
 <node id="1842433943" visible="true" version="1" changeset="12532218" timestamp="2012-07-29T09:24:13Z" user="mjhc" uid="367541" lat="36.9083563" lon="127.1522640"/>
 <node id="1842433944" visible="true" version="1" changeset="12532218" timestamp="2012-07-29T09:24:13Z" user="mjhc" uid="367541" lat="36.9080046" lon="127.1476402"/>
 <node id="1842433945" visible="true" version="1" changeset="12532218" timestamp="2012-07-29T09:24:13Z" user="mjhc" uid="367541" lat="36.9007681" lon="127.1400066"/>
 <node id="1842433946" visible="true" version="1" changeset="12532218" timestamp="2012-07-29T09:24:13Z" user="mjhc" uid="367541" lat="36.9077644" lon="127.1511858"/>
 <node id="1842433947" visible="true" version="1" changeset="12532218" timestamp="2012-07-29T09:24:13Z" user="mjhc" uid="367541" lat="36.9014105" lon="127.1390249"/>
 <node id="1842433948" visible="true" version="1" changeset="12532218" timestamp="2012-07-29T09:24:13Z" user="mjhc" uid="367541" lat="36.9056111" lon="127.1450330"/>
 <node id="1842433949" visible="true" version="1" changeset="12532218" timestamp="2012-07-29T09:24:13Z" user="mjhc" uid="367541" lat="36.9031607" lon="127.1390732"/>
 <node id="1842433950" visible="true" version="1" changeset="12532218" timestamp="2012-07-29T09:24:13Z" user="mjhc" uid="367541" lat="36.9023982" lon="127.1386547"/>
 <node id="1842433952" visible="true" version="1" changeset="12532218" timestamp="2012-07-29T09:24:13Z" user="mjhc" uid="367541" lat="36.9078202" lon="127.1517866"/>
 <node id="1842433954" visible="true" version="1" changeset="12532218" timestamp="2012-07-29T09:24:13Z" user="mjhc" uid="367541" lat="36.9009997" lon="127.1542649"/>
 <node id="1842433958" visible="true" version="1" changeset="12532218" timestamp="2012-07-29T09:24:13Z" user="mjhc" uid="367541" lat="36.8995272" lon="127.1398188"/>
 <node id="1842433960" visible="true" version="1" changeset="12532218" timestamp="2012-07-29T09:24:13Z" user="mjhc" uid="367541" lat="36.9079017" lon="127.1512340"/>
 <node id="1842433962" visible="true" version="1" changeset="12532218" timestamp="2012-07-29T09:24:13Z" user="mjhc" uid="367541" lat="36.9013429" lon="127.1482141"/>
 <node id="1842433963" visible="true" version="1" changeset="12532218" timestamp="2012-07-29T09:24:13Z" user="mjhc" uid="367541" lat="36.9079263" lon="127.1484287"/>
 <node id="1842433964" visible="true" version="1" changeset="12532218" timestamp="2012-07-29T09:24:13Z" user="mjhc" uid="367541" lat="36.9003477" lon="127.1434559"/>
 <node id="1842433965" visible="true" version="1" changeset="12532218" timestamp="2012-07-29T09:24:13Z" user="mjhc" uid="367541" lat="36.9094842" lon="127.1495284"/>
 <node id="1842433966" visible="true" version="1" changeset="12532218" timestamp="2012-07-29T09:24:13Z" user="mjhc" uid="367541" lat="36.9023939" lon="127.1389015"/>
 <node id="1842433967" visible="true" version="1" changeset="12532218" timestamp="2012-07-29T09:24:13Z" user="mjhc" uid="367541" lat="36.8989406" lon="127.1398886"/>
 <node id="1842433968" visible="true" version="1" changeset="12532218" timestamp="2012-07-29T09:24:13Z" user="mjhc" uid="367541" lat="36.9063060" lon="127.1547155"/>
 <node id="1842433969" visible="true" version="1" changeset="12532218" timestamp="2012-07-29T09:24:13Z" user="mjhc" uid="367541" lat="36.9014373" lon="127.1550052"/>
 <node id="1842433970" visible="true" version="1" changeset="12532218" timestamp="2012-07-29T09:24:13Z" user="mjhc" uid="367541" lat="36.9029430" lon="127.1574031"/>
 <node id="1842433971" visible="true" version="1" changeset="12532218" timestamp="2012-07-29T09:24:13Z" user="mjhc" uid="367541" lat="36.9081633" lon="127.1523928"/>
 <node id="1842433973" visible="true" version="1" changeset="12532218" timestamp="2012-07-29T09:24:13Z" user="mjhc" uid="367541" lat="36.9080604" lon="127.1523874"/>
 <node id="1842433974" visible="true" version="1" changeset="12532218" timestamp="2012-07-29T09:24:13Z" user="mjhc" uid="367541" lat="36.9057183" lon="127.1451028"/>
 <node id="1842433976" visible="true" version="1" changeset="12532218" timestamp="2012-07-29T09:24:13Z" user="mjhc" uid="367541" lat="36.9076400" lon="127.1464761"/>
 <node id="1842433978" visible="true" version="1" changeset="12532218" timestamp="2012-07-29T09:24:13Z" user="mjhc" uid="367541" lat="36.9087928" lon="127.1515025"/>
 <node id="1842433980" visible="true" version="1" changeset="12532218" timestamp="2012-07-29T09:24:14Z" user="mjhc" uid="367541" lat="36.8992666" lon="127.1401622"/>
 <node id="1842433982" visible="true" version="1" changeset="12532218" timestamp="2012-07-29T09:24:14Z" user="mjhc" uid="367541" lat="36.8999316" lon="127.1497591"/>
 <node id="1842433983" visible="true" version="1" changeset="12532218" timestamp="2012-07-29T09:24:14Z" user="mjhc" uid="367541" lat="36.8992881" lon="127.1448024"/>
 <node id="1842433984" visible="true" version="1" changeset="12532218" timestamp="2012-07-29T09:24:14Z" user="mjhc" uid="367541" lat="36.8994640" lon="127.1449418"/>
 <node id="1842433985" visible="true" version="1" changeset="12532218" timestamp="2012-07-29T09:24:14Z" user="mjhc" uid="367541" lat="36.9077172" lon="127.1466102"/>
 <node id="1842433986" visible="true" version="1" changeset="12532218" timestamp="2012-07-29T09:24:14Z" user="mjhc" uid="367541" lat="36.9079478" lon="127.1486969"/>
 <node id="1842433987" visible="true" version="1" changeset="12532218" timestamp="2012-07-29T09:24:14Z" user="mjhc" uid="367541" lat="36.9077901" lon="127.1460952"/>
 <node id="1842433988" visible="true" version="1" changeset="12532218" timestamp="2012-07-29T09:24:14Z" user="mjhc" uid="367541" lat="36.9016861" lon="127.1552305"/>
 <node id="1842433989" visible="true" version="1" changeset="12532218" timestamp="2012-07-29T09:24:14Z" user="mjhc" uid="367541" lat="36.9001160" lon="127.1517598"/>
 <node id="1842433990" visible="true" version="1" changeset="12532218" timestamp="2012-07-29T09:24:14Z" user="mjhc" uid="367541" lat="36.8999144" lon="127.1445878"/>
 <node id="1842434002" visible="true" version="1" changeset="12532218" timestamp="2012-07-29T09:24:14Z" user="mjhc" uid="367541" lat="36.8995841" lon="127.1510087"/>
 <node id="1842434004" visible="true" version="1" changeset="12532218" timestamp="2012-07-29T09:24:14Z" user="mjhc" uid="367541" lat="36.9027414" lon="127.1580522"/>
 <node id="1842434006" visible="true" version="1" changeset="12532218" timestamp="2012-07-29T09:24:14Z" user="mjhc" uid="367541" lat="36.8994211" lon="127.1424689"/>
 <node id="1842434008" visible="true" version="1" changeset="12532218" timestamp="2012-07-29T09:24:14Z" user="mjhc" uid="367541" lat="36.9009868" lon="127.1470715"/>
 <node id="1842434010" visible="true" version="1" changeset="12532218" timestamp="2012-07-29T09:24:14Z" user="mjhc" uid="367541" lat="36.9029473" lon="127.1556060"/>
 <node id="1842434015" visible="true" version="1" changeset="12532218" timestamp="2012-07-29T09:24:14Z" user="mjhc" uid="367541" lat="36.9025741" lon="127.1570330"/>
 <node id="1842434017" visible="true" version="1" changeset="12532218" timestamp="2012-07-29T09:24:14Z" user="mjhc" uid="367541" lat="36.9024582" lon="127.1583848"/>
 <node id="1842434020" visible="true" version="1" changeset="12532218" timestamp="2012-07-29T09:24:14Z" user="mjhc" uid="367541" lat="36.9084850" lon="127.1529775"/>
 <node id="1842434023" visible="true" version="1" changeset="12532218" timestamp="2012-07-29T09:24:14Z" user="mjhc" uid="367541" lat="36.9023381" lon="127.1469267"/>
 <node id="1842434025" visible="true" version="1" changeset="12532218" timestamp="2012-07-29T09:24:14Z" user="mjhc" uid="367541" lat="36.9023757" lon="127.1567543"/>
 <node id="1842434026" visible="true" version="1" changeset="12532218" timestamp="2012-07-29T09:24:14Z" user="mjhc" uid="367541" lat="36.9076690" lon="127.1534874"/>
 <node id="1842434028" visible="true" version="1" changeset="12532218" timestamp="2012-07-29T09:24:14Z" user="mjhc" uid="367541" lat="36.9010340" lon="127.1390624"/>
 <node id="1842434030" visible="true" version="1" changeset="12532218" timestamp="2012-07-29T09:24:14Z" user="mjhc" uid="367541" lat="36.8996902" lon="127.1448077"/>
 <node id="1842434032" visible="true" version="1" changeset="12532218" timestamp="2012-07-29T09:24:14Z" user="mjhc" uid="367541" lat="36.9076400" lon="127.1524088"/>
 <node id="1842434033" visible="true" version="1" changeset="12532218" timestamp="2012-07-29T09:24:14Z" user="mjhc" uid="367541" lat="36.9060947" lon="127.1552201"/>
 <node id="1842434035" visible="true" version="1" changeset="12532218" timestamp="2012-07-29T09:24:14Z" user="mjhc" uid="367541" lat="36.9038567" lon="127.1561586"/>
 <node id="1842434037" visible="true" version="1" changeset="12532218" timestamp="2012-07-29T09:24:14Z" user="mjhc" uid="367541" lat="36.9094671" lon="127.1514057"/>
 <node id="1842434039" visible="true" version="1" changeset="12532218" timestamp="2012-07-29T09:24:14Z" user="mjhc" uid="367541" lat="36.9013815" lon="127.1477904"/>
 <node id="1842434041" visible="true" version="1" changeset="12532218" timestamp="2012-07-29T09:24:14Z" user="mjhc" uid="367541" lat="36.9083049" lon="127.1547799"/>
 <node id="1842434056" visible="true" version="1" changeset="12532218" timestamp="2012-07-29T09:24:15Z" user="mjhc" uid="367541" lat="36.9085279" lon="127.1524196"/>
 <node id="1842434058" visible="true" version="1" changeset="12532218" timestamp="2012-07-29T09:24:15Z" user="mjhc" uid="367541" lat="36.9007852" lon="127.1492066"/>
 <node id="1842434060" visible="true" version="1" changeset="12532218" timestamp="2012-07-29T09:24:15Z" user="mjhc" uid="367541" lat="36.9089215" lon="127.1515401"/>
 <node id="1842434063" visible="true" version="1" changeset="12532218" timestamp="2012-07-29T09:24:15Z" user="mjhc" uid="367541" lat="36.9057827" lon="127.1434935"/>
 <node id="1842434066" visible="true" version="1" changeset="12532218" timestamp="2012-07-29T09:24:15Z" user="mjhc" uid="367541" lat="36.9071253" lon="127.1550213"/>
 <node id="1842434070" visible="true" version="1" changeset="12532218" timestamp="2012-07-29T09:24:15Z" user="mjhc" uid="367541" lat="36.9055929" lon="127.1424420"/>
 <node id="1842434076" visible="true" version="1" changeset="12532218" timestamp="2012-07-29T09:24:15Z" user="mjhc" uid="367541" lat="36.9077001" lon="127.1463151"/>
 <node id="1842434079" visible="true" version="1" changeset="12532218" timestamp="2012-07-29T09:24:15Z" user="mjhc" uid="367541" lat="36.9102812" lon="127.1500649"/>
 <node id="1842434083" visible="true" version="1" changeset="12532218" timestamp="2012-07-29T09:24:15Z" user="mjhc" uid="367541" lat="36.9030448" lon="127.1384563"/>
 <node id="1842434085" visible="true" version="1" changeset="12532218" timestamp="2012-07-29T09:24:15Z" user="mjhc" uid="367541" lat="36.9040497" lon="127.1593075"/>
 <node id="1842434087" visible="true" version="1" changeset="12532218" timestamp="2012-07-29T09:24:15Z" user="mjhc" uid="367541" lat="36.9013590" lon="127.1387191"/>
 <node id="1842434089" visible="true" version="1" changeset="12532218" timestamp="2012-07-29T09:24:15Z" user="mjhc" uid="367541" lat="36.8994168" lon="127.1510785"/>
 <node id="1842434091" visible="true" version="1" changeset="12532218" timestamp="2012-07-29T09:24:15Z" user="mjhc" uid="367541" lat="36.9029601" lon="127.1419163"/>
 <node id="1842434097" visible="true" version="1" changeset="12532218" timestamp="2012-07-29T09:24:15Z" user="mjhc" uid="367541" lat="36.9089311" lon="127.1508532"/>
 <node id="1842434099" visible="true" version="1" changeset="12532218" timestamp="2012-07-29T09:24:15Z" user="mjhc" uid="367541" lat="36.8992194" lon="127.1511589"/>
 <node id="1842434101" visible="true" version="1" changeset="12532218" timestamp="2012-07-29T09:24:15Z" user="mjhc" uid="367541" lat="36.9074727" lon="127.1525054"/>
 <node id="1842434114" visible="true" version="1" changeset="12532218" timestamp="2012-07-29T09:24:15Z" user="mjhc" uid="367541" lat="36.9027328" lon="127.1397974"/>
 <node id="1842434117" visible="true" version="1" changeset="12532218" timestamp="2012-07-29T09:24:16Z" user="mjhc" uid="367541" lat="36.8992323" lon="127.1512662"/>
 <node id="1842434121" visible="true" version="1" changeset="12532218" timestamp="2012-07-29T09:24:16Z" user="mjhc" uid="367541" lat="36.9096644" lon="127.1494801"/>
 <node id="1842434124" visible="true" version="1" changeset="12532218" timestamp="2012-07-29T09:24:16Z" user="mjhc" uid="367541" lat="36.9025515" lon="127.1394487"/>
 <node id="1842434127" visible="true" version="1" changeset="12532218" timestamp="2012-07-29T09:24:16Z" user="mjhc" uid="367541" lat="36.9030674" lon="127.1389766"/>
 <node id="1842434131" visible="true" version="1" changeset="12532218" timestamp="2012-07-29T09:24:16Z" user="mjhc" uid="367541" lat="36.9098780" lon="127.1496840"/>
 <node id="1842434134" visible="true" version="1" changeset="12532218" timestamp="2012-07-29T09:24:16Z" user="mjhc" uid="367541" lat="36.9011155" lon="127.1383865"/>
 <node id="1842434138" visible="true" version="1" changeset="12532218" timestamp="2012-07-29T09:24:16Z" user="mjhc" uid="367541" lat="36.9034835" lon="127.1594792"/>
 <node id="1842434141" visible="true" version="1" changeset="12532218" timestamp="2012-07-29T09:24:16Z" user="mjhc" uid="367541" lat="36.9025269" lon="127.1577196"/>
 <node id="1842434143" visible="true" version="1" changeset="12532218" timestamp="2012-07-29T09:24:16Z" user="mjhc" uid="367541" lat="36.8993052" lon="127.1507030"/>
 <node id="1842434148" visible="true" version="1" changeset="12532218" timestamp="2012-07-29T09:24:16Z" user="mjhc" uid="367541" lat="36.8993782" lon="127.1404947"/>
 <node id="1842434151" visible="true" version="1" changeset="12532218" timestamp="2012-07-29T09:24:16Z" user="mjhc" uid="367541" lat="36.9076046" lon="127.1459128"/>
 <node id="1842434154" visible="true" version="1" changeset="12532218" timestamp="2012-07-29T09:24:16Z" user="mjhc" uid="367541" lat="36.8993310" lon="127.1395989"/>
 <node id="1842434157" visible="true" version="1" changeset="12532218" timestamp="2012-07-29T09:24:16Z" user="mjhc" uid="367541" lat="36.9040400" lon="127.1392126"/>
 <node id="1842434160" visible="true" version="1" changeset="12532218" timestamp="2012-07-29T09:24:16Z" user="mjhc" uid="367541" lat="36.8999648" lon="127.1386655"/>
 <node id="1842434162" visible="true" version="1" changeset="12532218" timestamp="2012-07-29T09:24:16Z" user="mjhc" uid="367541" lat="36.9093813" lon="127.1495284"/>
 <node id="1842434164" visible="true" version="1" changeset="12532218" timestamp="2012-07-29T09:24:16Z" user="mjhc" uid="367541" lat="36.9076572" lon="127.1463795"/>
 <node id="1842434166" visible="true" version="1" changeset="12532218" timestamp="2012-07-29T09:24:16Z" user="mjhc" uid="367541" lat="36.8999305" lon="127.1455963"/>
 <node id="1842434167" visible="true" version="1" changeset="12532218" timestamp="2012-07-29T09:24:16Z" user="mjhc" uid="367541" lat="36.9093341" lon="127.1494748"/>
 <node id="1842434179" visible="true" version="1" changeset="12532218" timestamp="2012-07-29T09:24:16Z" user="mjhc" uid="367541" lat="36.9031789" lon="127.1402212"/>
 <node id="1842434183" visible="true" version="1" changeset="12532218" timestamp="2012-07-29T09:24:16Z" user="mjhc" uid="367541" lat="36.9027360" lon="127.1418037"/>
 <node id="1842434186" visible="true" version="1" changeset="12532218" timestamp="2012-07-29T09:24:16Z" user="mjhc" uid="367541" lat="36.9001321" lon="127.1388318"/>
 <node id="1842434189" visible="true" version="1" changeset="12532218" timestamp="2012-07-29T09:24:16Z" user="mjhc" uid="367541" lat="36.9025140" lon="127.1575050"/>
 <node id="1842434192" visible="true" version="1" changeset="12532218" timestamp="2012-07-29T09:24:16Z" user="mjhc" uid="367541" lat="36.9009139" lon="127.1462615"/>
 <node id="1842434195" visible="true" version="1" changeset="12532218" timestamp="2012-07-29T09:24:16Z" user="mjhc" uid="367541" lat="36.8992023" lon="127.1411009"/>
 <node id="1962804743" visible="true" version="4" changeset="84949285" timestamp="2020-05-09T19:37:49Z" user="KLADESS" uid="632805" lat="36.9092507" lon="127.1445885"/>
 <node id="1962804749" visible="true" version="4" changeset="84949285" timestamp="2020-05-09T19:37:49Z" user="KLADESS" uid="632805" lat="36.9093429" lon="127.1446110"/>
 <node id="1962804751" visible="true" version="2" changeset="164892965" timestamp="2025-04-13T12:43:26Z" user="LuxuryCoop" uid="7245212" lat="36.9099368" lon="127.1437357">
  <tag k="amenity" v="cafe"/>
 </node>
 <node id="1962804755" visible="true" version="3" changeset="84947469" timestamp="2020-05-09T18:22:56Z" user="KLADESS" uid="632805" lat="36.9097064" lon="127.1473968"/>
 <node id="1962804759" visible="true" version="2" changeset="84947469" timestamp="2020-05-09T18:22:56Z" user="KLADESS" uid="632805" lat="36.9073271" lon="127.1421431"/>
 <node id="1962804761" visible="true" version="3" changeset="84947469" timestamp="2020-05-09T18:22:56Z" user="KLADESS" uid="632805" lat="36.9092623" lon="127.1451517"/>
 <node id="1962804763" visible="true" version="1" changeset="13480770" timestamp="2012-10-13T16:01:06Z" user="KLADESS" uid="632805" lat="36.9107132" lon="127.1468191"/>
 <node id="1962804794" visible="true" version="2" changeset="84947469" timestamp="2020-05-09T18:22:56Z" user="KLADESS" uid="632805" lat="36.9073301" lon="127.1419823"/>
 <node id="1962804798" visible="true" version="3" changeset="84947469" timestamp="2020-05-09T18:22:56Z" user="KLADESS" uid="632805" lat="36.9102575" lon="127.1452182"/>
 <node id="1962804801" visible="true" version="2" changeset="48871295" timestamp="2017-05-21T21:42:38Z" user="ckbang7" uid="6050552" lat="36.9083192" lon="127.1472909"/>
 <node id="1962804803" visible="true" version="2" changeset="23095320" timestamp="2014-06-23T07:44:55Z" user="aquilegia" uid="476671" lat="36.9105310" lon="127.1470774"/>
 <node id="1962804806" visible="true" version="4" changeset="164892965" timestamp="2025-04-13T12:43:26Z" user="LuxuryCoop" uid="7245212" lat="36.9078277" lon="127.1426940"/>
 <node id="1962804809" visible="true" version="2" changeset="84947469" timestamp="2020-05-09T18:22:56Z" user="KLADESS" uid="632805" lat="36.9074516" lon="127.1419421"/>
 <node id="1962804812" visible="true" version="3" changeset="84947469" timestamp="2020-05-09T18:22:56Z" user="KLADESS" uid="632805" lat="36.9093931" lon="127.1451219"/>
 <node id="1962804814" visible="true" version="2" changeset="84947469" timestamp="2020-05-09T18:22:56Z" user="KLADESS" uid="632805" lat="36.9084657" lon="127.1418311"/>
 <node id="1962804817" visible="true" version="2" changeset="84947469" timestamp="2020-05-09T18:22:56Z" user="KLADESS" uid="632805" lat="36.9074880" lon="127.1421580"/>
 <node id="1962804819" visible="true" version="2" changeset="75183660" timestamp="2019-10-02T10:06:36Z" user="tlsdkxm" uid="5194197" lat="36.9091937" lon="127.1479349"/>
 <node id="1962804821" visible="true" version="2" changeset="84947469" timestamp="2020-05-09T18:22:56Z" user="KLADESS" uid="632805" lat="36.9074249" lon="127.1421965"/>
 <node id="1962804822" visible="true" version="1" changeset="13480770" timestamp="2012-10-13T16:01:06Z" user="KLADESS" uid="632805" lat="36.9104473" lon="127.1472134"/>
 <node id="1962804824" visible="true" version="3" changeset="84947469" timestamp="2020-05-09T18:22:56Z" user="KLADESS" uid="632805" lat="36.9085905" lon="127.1426760"/>
 <node id="1962804826" visible="true" version="2" changeset="84947469" timestamp="2020-05-09T18:22:56Z" user="KLADESS" uid="632805" lat="36.9073878" lon="127.1421938"/>
 <node id="1962804828" visible="true" version="2" changeset="84947469" timestamp="2020-05-09T18:22:56Z" user="KLADESS" uid="632805" lat="36.9074590" lon="127.1421841"/>
 <node id="1962804830" visible="true" version="3" changeset="75183660" timestamp="2019-10-02T10:06:36Z" user="tlsdkxm" uid="5194197" lat="36.9109248" lon="127.1468305"/>
 <node id="1962804832" visible="true" version="3" changeset="84947469" timestamp="2020-05-09T18:22:56Z" user="KLADESS" uid="632805" lat="36.9091516" lon="127.1443922"/>
 <node id="1962804834" visible="true" version="1" changeset="13480770" timestamp="2012-10-13T16:01:06Z" user="KLADESS" uid="632805" lat="36.9106403" lon="127.1434245">
  <tag k="amenity" v="atm"/>
 </node>
 <node id="1962804835" visible="true" version="2" changeset="84947469" timestamp="2020-05-09T18:22:56Z" user="KLADESS" uid="632805" lat="36.9097391" lon="127.1442918"/>
 <node id="1962804849" visible="true" version="3" changeset="75183660" timestamp="2019-10-02T10:06:36Z" user="tlsdkxm" uid="5194197" lat="36.9089704" lon="127.1479331"/>
 <node id="1962804852" visible="true" version="1" changeset="13480770" timestamp="2012-10-13T16:01:07Z" user="KLADESS" uid="632805" lat="36.9112151" lon="127.1439127">
  <tag k="leisure" v="sports_centre"/>
 </node>
 <node id="1962804856" visible="true" version="3" changeset="84949285" timestamp="2020-05-09T19:37:49Z" user="KLADESS" uid="632805" lat="36.9092886" lon="127.1446334"/>
 <node id="1962804858" visible="true" version="4" changeset="84949285" timestamp="2020-05-09T19:37:49Z" user="KLADESS" uid="632805" lat="36.9093241" lon="127.1443911"/>
 <node id="1962804860" visible="true" version="4" changeset="84949285" timestamp="2020-05-09T19:37:49Z" user="KLADESS" uid="632805" lat="36.9092393" lon="127.1445373"/>
 <node id="1962804862" visible="true" version="1" changeset="13480770" timestamp="2012-10-13T16:01:07Z" user="KLADESS" uid="632805" lat="36.9088517" lon="127.1463428">
  <tag k="amenity" v="restaurant"/>
 </node>
 <node id="1962804867" visible="true" version="3" changeset="164892965" timestamp="2025-04-13T12:43:26Z" user="LuxuryCoop" uid="7245212" lat="36.9083708" lon="127.1419899"/>
 <node id="1962804868" visible="true" version="2" changeset="188532140" timestamp="2026-09-04T15:42:54Z" user="tlsdkxm" uid="5194197" lat="36.9092282" lon="127.1476295"/>
 <node id="1962804869" visible="true" version="2" changeset="84947469" timestamp="2020-05-09T18:22:56Z" user="KLADESS" uid="632805" lat="36.9075084" lon="127.1421213"/>
 <node id="1962804870" visible="true" version="3" changeset="84947469" timestamp="2020-05-09T18:22:56Z" user="KLADESS" uid="632805" lat="36.9093506" lon="127.1465569"/>
 <node id="1962804871" visible="true" version="3" changeset="188532140" timestamp="2026-09-04T15:42:54Z" user="tlsdkxm" uid="5194197" lat="36.9093260" lon="127.1476127"/>
 <node id="1962804872" visible="true" version="3" changeset="84947469" timestamp="2020-05-09T18:22:56Z" user="KLADESS" uid="632805" lat="36.9098544" lon="127.1453077"/>
 <node id="1962804875" visible="true" version="3" changeset="84947469" timestamp="2020-05-09T18:22:56Z" user="KLADESS" uid="632805" lat="36.9095761" lon="127.1464519"/>
 <node id="1962804881" visible="true" version="4" changeset="164892965" timestamp="2025-04-13T12:43:26Z" user="LuxuryCoop" uid="7245212" lat="36.9084473" lon="127.1425651"/>
 <node id="1962804883" visible="true" version="3" changeset="84947469" timestamp="2020-05-09T18:22:56Z" user="KLADESS" uid="632805" lat="36.9102607" lon="127.1468443"/>
 <node id="1962804909" visible="true" version="1" changeset="13480770" timestamp="2012-10-13T16:01:07Z" user="KLADESS" uid="632805" lat="36.9073118" lon="127.1434889">
  <tag k="amenity" v="atm"/>
 </node>
 <node id="1962804916" visible="true" version="3" changeset="84947469" timestamp="2020-05-09T18:22:56Z" user="KLADESS" uid="632805" lat="36.9091825" lon="127.1446046"/>
 <node id="1962804919" visible="true" version="3" changeset="84947469" timestamp="2020-05-09T18:22:56Z" user="KLADESS" uid="632805" lat="36.9094181" lon="127.1452938"/>
 <node id="1962804922" visible="true" version="4" changeset="84949285" timestamp="2020-05-09T19:37:49Z" user="KLADESS" uid="632805" lat="36.9092965" lon="127.1443895"/>
 <node id="1962804925" visible="true" version="2" changeset="84947469" timestamp="2020-05-09T18:22:56Z" user="KLADESS" uid="632805" lat="36.9075024" lon="127.1419951"/>
 <node id="1962804931" visible="true" version="3" changeset="84947469" timestamp="2020-05-09T18:22:56Z" user="KLADESS" uid="632805" lat="36.9102843" lon="127.1469624"/>
 <node id="1962804934" visible="true" version="3" changeset="84947469" timestamp="2020-05-09T18:22:56Z" user="KLADESS" uid="632805" lat="36.9093397" lon="127.1472264"/>
 <node id="1962804936" visible="true" version="2" changeset="84947469" timestamp="2020-05-09T18:22:56Z" user="KLADESS" uid="632805" lat="36.9073855" lon="127.1419372"/>
 <node id="1962804939" visible="true" version="3" changeset="84947469" timestamp="2020-05-09T18:22:56Z" user="KLADESS" uid="632805" lat="36.9102263" lon="127.1466084"/>
 <node id="1962804942" visible="true" version="1" changeset="13480770" timestamp="2012-10-13T16:01:08Z" user="KLADESS" uid="632805" lat="36.9088131" lon="127.1464018">
  <tag k="amenity" v="cafe"/>
 </node>
 <node id="1962804946" visible="true" version="2" changeset="84947469" timestamp="2020-05-09T18:22:56Z" user="KLADESS" uid="632805" lat="36.9073109" lon="127.1421014"/>
 <node id="1962804948" visible="true" version="2" changeset="84947469" timestamp="2020-05-09T18:22:56Z" user="KLADESS" uid="632805" lat="36.9097118" lon="127.1443525"/>
 <node id="1962804952" visible="true" version="2" changeset="75183660" timestamp="2019-10-02T10:06:36Z" user="tlsdkxm" uid="5194197" lat="36.9090778" lon="127.1479515"/>
 <node id="1962804954" visible="true" version="1" changeset="13480770" timestamp="2012-10-13T16:01:08Z" user="KLADESS" uid="632805" lat="36.9098640" lon="127.1438537">
  <tag k="amenity" v="post_office"/>
 </node>
 <node id="1962804956" visible="true" version="3" changeset="84943965" timestamp="2020-05-09T16:18:11Z" user="KLADESS" uid="632805" lat="36.9093543" lon="127.1444175"/>
 <node id="1962804958" visible="true" version="3" changeset="84947469" timestamp="2020-05-09T18:22:56Z" user="KLADESS" uid="632805" lat="36.9100776" lon="127.1440254"/>
 <node id="1962804983" visible="true" version="1" changeset="13480770" timestamp="2012-10-13T16:01:08Z" user="KLADESS" uid="632805" lat="36.9106339" lon="127.1469103"/>
 <node id="1962804986" visible="true" version="2" changeset="84947469" timestamp="2020-05-09T18:22:56Z" user="KLADESS" uid="632805" lat="36.9086845" lon="127.1427026"/>
 <node id="1962804989" visible="true" version="2" changeset="84947469" timestamp="2020-05-09T18:22:56Z" user="KLADESS" uid="632805" lat="36.9099433" lon="127.1473325"/>
 <node id="1962804992" visible="true" version="2" changeset="84947469" timestamp="2020-05-09T18:22:56Z" user="KLADESS" uid="632805" lat="36.9074189" lon="127.1419330"/>
 <node id="1962804995" visible="true" version="2" changeset="84947469" timestamp="2020-05-09T18:22:56Z" user="KLADESS" uid="632805" lat="36.9100119" lon="127.1463455"/>
 <node id="1962804997" visible="true" version="1" changeset="13480770" timestamp="2012-10-13T16:01:08Z" user="KLADESS" uid="632805" lat="36.9103658" lon="127.1472992"/>
 <node id="1962805001" visible="true" version="3" changeset="84947469" timestamp="2020-05-09T18:22:56Z" user="KLADESS" uid="632805" lat="36.9091745" lon="127.1445493"/>
 <node id="1962805004" visible="true" version="1" changeset="13480770" timestamp="2012-10-13T16:01:08Z" user="KLADESS" uid="632805" lat="36.9090061" lon="127.1435747">
  <tag k="amenity" v="library"/>
 </node>
 <node id="1962805007" visible="true" version="2" changeset="84947469" timestamp="2020-05-09T18:22:56Z" user="KLADESS" uid="632805" lat="36.9086843" lon="127.1429338"/>
 <node id="1962805010" visible="true" version="3" changeset="84947469" timestamp="2020-05-09T18:22:56Z" user="KLADESS" uid="632805" lat="36.9091058" lon="127.1453650"/>
 <node id="1962805012" visible="true" version="2" changeset="84947469" timestamp="2020-05-09T18:22:56Z" user="KLADESS" uid="632805" lat="36.9073549" lon="127.1419542"/>
 <node id="1962805018" visible="true" version="1" changeset="13480770" timestamp="2012-10-13T16:01:09Z" user="KLADESS" uid="632805" lat="36.9080710" lon="127.1469543"/>
 <node id="1962805020" visible="true" version="4" changeset="84949285" timestamp="2020-05-09T19:37:49Z" user="KLADESS" uid="632805" lat="36.9093650" lon="127.1445660"/>
 <node id="1962805026" visible="true" version="1" changeset="13480770" timestamp="2012-10-13T16:01:09Z" user="KLADESS" uid="632805" lat="36.9089503" lon="127.1434942">
  <tag k="amenity" v="atm"/>
 </node>
 <node id="1962805031" visible="true" version="4" changeset="84947469" timestamp="2020-05-09T18:22:56Z" user="KLADESS" uid="632805" lat="36.9089700" lon="127.1444336"/>
 <node id="1962805034" visible="true" version="2" changeset="84947469" timestamp="2020-05-09T18:22:56Z" user="KLADESS" uid="632805" lat="36.9097170" lon="127.1443150"/>
 <node id="1962805038" visible="true" version="3" changeset="84947469" timestamp="2020-05-09T18:22:56Z" user="KLADESS" uid="632805" lat="36.9076930" lon="127.1440104"/>
 <node id="1962805058" visible="true" version="1" changeset="13480770" timestamp="2012-10-13T16:01:09Z" user="KLADESS" uid="632805" lat="36.9096602" lon="127.1477348"/>
 <node id="1962805060" visible="true" version="2" changeset="84947469" timestamp="2020-05-09T18:22:56Z" user="KLADESS" uid="632805" lat="36.9073135" lon="127.1420188"/>
 <node id="1962805063" visible="true" version="2" changeset="84947469" timestamp="2020-05-09T18:22:56Z" user="KLADESS" uid="632805" lat="36.9087211" lon="127.1428745"/>
 <node id="1962805070" visible="true" version="1" changeset="13480770" timestamp="2012-10-13T16:01:09Z" user="KLADESS" uid="632805" lat="36.9107904" lon="127.1467950"/>
 <node id="1962805072" visible="true" version="2" changeset="50592794" timestamp="2017-07-26T15:21:32Z" user="user_5292863" uid="5292863" lat="36.9104580" lon="127.1425367">
  <tag k="highway" v="bus_stop"/>
  <tag k="name" v="남서울대학교주차장"/>
  <tag k="ref" v="천안545"/>
 </node>
 <node id="1962805076" visible="true" version="1" changeset="13480770" timestamp="2012-10-13T16:01:09Z" user="KLADESS" uid="632805" lat="36.9098554" lon="127.1437410">
  <tag k="amenity" v="restaurant"/>
 </node>
 <node id="1962805079" visible="true" version="2" changeset="84947469" timestamp="2020-05-09T18:22:56Z" user="KLADESS" uid="632805" lat="36.9070624" lon="127.1421672"/>
 <node id="1962805086" visible="true" version="2" changeset="84947469" timestamp="2020-05-09T18:22:56Z" user="KLADESS" uid="632805" lat="36.9071353" lon="127.1421377"/>
 <node id="1962805088" visible="true" version="2" changeset="84947469" timestamp="2020-05-09T18:22:56Z" user="KLADESS" uid="632805" lat="36.9101663" lon="127.1472306"/>
 <node id="1962805090" visible="true" version="2" changeset="84947469" timestamp="2020-05-09T18:22:56Z" user="KLADESS" uid="632805" lat="36.9070335" lon="127.1422115"/>
 <node id="1962805092" visible="true" version="2" changeset="84947469" timestamp="2020-05-09T18:22:56Z" user="KLADESS" uid="632805" lat="36.9073538" lon="127.1421752"/>
 <node id="1962805094" visible="true" version="2" changeset="84947469" timestamp="2020-05-09T18:22:56Z" user="KLADESS" uid="632805" lat="36.9073069" lon="127.1420598"/>
 <node id="1962805097" visible="true" version="2" changeset="164892965" timestamp="2025-04-13T12:43:26Z" user="LuxuryCoop" uid="7245212" lat="36.9104967" lon="127.1449615">
  <tag k="amenity" v="cafe"/>
 </node>
 <node id="1962805100" visible="true" version="2" changeset="84947469" timestamp="2020-05-09T18:22:56Z" user="KLADESS" uid="632805" lat="36.9075179" lon="127.1420782"/>
 <node id="1962805103" visible="true" version="1" changeset="13480770" timestamp="2012-10-13T16:01:10Z" user="KLADESS" uid="632805" lat="36.9100956" lon="127.1474789"/>
 <node id="1962805123" visible="true" version="3" changeset="164892965" timestamp="2025-04-13T12:43:26Z" user="LuxuryCoop" uid="7245212" lat="36.9077512" lon="127.1421188"/>
 <node id="1962805125" visible="true" version="2" changeset="164892965" timestamp="2025-04-13T12:43:26Z" user="LuxuryCoop" uid="7245212" lat="36.9107218" lon="127.1463106">
  <tag k="access" v="customers"/>
  <tag k="amenity" v="parking"/>
  <tag k="fee" v="no"/>
  <tag k="operator" v="남서울대학교"/>
  <tag k="parking" v="surface"/>
 </node>
 <node id="1962805128" visible="true" version="2" changeset="84947469" timestamp="2020-05-09T18:22:56Z" user="KLADESS" uid="632805" lat="36.9101070" lon="127.1442207"/>
 <node id="1962805133" visible="true" version="2" changeset="84947469" timestamp="2020-05-09T18:22:56Z" user="KLADESS" uid="632805" lat="36.9074804" lon="127.1419635"/>
 <node id="1962805135" visible="true" version="4" changeset="84949285" timestamp="2020-05-09T19:37:49Z" user="KLADESS" uid="632805" lat="36.9092584" lon="127.1444276"/>
 <node id="1962805137" visible="true" version="2" changeset="84947469" timestamp="2020-05-09T18:22:56Z" user="KLADESS" uid="632805" lat="36.9075165" lon="127.1420420"/>
 <node id="1962805139" visible="true" version="2" changeset="48871295" timestamp="2017-05-21T21:42:38Z" user="ckbang7" uid="6050552" lat="36.9092846" lon="127.1479113"/>
 <node id="1962805141" visible="true" version="2" changeset="84947469" timestamp="2020-05-09T18:22:56Z" user="KLADESS" uid="632805" lat="36.9072817" lon="127.1441018"/>
 <node id="1962805147" visible="true" version="1" changeset="13480770" timestamp="2012-10-13T16:01:10Z" user="KLADESS" uid="632805" lat="36.9079380" lon="127.1467665"/>
 <node id="1962805148" visible="true" version="2" changeset="143807268" timestamp="2023-11-09T06:12:43Z" user="morago" uid="11113946" lat="36.9077751" lon="127.1465158"/>
 <node id="1962823625" visible="true" version="1" changeset="13480770" timestamp="2012-10-13T16:10:11Z" user="KLADESS" uid="632805" lat="36.9107969" lon="127.1407520"/>
 <node id="1962823627" visible="true" version="1" changeset="13480770" timestamp="2012-10-13T16:10:11Z" user="KLADESS" uid="632805" lat="36.9110585" lon="127.1415673"/>
 <node id="1962823641" visible="true" version="2" changeset="188532339" timestamp="2026-09-04T15:46:52Z" user="tlsdkxm" uid="5194197" lat="36.9095948" lon="127.1426370">
  <tag k="barrier" v="lift_gate"/>
 </node>
 <node id="1962823645" visible="true" version="1" changeset="13480770" timestamp="2012-10-13T16:10:11Z" user="KLADESS" uid="632805" lat="36.9109620" lon="127.1407155"/>
 <node id="1962823647" visible="true" version="1" changeset="13480770" timestamp="2012-10-13T16:10:11Z" user="KLADESS" uid="632805" lat="36.9110800" lon="127.1408861"/>
 <node id="1962823648" visible="true" version="1" changeset="13480770" timestamp="2012-10-13T16:10:11Z" user="KLADESS" uid="632805" lat="36.9109298" lon="127.1414064"/>
 <node id="1962823650" visible="true" version="1" changeset="13480770" timestamp="2012-10-13T16:10:11Z" user="KLADESS" uid="632805" lat="36.9107135" lon="127.1406565"/>
 <node id="1962823652" visible="true" version="1" changeset="13480770" timestamp="2012-10-13T16:10:11Z" user="KLADESS" uid="632805" lat="36.9111529" lon="127.1412669"/>
 <node id="1962823654" visible="true" version="1" changeset="13480770" timestamp="2012-10-13T16:10:11Z" user="KLADESS" uid="632805" lat="36.9108805" lon="127.1408550"/>
 <node id="1962823655" visible="true" version="1" changeset="13480770" timestamp="2012-10-13T16:10:11Z" user="KLADESS" uid="632805" lat="36.9107754" lon="127.1405106"/>
 <node id="1962823657" visible="true" version="1" changeset="13480770" timestamp="2012-10-13T16:10:11Z" user="KLADESS" uid="632805" lat="36.9109684" lon="127.1418034"/>
 <node id="1962823659" visible="true" version="1" changeset="13480770" timestamp="2012-10-13T16:10:11Z" user="KLADESS" uid="632805" lat="36.9108140" lon="127.1411704"/>
 <node id="1962823661" visible="true" version="1" changeset="13480770" timestamp="2012-10-13T16:10:11Z" user="KLADESS" uid="632805" lat="36.9109835" lon="127.1416328"/>
 <node id="1962823662" visible="true" version="1" changeset="13480770" timestamp="2012-10-13T16:10:11Z" user="KLADESS" uid="632805" lat="36.9109770" lon="127.1419965"/>
 <node id="1962823664" visible="true" version="1" changeset="13480770" timestamp="2012-10-13T16:10:11Z" user="KLADESS" uid="632805" lat="36.9111357" lon="127.1416478"/>
 <node id="1962823666" visible="true" version="1" changeset="13480770" timestamp="2012-10-13T16:10:11Z" user="KLADESS" uid="632805" lat="36.9111357" lon="127.1415191"/>
 <node id="1962823668" visible="true" version="1" changeset="13480770" timestamp="2012-10-13T16:10:11Z" user="KLADESS" uid="632805" lat="36.9110585" lon="127.1416425"/>
 <node id="1962823669" visible="true" version="1" changeset="13480770" timestamp="2012-10-13T16:10:11Z" user="KLADESS" uid="632805" lat="36.9109105" lon="127.1410373"/>
 <node id="1962823670" visible="true" version="1" changeset="13480770" timestamp="2012-10-13T16:10:11Z" user="KLADESS" uid="632805" lat="36.9109770" lon="127.1410363"/>
 <node id="1962823671" visible="true" version="2" changeset="84947469" timestamp="2020-05-09T18:22:56Z" user="KLADESS" uid="632805" lat="36.9108122" lon="127.1430175"/>
 <node id="1962823672" visible="true" version="1" changeset="13480770" timestamp="2012-10-13T16:10:12Z" user="KLADESS" uid="632805" lat="36.9109835" lon="127.1418957"/>
 <node id="1962823679" visible="true" version="1" changeset="13480770" timestamp="2012-10-13T16:10:12Z" user="KLADESS" uid="632805" lat="36.9108934" lon="127.1411929"/>
 <node id="1962823681" visible="true" version="2" changeset="84947469" timestamp="2020-05-09T18:22:56Z" user="KLADESS" uid="632805" lat="36.9109084" lon="127.1421843"/>
 <node id="1962823683" visible="true" version="1" changeset="13480770" timestamp="2012-10-13T16:10:12Z" user="KLADESS" uid="632805" lat="36.9111443" lon="127.1410577"/>
 <node id="1962871256" visible="true" version="2" changeset="164892965" timestamp="2025-04-13T12:43:26Z" user="LuxuryCoop" uid="7245212" lat="36.9076180" lon="127.1414821"/>
 <node id="1962871257" visible="true" version="2" changeset="164892965" timestamp="2025-04-13T12:43:26Z" user="LuxuryCoop" uid="7245212" lat="36.9076494" lon="127.1417218"/>
 <node id="1962871261" visible="true" version="2" changeset="164892965" timestamp="2025-04-13T12:43:26Z" user="LuxuryCoop" uid="7245212" lat="36.9078137" lon="127.1410473"/>
 <node id="1962871275" visible="true" version="2" changeset="164892965" timestamp="2025-04-13T12:43:26Z" user="LuxuryCoop" uid="7245212" lat="36.9078641" lon="127.1414316"/>
 <node id="1962871277" visible="true" version="3" changeset="164892965" timestamp="2025-04-13T12:43:26Z" user="LuxuryCoop" uid="7245212" lat="36.9079406" lon="127.1446537"/>
 <node id="1962871280" visible="true" version="3" changeset="164892965" timestamp="2025-04-13T12:43:26Z" user="LuxuryCoop" uid="7245212" lat="36.9080072" lon="127.1451285"/>
 <node id="1962871282" visible="true" version="3" changeset="164892965" timestamp="2025-04-13T12:43:26Z" user="LuxuryCoop" uid="7245212" lat="36.9080803" lon="127.1451124"/>
 <node id="1962871285" visible="true" version="3" changeset="164892965" timestamp="2025-04-13T12:43:26Z" user="LuxuryCoop" uid="7245212" lat="36.9080900" lon="127.1451817"/>
 <node id="1962871287" visible="true" version="3" changeset="164892965" timestamp="2025-04-13T12:43:26Z" user="LuxuryCoop" uid="7245212" lat="36.9081198" lon="127.1446144"/>
 <node id="1962871290" visible="true" version="3" changeset="164892965" timestamp="2025-04-13T12:43:26Z" user="LuxuryCoop" uid="7245212" lat="36.9081227" lon="127.1451745"/>
 <node id="1962871292" visible="true" version="2" changeset="164892965" timestamp="2025-04-13T12:43:26Z" user="LuxuryCoop" uid="7245212" lat="36.9080843" lon="127.1409918"/>
 <node id="1962871295" visible="true" version="1" changeset="13481135" timestamp="2012-10-13T16:28:41Z" user="KLADESS" uid="632805" lat="36.9081322" lon="127.1468298"/>
 <node id="1962871297" visible="true" version="3" changeset="164892965" timestamp="2025-04-13T12:43:26Z" user="LuxuryCoop" uid="7245212" lat="36.9081849" lon="127.1450784"/>
 <node id="1962871299" visible="true" version="3" changeset="164892965" timestamp="2025-04-13T12:43:26Z" user="LuxuryCoop" uid="7245212" lat="36.9081854" lon="127.1456215"/>
 <node id="1962871302" visible="true" version="2" changeset="164892965" timestamp="2025-04-13T12:43:26Z" user="LuxuryCoop" uid="7245212" lat="36.9081435" lon="127.1414429"/>
 <node id="1962871303" visible="true" version="3" changeset="164892965" timestamp="2025-04-13T12:43:26Z" user="LuxuryCoop" uid="7245212" lat="36.9082395" lon="127.1450664"/>
 <node id="1962871305" visible="true" version="1" changeset="13481135" timestamp="2012-10-13T16:28:41Z" user="KLADESS" uid="632805" lat="36.9082050" lon="127.1469523"/>
 <node id="1962871306" visible="true" version="3" changeset="164892965" timestamp="2025-04-13T12:43:26Z" user="LuxuryCoop" uid="7245212" lat="36.9082505" lon="127.1451448"/>
 <node id="1962871308" visible="true" version="3" changeset="164892965" timestamp="2025-04-13T12:43:26Z" user="LuxuryCoop" uid="7245212" lat="36.9082993" lon="127.1451341"/>
 <node id="1962871309" visible="true" version="2" changeset="164892965" timestamp="2025-04-13T12:43:26Z" user="LuxuryCoop" uid="7245212" lat="36.9082657" lon="127.1414179"/>
 <node id="1962871310" visible="true" version="3" changeset="164892965" timestamp="2025-04-13T12:43:26Z" user="LuxuryCoop" uid="7245212" lat="36.9083622" lon="127.1455827"/>
 <node id="1962871312" visible="true" version="2" changeset="164892965" timestamp="2025-04-13T12:43:26Z" user="LuxuryCoop" uid="7245212" lat="36.9082884" lon="127.1415907"/>
 <node id="1962871313" visible="true" version="3" changeset="84943965" timestamp="2020-05-09T16:18:11Z" user="KLADESS" uid="632805" lat="36.9083966" lon="127.1472663"/>
 <node id="1962871321" visible="true" version="1" changeset="13481135" timestamp="2012-10-13T16:28:42Z" user="KLADESS" uid="632805" lat="36.9084309" lon="127.1465253"/>
 <node id="1962871323" visible="true" version="1" changeset="13481135" timestamp="2012-10-13T16:28:42Z" user="KLADESS" uid="632805" lat="36.9084862" lon="127.1466635"/>
 <node id="1962871325" visible="true" version="3" changeset="84943965" timestamp="2020-05-09T16:18:11Z" user="KLADESS" uid="632805" lat="36.9084784" lon="127.1471306"/>
 <node id="1962871328" visible="true" version="4" changeset="164892965" timestamp="2025-04-13T12:43:26Z" user="LuxuryCoop" uid="7245212" lat="36.9085502" lon="127.1446068"/>
 <node id="1962871330" visible="true" version="4" changeset="164892965" timestamp="2025-04-13T12:43:26Z" user="LuxuryCoop" uid="7245212" lat="36.9086567" lon="127.1453483"/>
 <node id="1962871334" visible="true" version="1" changeset="13481135" timestamp="2012-10-13T16:28:42Z" user="KLADESS" uid="632805" lat="36.9086343" lon="127.1464939"/>
 <node id="1962871336" visible="true" version="1" changeset="13481135" timestamp="2012-10-13T16:28:42Z" user="KLADESS" uid="632805" lat="36.9086719" lon="127.1466509"/>
 <node id="1962871338" visible="true" version="4" changeset="164892965" timestamp="2025-04-13T12:43:26Z" user="LuxuryCoop" uid="7245212" lat="36.9087468" lon="127.1445627"/>
 <node id="1962871341" visible="true" version="3" changeset="84943965" timestamp="2020-05-09T16:18:11Z" user="KLADESS" uid="632805" lat="36.9087261" lon="127.1467986"/>
 <node id="1962871346" visible="true" version="3" changeset="84943965" timestamp="2020-05-09T16:18:11Z" user="KLADESS" uid="632805" lat="36.9088010" lon="127.1474280"/>
 <node id="1962871348" visible="true" version="4" changeset="164892965" timestamp="2025-04-13T12:43:26Z" user="LuxuryCoop" uid="7245212" lat="36.9088533" lon="127.1453042"/>
 <node id="1962871351" visible="true" version="3" changeset="84943965" timestamp="2020-05-09T16:18:11Z" user="KLADESS" uid="632805" lat="36.9088656" lon="127.1467805"/>
 <node id="1962871353" visible="true" version="3" changeset="84943965" timestamp="2020-05-09T16:18:11Z" user="KLADESS" uid="632805" lat="36.9088267" lon="127.1474476"/>
 <node id="1962871356" visible="true" version="3" changeset="84943965" timestamp="2020-05-09T16:18:11Z" user="KLADESS" uid="632805" lat="36.9089359" lon="127.1474216"/>
 <node id="1962871357" visible="true" version="1" changeset="13481135" timestamp="2012-10-13T16:28:42Z" user="KLADESS" uid="632805" lat="36.9089029" lon="127.1461580"/>
 <node id="1962871359" visible="true" version="1" changeset="13481135" timestamp="2012-10-13T16:28:42Z" user="KLADESS" uid="632805" lat="36.9089355" lon="127.1463621"/>
 <node id="1962871360" visible="true" version="3" changeset="84943965" timestamp="2020-05-09T16:18:11Z" user="KLADESS" uid="632805" lat="36.9089559" lon="127.1475771"/>
 <node id="1962871372" visible="true" version="3" changeset="84943965" timestamp="2020-05-09T16:18:11Z" user="KLADESS" uid="632805" lat="36.9089812" lon="127.1478073"/>
 <node id="1962871375" visible="true" version="7" changeset="164892965" timestamp="2025-04-13T12:43:26Z" user="LuxuryCoop" uid="7245212" lat="36.9091478" lon="127.1456473"/>
 <node id="1962871377" visible="true" version="7" changeset="164892965" timestamp="2025-04-13T12:43:26Z" user="LuxuryCoop" uid="7245212" lat="36.9091977" lon="127.1460097"/>
 <node id="1962871382" visible="true" version="3" changeset="84949285" timestamp="2020-05-09T19:37:49Z" user="KLADESS" uid="632805" lat="36.9092393" lon="127.1444914"/>
 <node id="1962871385" visible="true" version="3" changeset="84949285" timestamp="2020-05-09T19:37:49Z" user="KLADESS" uid="632805" lat="36.9092706" lon="127.1446204"/>
 <node id="1962871392" visible="true" version="3" changeset="84949285" timestamp="2020-05-09T19:37:49Z" user="KLADESS" uid="632805" lat="36.9093131" lon="127.1446319"/>
 <node id="1962871399" visible="true" version="3" changeset="84949285" timestamp="2020-05-09T19:37:49Z" user="KLADESS" uid="632805" lat="36.9093705" lon="127.1444725"/>
 <node id="1962871413" visible="true" version="7" changeset="164892965" timestamp="2025-04-13T12:43:26Z" user="LuxuryCoop" uid="7245212" lat="36.9096149" lon="127.1458137"/>
 <node id="1962871415" visible="true" version="7" changeset="164892965" timestamp="2025-04-13T12:43:26Z" user="LuxuryCoop" uid="7245212" lat="36.9096291" lon="127.1459168"/>
 <node id="1962871428" visible="true" version="2" changeset="84943965" timestamp="2020-05-09T16:18:11Z" user="KLADESS" uid="632805" lat="36.9096513" lon="127.1436990"/>
 <node id="1962871433" visible="true" version="2" changeset="84943965" timestamp="2020-05-09T16:18:11Z" user="KLADESS" uid="632805" lat="36.9098095" lon="127.1434068"/>
 <node id="1962871436" visible="true" version="7" changeset="164892965" timestamp="2025-04-13T12:43:26Z" user="LuxuryCoop" uid="7245212" lat="36.9098653" lon="127.1456607"/>
 <node id="1962871438" visible="true" version="7" changeset="164892965" timestamp="2025-04-13T12:43:26Z" user="LuxuryCoop" uid="7245212" lat="36.9098435" lon="127.1457644"/>
 <node id="1962871441" visible="true" version="2" changeset="84943965" timestamp="2020-05-09T16:18:11Z" user="KLADESS" uid="632805" lat="36.9098852" lon="127.1438890"/>
 <node id="1962871443" visible="true" version="7" changeset="164892965" timestamp="2025-04-13T12:43:26Z" user="LuxuryCoop" uid="7245212" lat="36.9098429" lon="127.1444408"/>
 <node id="1962871446" visible="true" version="7" changeset="164892965" timestamp="2025-04-13T12:43:26Z" user="LuxuryCoop" uid="7245212" lat="36.9098696" lon="127.1450654"/>
 <node id="1962871448" visible="true" version="2" changeset="84943965" timestamp="2020-05-09T16:18:11Z" user="KLADESS" uid="632805" lat="36.9099489" lon="127.1437756"/>
 <node id="1962871450" visible="true" version="7" changeset="164892965" timestamp="2025-04-13T12:43:26Z" user="LuxuryCoop" uid="7245212" lat="36.9098913" lon="127.1452198"/>
 <node id="1962871453" visible="true" version="7" changeset="164892965" timestamp="2025-04-13T12:43:26Z" user="LuxuryCoop" uid="7245212" lat="36.9099289" lon="127.1450523"/>
 <node id="1962871455" visible="true" version="2" changeset="84943965" timestamp="2020-05-09T16:18:11Z" user="KLADESS" uid="632805" lat="36.9099904" lon="127.1438120"/>
 <node id="1962871458" visible="true" version="2" changeset="84943965" timestamp="2020-05-09T16:18:11Z" user="KLADESS" uid="632805" lat="36.9100709" lon="127.1435491"/>
 <node id="1962871460" visible="true" version="7" changeset="164892965" timestamp="2025-04-13T12:43:26Z" user="LuxuryCoop" uid="7245212" lat="36.9100009" lon="127.1444061"/>
 <node id="1962871463" visible="true" version="7" changeset="164892965" timestamp="2025-04-13T12:43:26Z" user="LuxuryCoop" uid="7245212" lat="36.9100085" lon="127.1451579"/>
 <node id="1962871465" visible="true" version="7" changeset="164892965" timestamp="2025-04-13T12:43:26Z" user="LuxuryCoop" uid="7245212" lat="36.9100134" lon="127.1451929"/>
 <node id="1962871467" visible="true" version="2" changeset="84943965" timestamp="2020-05-09T16:18:11Z" user="KLADESS" uid="632805" lat="36.9100835" lon="127.1436434"/>
 <node id="1962871470" visible="true" version="7" changeset="164892965" timestamp="2025-04-13T12:43:26Z" user="LuxuryCoop" uid="7245212" lat="36.9101037" lon="127.1451370"/>
 <node id="1962871480" visible="true" version="7" changeset="164892965" timestamp="2025-04-13T12:43:26Z" user="LuxuryCoop" uid="7245212" lat="36.9101297" lon="127.1453633"/>
 <node id="1962871483" visible="true" version="7" changeset="164892965" timestamp="2025-04-13T12:43:26Z" user="LuxuryCoop" uid="7245212" lat="36.9101141" lon="127.1454781"/>
 <node id="1962871485" visible="true" version="2" changeset="84943965" timestamp="2020-05-09T16:18:11Z" user="KLADESS" uid="632805" lat="36.9101747" lon="127.1435252"/>
 <node id="1962871488" visible="true" version="2" changeset="84943965" timestamp="2020-05-09T16:18:11Z" user="KLADESS" uid="632805" lat="36.9101896" lon="127.1436246"/>
 <node id="1962871490" visible="true" version="2" changeset="84943965" timestamp="2020-05-09T16:18:11Z" user="KLADESS" uid="632805" lat="36.9102617" lon="127.1433625"/>
 <node id="1962871492" visible="true" version="2" changeset="84943965" timestamp="2020-05-09T16:18:11Z" user="KLADESS" uid="632805" lat="36.9103226" lon="127.1437368"/>
 <node id="1962871495" visible="true" version="2" changeset="84943965" timestamp="2020-05-09T16:18:11Z" user="KLADESS" uid="632805" lat="36.9102966" lon="127.1443477"/>
 <node id="1962871497" visible="true" version="2" changeset="84943965" timestamp="2020-05-09T16:18:11Z" user="KLADESS" uid="632805" lat="36.9103152" lon="127.1435495"/>
 <node id="1962871500" visible="true" version="2" changeset="84943965" timestamp="2020-05-09T16:18:11Z" user="KLADESS" uid="632805" lat="36.9103342" lon="127.1442159"/>
 <node id="1962871503" visible="true" version="2" changeset="84943965" timestamp="2020-05-09T16:18:11Z" user="KLADESS" uid="632805" lat="36.9103826" lon="127.1447807"/>
 <node id="1962871505" visible="true" version="2" changeset="84943965" timestamp="2020-05-09T16:18:11Z" user="KLADESS" uid="632805" lat="36.9103468" lon="127.1447182"/>
 <node id="1962871507" visible="true" version="2" changeset="84943965" timestamp="2020-05-09T16:18:11Z" user="KLADESS" uid="632805" lat="36.9103497" lon="127.1443337"/>
 <node id="1962871509" visible="true" version="2" changeset="84943965" timestamp="2020-05-09T16:18:11Z" user="KLADESS" uid="632805" lat="36.9103521" lon="127.1435819"/>
 <node id="1962871511" visible="true" version="2" changeset="84943965" timestamp="2020-05-09T16:18:11Z" user="KLADESS" uid="632805" lat="36.9103668" lon="127.1434508"/>
 <node id="1962871513" visible="true" version="2" changeset="84943965" timestamp="2020-05-09T16:18:11Z" user="KLADESS" uid="632805" lat="36.9104325" lon="127.1451265"/>
 <node id="1962871515" visible="true" version="2" changeset="84943965" timestamp="2020-05-09T16:18:11Z" user="KLADESS" uid="632805" lat="36.9103894" lon="127.1436146"/>
 <node id="1962871518" visible="true" version="2" changeset="84943965" timestamp="2020-05-09T16:18:11Z" user="KLADESS" uid="632805" lat="36.9104296" lon="127.1441217"/>
 <node id="1962871521" visible="true" version="2" changeset="84943965" timestamp="2020-05-09T16:18:11Z" user="KLADESS" uid="632805" lat="36.9104356" lon="127.1447036"/>
 <node id="1962871523" visible="true" version="2" changeset="84943965" timestamp="2020-05-09T16:18:11Z" user="KLADESS" uid="632805" lat="36.9104377" lon="127.1453857"/>
 <node id="1962871540" visible="true" version="2" changeset="84943965" timestamp="2020-05-09T16:18:11Z" user="KLADESS" uid="632805" lat="36.9104368" lon="127.1442008"/>
 <node id="1962871542" visible="true" version="2" changeset="84943965" timestamp="2020-05-09T16:18:11Z" user="KLADESS" uid="632805" lat="36.9104399" lon="127.1447679"/>
 <node id="1962871546" visible="true" version="2" changeset="84943965" timestamp="2020-05-09T16:18:11Z" user="KLADESS" uid="632805" lat="36.9104974" lon="127.1454717"/>
 <node id="1962871549" visible="true" version="2" changeset="84943965" timestamp="2020-05-09T16:18:11Z" user="KLADESS" uid="632805" lat="36.9105863" lon="127.1455312"/>
 <node id="1962871552" visible="true" version="2" changeset="84943965" timestamp="2020-05-09T16:18:11Z" user="KLADESS" uid="632805" lat="36.9106758" lon="127.1455457"/>
 <node id="1962871556" visible="true" version="2" changeset="84943965" timestamp="2020-05-09T16:18:11Z" user="KLADESS" uid="632805" lat="36.9106831" lon="127.1440746"/>
 <node id="1962871559" visible="true" version="2" changeset="84943965" timestamp="2020-05-09T16:18:11Z" user="KLADESS" uid="632805" lat="36.9106913" lon="127.1441635"/>
 <node id="1962871561" visible="true" version="2" changeset="84943965" timestamp="2020-05-09T16:18:11Z" user="KLADESS" uid="632805" lat="36.9107836" lon="127.1441500"/>
 <node id="1962871563" visible="true" version="2" changeset="84943965" timestamp="2020-05-09T16:18:11Z" user="KLADESS" uid="632805" lat="36.9107878" lon="127.1455077"/>
 <node id="1962871566" visible="true" version="2" changeset="84943965" timestamp="2020-05-09T16:18:11Z" user="KLADESS" uid="632805" lat="36.9108058" lon="127.1446216"/>
 <node id="1962871568" visible="true" version="2" changeset="84943965" timestamp="2020-05-09T16:18:11Z" user="KLADESS" uid="632805" lat="36.9108368" lon="127.1454660"/>
 <node id="1962871570" visible="true" version="2" changeset="84943965" timestamp="2020-05-09T16:18:11Z" user="KLADESS" uid="632805" lat="36.9108513" lon="127.1446115"/>
 <node id="1962871573" visible="true" version="2" changeset="84943965" timestamp="2020-05-09T16:18:11Z" user="KLADESS" uid="632805" lat="36.9108580" lon="127.1450550"/>
 <node id="1962871575" visible="true" version="2" changeset="84943965" timestamp="2020-05-09T16:18:11Z" user="KLADESS" uid="632805" lat="36.9109015" lon="127.1450478"/>
 <node id="1962871578" visible="true" version="2" changeset="84943965" timestamp="2020-05-09T16:18:11Z" user="KLADESS" uid="632805" lat="36.9108992" lon="127.1453675"/>
 <node id="1962871580" visible="true" version="2" changeset="84943965" timestamp="2020-05-09T16:18:11Z" user="KLADESS" uid="632805" lat="36.9109251" lon="127.1452712"/>
 <node id="1962898002" visible="true" version="2" changeset="136637217" timestamp="2023-05-27T20:24:59Z" user="남서울대학교" uid="19406292" lat="36.9109919" lon="127.1396496"/>
 <node id="1962898007" visible="true" version="1" changeset="13481247" timestamp="2012-10-13T16:36:40Z" user="KLADESS" uid="632805" lat="36.9107033" lon="127.1402376"/>
 <node id="1962898016" visible="true" version="1" changeset="13481247" timestamp="2012-10-13T16:36:40Z" user="KLADESS" uid="632805" lat="36.9110912" lon="127.1430040"/>
 <node id="1962898019" visible="true" version="1" changeset="13481247" timestamp="2012-10-13T16:36:40Z" user="KLADESS" uid="632805" lat="36.9111224" lon="127.1423257"/>
 <node id="1962898021" visible="true" version="1" changeset="13481247" timestamp="2012-10-13T16:36:40Z" user="KLADESS" uid="632805" lat="36.9112027" lon="127.1413399"/>
 <node id="1962898023" visible="true" version="1" changeset="13481247" timestamp="2012-10-13T16:36:40Z" user="KLADESS" uid="632805" lat="36.9112529" lon="127.1410699"/>
 <node id="2133791095" visible="true" version="1" changeset="14836099" timestamp="2013-01-29T15:23:39Z" user="mjhc" uid="367541" lat="36.9075012" lon="127.1579598"/>
 <node id="2136137132" visible="true" version="2" changeset="171588083" timestamp="2025-09-07T14:33:55Z" user="tlsdkxm" uid="5194197" lat="36.9095735" lon="127.1523460"/>
 <node id="4628072500" visible="true" version="5" changeset="164892965" timestamp="2025-04-13T12:43:26Z" user="LuxuryCoop" uid="7245212" lat="36.9097720" lon="127.1455129"/>
 <node id="4628072501" visible="true" version="5" changeset="164892965" timestamp="2025-04-13T12:43:26Z" user="LuxuryCoop" uid="7245212" lat="36.9097623" lon="127.1454424"/>
 <node id="4628072502" visible="true" version="5" changeset="164892965" timestamp="2025-04-13T12:43:26Z" user="LuxuryCoop" uid="7245212" lat="36.9101446" lon="127.1454716"/>
 <node id="4628072503" visible="true" version="5" changeset="164892965" timestamp="2025-04-13T12:43:26Z" user="LuxuryCoop" uid="7245212" lat="36.9101313" lon="127.1456034"/>
 <node id="4628072504" visible="true" version="5" changeset="164892965" timestamp="2025-04-13T12:43:26Z" user="LuxuryCoop" uid="7245212" lat="36.9098734" lon="127.1457199"/>
 <node id="4628072505" visible="true" version="5" changeset="164892965" timestamp="2025-04-13T12:43:26Z" user="LuxuryCoop" uid="7245212" lat="36.9098385" lon="127.1457275"/>
 <node id="4666816717" visible="true" version="3" changeset="189631219" timestamp="2026-09-27T13:46:34Z" user="Arthur Piereck" uid="21922280" lat="36.9130802" lon="127.1428689"/>
 <node id="4868613366" visible="true" version="4" changeset="164892965" timestamp="2025-04-13T12:43:26Z" user="LuxuryCoop" uid="7245212" lat="36.9085185" lon="127.1439447"/>
 <node id="4868613367" visible="true" version="4" changeset="164892965" timestamp="2025-04-13T12:43:26Z" user="LuxuryCoop" uid="7245212" lat="36.9079518" lon="127.1440716"/>
 <node id="4868613368" visible="true" version="4" changeset="164892965" timestamp="2025-04-13T12:43:26Z" user="LuxuryCoop" uid="7245212" lat="36.9079872" lon="127.1443196"/>
 <node id="4868613369" visible="true" version="4" changeset="164892965" timestamp="2025-04-13T12:43:26Z" user="LuxuryCoop" uid="7245212" lat="36.9085539" lon="127.1441927"/>
 <node id="4868618786" visible="true" version="2" changeset="84947469" timestamp="2020-05-09T18:22:56Z" user="KLADESS" uid="632805" lat="36.9084013" lon="127.1443978"/>
 <node id="4868618787" visible="true" version="2" changeset="84947469" timestamp="2020-05-09T18:22:56Z" user="KLADESS" uid="632805" lat="36.9085651" lon="127.1455041"/>
 <node id="4868618788" visible="true" version="2" changeset="84947469" timestamp="2020-05-09T18:22:56Z" user="KLADESS" uid="632805" lat="36.9089871" lon="127.1454009"/>
 <node id="4868648228" visible="true" version="3" changeset="84948903" timestamp="2020-05-09T19:19:27Z" user="KLADESS" uid="632805" lat="36.9073451" lon="127.1429362"/>
 <node id="4868648229" visible="true" version="4" changeset="84948903" timestamp="2020-05-09T19:19:27Z" user="KLADESS" uid="632805" lat="36.9070624" lon="127.1422460"/>
 <node id="4868648230" visible="true" version="4" changeset="84948903" timestamp="2020-05-09T19:19:27Z" user="KLADESS" uid="632805" lat="36.9073161" lon="127.1440087"/>
 <node id="4868648231" visible="true" version="4" changeset="84948903" timestamp="2020-05-09T19:19:27Z" user="KLADESS" uid="632805" lat="36.9075034" lon="127.1438957"/>
 <node id="4868648232" visible="true" version="3" changeset="164892965" timestamp="2025-04-13T12:43:26Z" user="LuxuryCoop" uid="7245212" lat="36.9093639" lon="127.1429614"/>
 <node id="4868648233" visible="true" version="3" changeset="164892965" timestamp="2025-04-13T12:43:26Z" user="LuxuryCoop" uid="7245212" lat="36.9087319" lon="127.1431112"/>
 <node id="4868648234" visible="true" version="3" changeset="164892965" timestamp="2025-04-13T12:43:26Z" user="LuxuryCoop" uid="7245212" lat="36.9088648" lon="127.1439885"/>
 <node id="4868648235" visible="true" version="3" changeset="164892965" timestamp="2025-04-13T12:43:26Z" user="LuxuryCoop" uid="7245212" lat="36.9094968" lon="127.1438387"/>
 <node id="4868648236" visible="true" version="2" changeset="188532140" timestamp="2026-09-04T15:42:54Z" user="tlsdkxm" uid="5194197" lat="36.9090703" lon="127.1464474"/>
 <node id="4868648237" visible="true" version="1" changeset="48871295" timestamp="2017-05-21T21:42:37Z" user="ckbang7" uid="6050552" lat="36.9087729" lon="127.1466950"/>
 <node id="4868648240" visible="true" version="1" changeset="48871295" timestamp="2017-05-21T21:42:37Z" user="ckbang7" uid="6050552" lat="36.9084166" lon="127.1469679"/>
 <node id="4868648241" visible="true" version="1" changeset="48871295" timestamp="2017-05-21T21:42:37Z" user="ckbang7" uid="6050552" lat="36.9083160" lon="127.1470361"/>
 <node id="4868648242" visible="true" version="2" changeset="143807268" timestamp="2023-11-09T06:12:43Z" user="morago" uid="11113946" lat="36.9082249" lon="127.1471911"/>
 <node id="4868648243" visible="true" version="2" changeset="84947469" timestamp="2020-05-09T18:22:56Z" user="KLADESS" uid="632805" lat="36.9093485" lon="127.1466902"/>
 <node id="4868648244" visible="true" version="2" changeset="84947469" timestamp="2020-05-09T18:22:56Z" user="KLADESS" uid="632805" lat="36.9094202" lon="127.1476085"/>
 <node id="4868648245" visible="true" version="2" changeset="84947469" timestamp="2020-05-09T18:22:56Z" user="KLADESS" uid="632805" lat="36.9097255" lon="127.1475224"/>
 <node id="4868648246" visible="true" version="2" changeset="84947469" timestamp="2020-05-09T18:22:56Z" user="KLADESS" uid="632805" lat="36.9092531" lon="127.1467159"/>
 <node id="4868648247" visible="true" version="2" changeset="84947469" timestamp="2020-05-09T18:22:56Z" user="KLADESS" uid="632805" lat="36.9095781" lon="127.1441364"/>
 <node id="4868648248" visible="true" version="2" changeset="84947469" timestamp="2020-05-09T18:22:56Z" user="KLADESS" uid="632805" lat="36.9097397" lon="127.1453595"/>
 <node id="4868648249" visible="true" version="2" changeset="84947469" timestamp="2020-05-09T18:22:56Z" user="KLADESS" uid="632805" lat="36.9090241" lon="127.1456504"/>
 <node id="4868648250" visible="true" version="1" changeset="48871295" timestamp="2017-05-21T21:42:38Z" user="ckbang7" uid="6050552" lat="36.9095142" lon="127.1455263"/>
 <node id="4871784478" visible="true" version="2" changeset="84947469" timestamp="2020-05-09T18:22:56Z" user="KLADESS" uid="632805" lat="36.9101813" lon="127.1464072"/>
 <node id="4871784479" visible="true" version="2" changeset="84947469" timestamp="2020-05-09T18:22:56Z" user="KLADESS" uid="632805" lat="36.9103347" lon="127.1470482"/>
 <node id="4871784480" visible="true" version="2" changeset="84947469" timestamp="2020-05-09T18:22:56Z" user="KLADESS" uid="632805" lat="36.9103234" lon="127.1471287"/>
 <node id="4871784481" visible="true" version="2" changeset="84947469" timestamp="2020-05-09T18:22:56Z" user="KLADESS" uid="632805" lat="36.9102727" lon="127.1471635"/>
 <node id="4871784482" visible="true" version="2" changeset="84947469" timestamp="2020-05-09T18:22:56Z" user="KLADESS" uid="632805" lat="36.9101766" lon="127.1470951"/>
 <node id="4871784483" visible="true" version="2" changeset="84947469" timestamp="2020-05-09T18:22:56Z" user="KLADESS" uid="632805" lat="36.9102182" lon="127.1471508"/>
 <node id="4871784484" visible="true" version="2" changeset="84947469" timestamp="2020-05-09T18:22:56Z" user="KLADESS" uid="632805" lat="36.9101629" lon="127.1471736"/>
 <node id="4871784485" visible="true" version="2" changeset="84947469" timestamp="2020-05-09T18:22:56Z" user="KLADESS" uid="632805" lat="36.9097045" lon="127.1426387"/>
 <node id="4871784486" visible="true" version="1" changeset="48911822" timestamp="2017-05-23T09:43:16Z" user="ckbang7" uid="6050552" lat="36.9097066" lon="127.1425201"/>
 <node id="4871784487" visible="true" version="2" changeset="148380066" timestamp="2024-03-08T11:38:34Z" user="tlsdkxm" uid="5194197" lat="36.9095113" lon="127.1424739">
  <tag k="barrier" v="bollard"/>
 </node>
 <node id="4871784488" visible="true" version="2" changeset="148380066" timestamp="2024-03-08T11:38:34Z" user="tlsdkxm" uid="5194197" lat="36.9093527" lon="127.1424243"/>
 <node id="4871784489" visible="true" version="2" changeset="148380066" timestamp="2024-03-08T11:38:34Z" user="tlsdkxm" uid="5194197" lat="36.9090423" lon="127.1422055"/>
 <node id="4871784490" visible="true" version="2" changeset="138021658" timestamp="2023-07-02T12:28:27Z" user="leeq1no1" uid="17578981" lat="36.9087737" lon="127.1419620"/>
 <node id="4871784491" visible="true" version="2" changeset="138021658" timestamp="2023-07-02T12:28:27Z" user="leeq1no1" uid="17578981" lat="36.9086883" lon="127.1418706"/>
 <node id="4871784492" visible="true" version="3" changeset="138021658" timestamp="2023-07-02T12:28:27Z" user="leeq1no1" uid="17578981" lat="36.9086584" lon="127.1417827"/>
 <node id="4871784493" visible="true" version="2" changeset="84947469" timestamp="2020-05-09T18:22:56Z" user="KLADESS" uid="632805" lat="36.9083646" lon="127.1418536"/>
 <node id="4871784494" visible="true" version="2" changeset="84947469" timestamp="2020-05-09T18:22:56Z" user="KLADESS" uid="632805" lat="36.9083412" lon="127.1416872"/>
 <node id="4871784495" visible="true" version="2" changeset="84947469" timestamp="2020-05-09T18:22:56Z" user="KLADESS" uid="632805" lat="36.9077044" lon="127.1418287"/>
 <node id="4871784496" visible="true" version="2" changeset="84947469" timestamp="2020-05-09T18:22:56Z" user="KLADESS" uid="632805" lat="36.9077291" lon="127.1419954"/>
 <node id="4871784497" visible="true" version="2" changeset="84947469" timestamp="2020-05-09T18:22:56Z" user="KLADESS" uid="632805" lat="36.9084411" lon="127.1416650"/>
 <node id="4871784501" visible="true" version="2" changeset="84947469" timestamp="2020-05-09T18:22:56Z" user="KLADESS" uid="632805" lat="36.9103295" lon="127.1457226"/>
 <node id="4871784502" visible="true" version="1" changeset="48911822" timestamp="2017-05-23T09:43:16Z" user="ckbang7" uid="6050552" lat="36.9098651" lon="127.1458223"/>
 <node id="4871784503" visible="true" version="3" changeset="84947469" timestamp="2020-05-09T18:22:56Z" user="KLADESS" uid="632805" lat="36.9108956" lon="127.1445184"/>
 <node id="4871784504" visible="true" version="4" changeset="129259088" timestamp="2022-11-23T01:00:13Z" user="user_17703046" uid="17703046" lat="36.9110144" lon="127.1445862"/>
 <node id="4871784505" visible="true" version="2" changeset="84947469" timestamp="2020-05-09T18:22:56Z" user="KLADESS" uid="632805" lat="36.9103372" lon="127.1439677"/>
 <node id="4871784506" visible="true" version="2" changeset="84947469" timestamp="2020-05-09T18:22:56Z" user="KLADESS" uid="632805" lat="36.9103458" lon="127.1438601"/>
 <node id="4871784507" visible="true" version="2" changeset="84947469" timestamp="2020-05-09T18:22:56Z" user="KLADESS" uid="632805" lat="36.9104097" lon="127.1437271"/>
 <node id="4871784508" visible="true" version="2" changeset="84947469" timestamp="2020-05-09T18:22:56Z" user="KLADESS" uid="632805" lat="36.9104583" lon="127.1436144"/>
 <node id="4871784509" visible="true" version="2" changeset="84947469" timestamp="2020-05-09T18:22:56Z" user="KLADESS" uid="632805" lat="36.9104692" lon="127.1434839"/>
 <node id="4871784510" visible="true" version="2" changeset="84947469" timestamp="2020-05-09T18:22:56Z" user="KLADESS" uid="632805" lat="36.9104631" lon="127.1433546"/>
 <node id="4871784511" visible="true" version="2" changeset="84947469" timestamp="2020-05-09T18:22:56Z" user="KLADESS" uid="632805" lat="36.9104042" lon="127.1432451"/>
 <node id="4871784512" visible="true" version="2" changeset="84947469" timestamp="2020-05-09T18:22:56Z" user="KLADESS" uid="632805" lat="36.9102029" lon="127.1431353"/>
 <node id="4871784513" visible="true" version="1" changeset="48911822" timestamp="2017-05-23T09:43:16Z" user="ckbang7" uid="6050552" lat="36.9100789" lon="127.1431673"/>
 <node id="4871784515" visible="true" version="1" changeset="48911822" timestamp="2017-05-23T09:43:16Z" user="ckbang7" uid="6050552" lat="36.9098123" lon="127.1432268"/>
 <node id="4871784516" visible="true" version="1" changeset="48911822" timestamp="2017-05-23T09:43:16Z" user="ckbang7" uid="6050552" lat="36.9096802" lon="127.1433853"/>
 <node id="4871784517" visible="true" version="1" changeset="48911822" timestamp="2017-05-23T09:43:16Z" user="ckbang7" uid="6050552" lat="36.9095799" lon="127.1435900"/>
 <node id="4871784519" visible="true" version="2" changeset="84947469" timestamp="2020-05-09T18:22:56Z" user="KLADESS" uid="632805" lat="36.9096088" lon="127.1441296"/>
 <node id="4893749557" visible="true" version="3" changeset="84948903" timestamp="2020-05-09T19:19:27Z" user="KLADESS" uid="632805" lat="36.9072612" lon="127.1422676"/>
 <node id="4995080690" visible="true" version="3" changeset="138021658" timestamp="2023-07-02T12:28:27Z" user="leeq1no1" uid="17578981" lat="36.9105596" lon="127.1424686"/>
 <node id="4995080691" visible="true" version="2" changeset="84947469" timestamp="2020-05-09T18:22:56Z" user="KLADESS" uid="632805" lat="36.9105348" lon="127.1428900"/>
 <node id="4995080692" visible="true" version="2" changeset="84947469" timestamp="2020-05-09T18:22:56Z" user="KLADESS" uid="632805" lat="36.9105164" lon="127.1429834"/>
 <node id="5675926924" visible="true" version="1" changeset="59673806" timestamp="2018-06-08T16:43:19Z" user="lorenzo23622" uid="476483" lat="36.9114658" lon="127.1455274"/>
 <node id="5675926925" visible="true" version="1" changeset="59673806" timestamp="2018-06-08T16:43:19Z" user="lorenzo23622" uid="476483" lat="36.9082657" lon="127.1563199"/>
 <node id="5675926926" visible="true" version="1" changeset="59673806" timestamp="2018-06-08T16:43:19Z" user="lorenzo23622" uid="476483" lat="36.9093813" lon="127.1541620"/>
 <node id="5738396792" visible="true" version="2" changeset="186474077" timestamp="2026-07-27T18:00:40Z" user="aaei924" uid="10626814" lat="36.9107014" lon="127.1768881"/>
 <node id="6843871757" visible="true" version="1" changeset="75183660" timestamp="2019-10-02T10:06:36Z" user="tlsdkxm" uid="5194197" lat="36.9117799" lon="127.1416553"/>
 <node id="6843871758" visible="true" version="1" changeset="75183660" timestamp="2019-10-02T10:06:36Z" user="tlsdkxm" uid="5194197" lat="36.9121182" lon="127.1416737"/>
 <node id="6843871759" visible="true" version="1" changeset="75183660" timestamp="2019-10-02T10:06:36Z" user="tlsdkxm" uid="5194197" lat="36.9121817" lon="127.1416957"/>
 <node id="6843871760" visible="true" version="1" changeset="75183660" timestamp="2019-10-02T10:06:36Z" user="tlsdkxm" uid="5194197" lat="36.9133010" lon="127.1424401"/>
 <node id="6843871764" visible="true" version="1" changeset="75183660" timestamp="2019-10-02T10:06:36Z" user="tlsdkxm" uid="5194197" lat="36.9111439" lon="127.1464452"/>
 <node id="6843871765" visible="true" version="1" changeset="75183660" timestamp="2019-10-02T10:06:36Z" user="tlsdkxm" uid="5194197" lat="36.9106339" lon="127.1473860"/>
 <node id="6843871766" visible="true" version="2" changeset="171588083" timestamp="2025-09-07T14:33:55Z" user="tlsdkxm" uid="5194197" lat="36.9103919" lon="127.1494606"/>
 <node id="6843871767" visible="true" version="2" changeset="171588083" timestamp="2025-09-07T14:33:55Z" user="tlsdkxm" uid="5194197" lat="36.9103744" lon="127.1484114"/>
 <node id="6843871768" visible="true" version="1" changeset="75183660" timestamp="2019-10-02T10:06:36Z" user="tlsdkxm" uid="5194197" lat="36.9111599" lon="127.1445293"/>
 <node id="7171139197" visible="true" version="2" changeset="84943965" timestamp="2020-05-09T16:18:11Z" user="KLADESS" uid="632805" lat="36.9065323" lon="127.1393295"/>
 <node id="7171139198" visible="true" version="1" changeset="80293442" timestamp="2020-01-30T06:40:25Z" user="user_5292863" uid="5292863" lat="36.9066282" lon="127.1393360"/>
 <node id="7171139199" visible="true" version="1" changeset="80293442" timestamp="2020-01-30T06:40:25Z" user="user_5292863" uid="5292863" lat="36.9066981" lon="127.1393543"/>
 <node id="7171139200" visible="true" version="1" changeset="80293442" timestamp="2020-01-30T06:40:25Z" user="user_5292863" uid="5292863" lat="36.9073531" lon="127.1395840"/>
 <node id="7171139201" visible="true" version="1" changeset="80293442" timestamp="2020-01-30T06:40:25Z" user="user_5292863" uid="5292863" lat="36.9076180" lon="127.1397059"/>
 <node id="7171139202" visible="true" version="1" changeset="80293442" timestamp="2020-01-30T06:40:25Z" user="user_5292863" uid="5292863" lat="36.9078017" lon="127.1398279"/>
 <node id="7171139203" visible="true" version="1" changeset="80293442" timestamp="2020-01-30T06:40:25Z" user="user_5292863" uid="5292863" lat="36.9080553" lon="127.1400454"/>
 <node id="7171139204" visible="true" version="1" changeset="80293442" timestamp="2020-01-30T06:40:25Z" user="user_5292863" uid="5292863" lat="36.9081430" lon="127.1401592"/>
 <node id="7171139205" visible="true" version="1" changeset="80293442" timestamp="2020-01-30T06:40:25Z" user="user_5292863" uid="5292863" lat="36.9082097" lon="127.1402182"/>
 <node id="7171139206" visible="true" version="1" changeset="80293442" timestamp="2020-01-30T06:40:25Z" user="user_5292863" uid="5292863" lat="36.9082113" lon="127.1401613"/>
 <node id="7171139207" visible="true" version="1" changeset="80293442" timestamp="2020-01-30T06:40:25Z" user="user_5292863" uid="5292863" lat="36.9081772" lon="127.1400678"/>
 <node id="7171139208" visible="true" version="1" changeset="80293442" timestamp="2020-01-30T06:40:25Z" user="user_5292863" uid="5292863" lat="36.9078683" lon="127.1397791"/>
 <node id="7171139209" visible="true" version="1" changeset="80293442" timestamp="2020-01-30T06:40:25Z" user="user_5292863" uid="5292863" lat="36.9077172" lon="127.1396551"/>
 <node id="7171139210" visible="true" version="1" changeset="80293442" timestamp="2020-01-30T06:40:25Z" user="user_5292863" uid="5292863" lat="36.9080774" lon="127.1399569"/>
 <node id="7171139211" visible="true" version="1" changeset="80293442" timestamp="2020-01-30T06:40:25Z" user="user_5292863" uid="5292863" lat="36.9082014" lon="127.1401172"/>
 <node id="7171139212" visible="true" version="1" changeset="80293442" timestamp="2020-01-30T06:40:25Z" user="user_5292863" uid="5292863" lat="36.9081674" lon="127.1401958"/>
 <node id="7171139213" visible="true" version="1" changeset="80293442" timestamp="2020-01-30T06:40:25Z" user="user_5292863" uid="5292863" lat="36.9075335" lon="127.1395494"/>
 <node id="7171139214" visible="true" version="1" changeset="80293442" timestamp="2020-01-30T06:40:25Z" user="user_5292863" uid="5292863" lat="36.9073612" lon="127.1394742"/>
 <node id="7171139215" visible="true" version="1" changeset="80293442" timestamp="2020-01-30T06:40:25Z" user="user_5292863" uid="5292863" lat="36.9070069" lon="127.1393543"/>
 <node id="7171139216" visible="true" version="1" changeset="80293442" timestamp="2020-01-30T06:40:25Z" user="user_5292863" uid="5292863" lat="36.9067923" lon="127.1392770"/>
 <node id="7171139217" visible="true" version="1" changeset="80293442" timestamp="2020-01-30T06:40:25Z" user="user_5292863" uid="5292863" lat="36.9066981" lon="127.1392140"/>
 <node id="7171139218" visible="true" version="2" changeset="84943965" timestamp="2020-05-09T16:18:11Z" user="KLADESS" uid="632805" lat="36.9066123" lon="127.1391665"/>
 <node id="7171139219" visible="true" version="2" changeset="84947469" timestamp="2020-05-09T18:22:56Z" user="KLADESS" uid="632805" lat="36.9082460" lon="127.1403447"/>
 <node id="7171139253" visible="true" version="1" changeset="80293442" timestamp="2020-01-30T06:40:25Z" user="user_5292863" uid="5292863" lat="36.9037606" lon="127.1399759"/>
 <node id="7171139254" visible="true" version="1" changeset="80293442" timestamp="2020-01-30T06:40:25Z" user="user_5292863" uid="5292863" lat="36.9036600" lon="127.1404704"/>
 <node id="7171139255" visible="true" version="1" changeset="80293442" timestamp="2020-01-30T06:40:25Z" user="user_5292863" uid="5292863" lat="36.9032309" lon="127.1400878"/>
 <node id="7171139256" visible="true" version="1" changeset="80293442" timestamp="2020-01-30T06:40:25Z" user="user_5292863" uid="5292863" lat="36.9033941" lon="127.1404747"/>
 <node id="7171139257" visible="true" version="1" changeset="80293442" timestamp="2020-01-30T06:40:25Z" user="user_5292863" uid="5292863" lat="36.9034448" lon="127.1397931"/>
 <node id="7171139258" visible="true" version="1" changeset="80293442" timestamp="2020-01-30T06:40:25Z" user="user_5292863" uid="5292863" lat="36.9037831" lon="127.1401540"/>
 <node id="7171139259" visible="true" version="1" changeset="80293442" timestamp="2020-01-30T06:40:25Z" user="user_5292863" uid="5292863" lat="36.9038187" lon="127.1397984"/>
 <node id="7171139260" visible="true" version="1" changeset="80293442" timestamp="2020-01-30T06:40:25Z" user="user_5292863" uid="5292863" lat="36.9039852" lon="127.1399007"/>
 <node id="7171139262" visible="true" version="1" changeset="80293442" timestamp="2020-01-30T06:40:25Z" user="user_5292863" uid="5292863" lat="36.9047022" lon="127.1405742"/>
 <node id="7171139263" visible="true" version="1" changeset="80293442" timestamp="2020-01-30T06:40:25Z" user="user_5292863" uid="5292863" lat="36.9050261" lon="127.1407458"/>
 <node id="7171139264" visible="true" version="1" changeset="80293442" timestamp="2020-01-30T06:40:25Z" user="user_5292863" uid="5292863" lat="36.9058668" lon="127.1413252"/>
 <node id="7171139265" visible="true" version="1" changeset="80293442" timestamp="2020-01-30T06:40:25Z" user="user_5292863" uid="5292863" lat="36.9062121" lon="127.1413922"/>
 <node id="7171139266" visible="true" version="1" changeset="80293442" timestamp="2020-01-30T06:40:25Z" user="user_5292863" uid="5292863" lat="36.9062743" lon="127.1414244"/>
 <node id="7171139267" visible="true" version="1" changeset="80293442" timestamp="2020-01-30T06:40:25Z" user="user_5292863" uid="5292863" lat="36.9063279" lon="127.1414271"/>
 <node id="7171139268" visible="true" version="1" changeset="80293442" timestamp="2020-01-30T06:40:25Z" user="user_5292863" uid="5292863" lat="36.9064094" lon="127.1413466"/>
 <node id="7171139269" visible="true" version="1" changeset="80293442" timestamp="2020-01-30T06:40:25Z" user="user_5292863" uid="5292863" lat="36.9066046" lon="127.1409175"/>
 <node id="7171139270" visible="true" version="1" changeset="80293442" timestamp="2020-01-30T06:40:25Z" user="user_5292863" uid="5292863" lat="36.9067912" lon="127.1407378"/>
 <node id="7171139271" visible="true" version="1" changeset="80293442" timestamp="2020-01-30T06:40:25Z" user="user_5292863" uid="5292863" lat="36.9068448" lon="127.1407217"/>
 <node id="7171139272" visible="true" version="1" changeset="80293442" timestamp="2020-01-30T06:40:25Z" user="user_5292863" uid="5292863" lat="36.9068856" lon="127.1407539"/>
 <node id="7171139273" visible="true" version="1" changeset="80293442" timestamp="2020-01-30T06:40:25Z" user="user_5292863" uid="5292863" lat="36.9069778" lon="127.1408987"/>
 <node id="7223974954" visible="true" version="1" changeset="81198602" timestamp="2020-02-19T03:58:59Z" user="anonymous7" uid="10732816" lat="36.9097165" lon="127.1516990"/>
 <node id="7501445619" visible="true" version="3" changeset="138021658" timestamp="2023-07-02T12:28:27Z" user="leeq1no1" uid="17578981" lat="36.9082056" lon="127.1438311"/>
 <node id="7501445620" visible="true" version="3" changeset="138021658" timestamp="2023-07-02T12:28:27Z" user="leeq1no1" uid="17578981" lat="36.9080587" lon="127.1438614"/>
 <node id="7501445621" visible="true" version="3" changeset="138021658" timestamp="2023-07-02T12:28:27Z" user="leeq1no1" uid="17578981" lat="36.9080088" lon="127.1434836"/>
 <node id="7501445622" visible="true" version="3" changeset="138021658" timestamp="2023-07-02T12:28:27Z" user="leeq1no1" uid="17578981" lat="36.9081558" lon="127.1434533"/>
 <node id="7501445623" visible="true" version="1" changeset="84943965" timestamp="2020-05-09T16:18:11Z" user="KLADESS" uid="632805" lat="36.9104749" lon="127.1451180"/>
 <node id="7501445624" visible="true" version="1" changeset="84943965" timestamp="2020-05-09T16:18:11Z" user="KLADESS" uid="632805" lat="36.9104770" lon="127.1451335"/>
 <node id="7501445625" visible="true" version="1" changeset="84943965" timestamp="2020-05-09T16:18:11Z" user="KLADESS" uid="632805" lat="36.9104241" lon="127.1451449"/>
 <node id="7501445626" visible="true" version="1" changeset="84943965" timestamp="2020-05-09T16:18:11Z" user="KLADESS" uid="632805" lat="36.9104340" lon="127.1451869"/>
 <node id="7501445627" visible="true" version="1" changeset="84943965" timestamp="2020-05-09T16:18:11Z" user="KLADESS" uid="632805" lat="36.9104076" lon="127.1451884"/>
 <node id="7501445628" visible="true" version="1" changeset="84943965" timestamp="2020-05-09T16:18:11Z" user="KLADESS" uid="632805" lat="36.9099111" lon="127.1434903"/>
 <node id="7501445629" visible="true" version="1" changeset="84943965" timestamp="2020-05-09T16:18:11Z" user="KLADESS" uid="632805" lat="36.9099470" lon="127.1434356"/>
 <node id="7501445630" visible="true" version="1" changeset="84943965" timestamp="2020-05-09T16:18:11Z" user="KLADESS" uid="632805" lat="36.9109140" lon="127.1451150"/>
 <node id="7501445631" visible="true" version="1" changeset="84943965" timestamp="2020-05-09T16:18:11Z" user="KLADESS" uid="632805" lat="36.9109269" lon="127.1451742"/>
 <node id="7501445632" visible="true" version="1" changeset="84943965" timestamp="2020-05-09T16:18:11Z" user="KLADESS" uid="632805" lat="36.9104629" lon="127.1454295"/>
 <node id="7501445633" visible="true" version="1" changeset="84943965" timestamp="2020-05-09T16:18:11Z" user="KLADESS" uid="632805" lat="36.9105394" lon="127.1455068"/>
 <node id="7501445634" visible="true" version="1" changeset="84943965" timestamp="2020-05-09T16:18:11Z" user="KLADESS" uid="632805" lat="36.9106326" lon="127.1455436"/>
 <node id="7501445635" visible="true" version="1" changeset="84943965" timestamp="2020-05-09T16:18:11Z" user="KLADESS" uid="632805" lat="36.9107354" lon="127.1455338"/>
 <node id="7501445636" visible="true" version="1" changeset="84943965" timestamp="2020-05-09T16:18:11Z" user="KLADESS" uid="632805" lat="36.9108689" lon="127.1454250"/>
 <node id="7501445637" visible="true" version="2" changeset="84948903" timestamp="2020-05-09T19:19:27Z" user="KLADESS" uid="632805" lat="36.9072752" lon="127.1428816"/>
 <node id="7501445638" visible="true" version="2" changeset="84948903" timestamp="2020-05-09T19:19:27Z" user="KLADESS" uid="632805" lat="36.9072847" lon="127.1429491"/>
 <node id="7501445639" visible="true" version="2" changeset="84948903" timestamp="2020-05-09T19:19:27Z" user="KLADESS" uid="632805" lat="36.9072734" lon="127.1432982"/>
 <node id="7501445640" visible="true" version="2" changeset="84948903" timestamp="2020-05-09T19:19:27Z" user="KLADESS" uid="632805" lat="36.9072055" lon="127.1433130"/>
 <node id="7501445641" visible="true" version="2" changeset="84948903" timestamp="2020-05-09T19:19:27Z" user="KLADESS" uid="632805" lat="36.9071538" lon="127.1429422"/>
 <node id="7501445642" visible="true" version="2" changeset="84948903" timestamp="2020-05-09T19:19:27Z" user="KLADESS" uid="632805" lat="36.9072171" lon="127.1429279"/>
 <node id="7501445643" visible="true" version="2" changeset="84948903" timestamp="2020-05-09T19:19:27Z" user="KLADESS" uid="632805" lat="36.9071799" lon="127.1431294"/>
 <node id="7501445644" visible="true" version="2" changeset="84948903" timestamp="2020-05-09T19:19:27Z" user="KLADESS" uid="632805" lat="36.9072118" lon="127.1428900"/>
 <node id="7501445645" visible="true" version="2" changeset="84948903" timestamp="2020-05-09T19:19:27Z" user="KLADESS" uid="632805" lat="36.9072783" lon="127.1433339"/>
 <node id="7501445646" visible="true" version="2" changeset="84948903" timestamp="2020-05-09T19:19:27Z" user="KLADESS" uid="632805" lat="36.9072237" lon="127.1433458"/>
 <node id="7501445647" visible="true" version="2" changeset="84948903" timestamp="2020-05-09T19:19:27Z" user="KLADESS" uid="632805" lat="36.9071541" lon="127.1429026"/>
 <node id="7501445648" visible="true" version="2" changeset="84948903" timestamp="2020-05-09T19:19:27Z" user="KLADESS" uid="632805" lat="36.9073286" lon="127.1432490"/>
 <node id="7501445649" visible="true" version="2" changeset="84948903" timestamp="2020-05-09T19:19:27Z" user="KLADESS" uid="632805" lat="36.9073377" lon="127.1433143"/>
 <node id="7501445650" visible="true" version="2" changeset="84948903" timestamp="2020-05-09T19:19:27Z" user="KLADESS" uid="632805" lat="36.9074549" lon="127.1437052"/>
 <node id="7501445651" visible="true" version="2" changeset="84948903" timestamp="2020-05-09T19:19:27Z" user="KLADESS" uid="632805" lat="36.9074762" lon="127.1437006"/>
 <node id="7501445652" visible="true" version="2" changeset="84948903" timestamp="2020-05-09T19:19:27Z" user="KLADESS" uid="632805" lat="36.9074792" lon="127.1439491"/>
 <node id="7501445653" visible="true" version="2" changeset="84948903" timestamp="2020-05-09T19:19:27Z" user="KLADESS" uid="632805" lat="36.9074727" lon="127.1439024"/>
 <node id="7501445654" visible="true" version="2" changeset="84948903" timestamp="2020-05-09T19:19:27Z" user="KLADESS" uid="632805" lat="36.9074437" lon="127.1439569"/>
 <node id="7501445655" visible="true" version="2" changeset="84948903" timestamp="2020-05-09T19:19:27Z" user="KLADESS" uid="632805" lat="36.9074496" lon="127.1439993"/>
 <node id="7501445656" visible="true" version="2" changeset="84948903" timestamp="2020-05-09T19:19:27Z" user="KLADESS" uid="632805" lat="36.9073905" lon="127.1440122"/>
 <node id="7501445657" visible="true" version="2" changeset="84948903" timestamp="2020-05-09T19:19:27Z" user="KLADESS" uid="632805" lat="36.9073879" lon="127.1439930"/>
 <node id="7501445658" visible="true" version="2" changeset="84948903" timestamp="2020-05-09T19:19:27Z" user="KLADESS" uid="632805" lat="36.9073869" lon="127.1432363"/>
 <node id="7501445659" visible="true" version="2" changeset="84948903" timestamp="2020-05-09T19:19:27Z" user="KLADESS" uid="632805" lat="36.9073985" lon="127.1433010"/>
 <node id="7501445660" visible="true" version="2" changeset="84948903" timestamp="2020-05-09T19:19:27Z" user="KLADESS" uid="632805" lat="36.9073341" lon="127.1428687"/>
 <node id="7501445661" visible="true" version="2" changeset="84948903" timestamp="2020-05-09T19:19:27Z" user="KLADESS" uid="632805" lat="36.9072778" lon="127.1424661"/>
 <node id="7501445662" visible="true" version="2" changeset="84948903" timestamp="2020-05-09T19:19:27Z" user="KLADESS" uid="632805" lat="36.9072886" lon="127.1424637"/>
 <node id="7501445663" visible="true" version="2" changeset="84948903" timestamp="2020-05-09T19:19:27Z" user="KLADESS" uid="632805" lat="36.9071822" lon="127.1421926"/>
 <node id="7501445664" visible="true" version="2" changeset="84948903" timestamp="2020-05-09T19:19:27Z" user="KLADESS" uid="632805" lat="36.9071880" lon="127.1422340"/>
 <node id="7501445665" visible="true" version="2" changeset="84948903" timestamp="2020-05-09T19:19:27Z" user="KLADESS" uid="632805" lat="36.9072230" lon="127.1422264"/>
 <node id="7501445666" visible="true" version="2" changeset="84948903" timestamp="2020-05-09T19:19:27Z" user="KLADESS" uid="632805" lat="36.9072297" lon="127.1422745"/>
 <node id="7501445667" visible="true" version="2" changeset="84948903" timestamp="2020-05-09T19:19:27Z" user="KLADESS" uid="632805" lat="36.9071163" lon="127.1422070"/>
 <node id="7501445668" visible="true" version="2" changeset="84948903" timestamp="2020-05-09T19:19:27Z" user="KLADESS" uid="632805" lat="36.9071200" lon="127.1422334"/>
 <node id="7501678921" visible="true" version="1" changeset="84947469" timestamp="2020-05-09T18:22:56Z" user="KLADESS" uid="632805" lat="36.9097114" lon="127.1443353"/>
 <node id="7501678922" visible="true" version="1" changeset="84947469" timestamp="2020-05-09T18:22:56Z" user="KLADESS" uid="632805" lat="36.9070101" lon="127.1422638"/>
 <node id="7501678923" visible="true" version="1" changeset="84947469" timestamp="2020-05-09T18:22:56Z" user="KLADESS" uid="632805" lat="36.9090897" lon="127.1460937"/>
 <node id="7501678924" visible="true" version="1" changeset="84947469" timestamp="2020-05-09T18:22:56Z" user="KLADESS" uid="632805" lat="36.9097254" lon="127.1443022"/>
 <node id="7501678925" visible="true" version="1" changeset="84947469" timestamp="2020-05-09T18:22:56Z" user="KLADESS" uid="632805" lat="36.9095522" lon="127.1437343"/>
 <node id="7501678926" visible="true" version="1" changeset="84947469" timestamp="2020-05-09T18:22:56Z" user="KLADESS" uid="632805" lat="36.9103127" lon="127.1431600"/>
 <node id="7501678927" visible="true" version="1" changeset="84947469" timestamp="2020-05-09T18:22:56Z" user="KLADESS" uid="632805" lat="36.9109868" lon="127.1451319"/>
 <node id="7501678928" visible="true" version="1" changeset="84947469" timestamp="2020-05-09T18:22:56Z" user="KLADESS" uid="632805" lat="36.9104274" lon="127.1458134"/>
 <node id="7501788494" visible="true" version="2" changeset="138021658" timestamp="2023-07-02T12:28:27Z" user="leeq1no1" uid="17578981" lat="36.9085306" lon="127.1431550"/>
 <node id="7501788495" visible="true" version="2" changeset="138021658" timestamp="2023-07-02T12:28:27Z" user="leeq1no1" uid="17578981" lat="36.9086057" lon="127.1436988"/>
 <node id="7501788496" visible="true" version="2" changeset="138021658" timestamp="2023-07-02T12:28:27Z" user="leeq1no1" uid="17578981" lat="36.9086008" lon="127.1437183"/>
 <node id="7501788497" visible="true" version="2" changeset="138021658" timestamp="2023-07-02T12:28:27Z" user="leeq1no1" uid="17578981" lat="36.9085939" lon="127.1437310"/>
 <node id="7501788498" visible="true" version="2" changeset="138021658" timestamp="2023-07-02T12:28:27Z" user="leeq1no1" uid="17578981" lat="36.9082502" lon="127.1437981"/>
 <node id="7501788499" visible="true" version="2" changeset="138021658" timestamp="2023-07-02T12:28:27Z" user="leeq1no1" uid="17578981" lat="36.9082395" lon="127.1437920"/>
 <node id="7501788500" visible="true" version="2" changeset="138021658" timestamp="2023-07-02T12:28:27Z" user="leeq1no1" uid="17578981" lat="36.9082336" lon="127.1437853"/>
 <node id="7501788501" visible="true" version="2" changeset="138021658" timestamp="2023-07-02T12:28:27Z" user="leeq1no1" uid="17578981" lat="36.9081585" lon="127.1432207"/>
 <node id="7501788502" visible="true" version="2" changeset="138021658" timestamp="2023-07-02T12:28:27Z" user="leeq1no1" uid="17578981" lat="36.9082904" lon="127.1430799"/>
 <node id="7501788503" visible="true" version="2" changeset="138021658" timestamp="2023-07-02T12:28:27Z" user="leeq1no1" uid="17578981" lat="36.9083944" lon="127.1430605"/>
 <node id="7501788504" visible="true" version="1" changeset="84948903" timestamp="2020-05-09T19:19:27Z" user="KLADESS" uid="632805" lat="36.9072386" lon="127.1429232"/>
 <node id="7501788505" visible="true" version="1" changeset="84948903" timestamp="2020-05-09T19:19:27Z" user="KLADESS" uid="632805" lat="36.9072434" lon="127.1429581"/>
 <node id="7501788506" visible="true" version="1" changeset="84948903" timestamp="2020-05-09T19:19:27Z" user="KLADESS" uid="632805" lat="36.9072892" lon="127.1432546"/>
 <node id="7501788507" visible="true" version="1" changeset="84948903" timestamp="2020-05-09T19:19:27Z" user="KLADESS" uid="632805" lat="36.9072957" lon="127.1432941"/>
 <node id="7501788508" visible="true" version="1" changeset="84948903" timestamp="2020-05-09T19:19:27Z" user="KLADESS" uid="632805" lat="36.9072298" lon="127.1422745"/>
 <node id="7501788509" visible="true" version="1" changeset="84948903" timestamp="2020-05-09T19:19:27Z" user="KLADESS" uid="632805" lat="36.9071625" lon="127.1422892"/>
 <node id="7501788510" visible="true" version="1" changeset="84948903" timestamp="2020-05-09T19:19:27Z" user="KLADESS" uid="632805" lat="36.9071557" lon="127.1422411"/>
 <node id="7501788511" visible="true" version="1" changeset="84948903" timestamp="2020-05-09T19:19:27Z" user="KLADESS" uid="632805" lat="36.9074152" lon="127.1439636"/>
 <node id="7501788512" visible="true" version="1" changeset="84948903" timestamp="2020-05-09T19:19:27Z" user="KLADESS" uid="632805" lat="36.9074084" lon="127.1439172"/>
 <node id="7501788513" visible="true" version="1" changeset="84948903" timestamp="2020-05-09T19:19:27Z" user="KLADESS" uid="632805" lat="36.9073762" lon="127.1431594"/>
 <node id="7501788514" visible="true" version="1" changeset="84948903" timestamp="2020-05-09T19:19:27Z" user="KLADESS" uid="632805" lat="36.9071902" lon="127.1432033"/>
 <node id="7501788515" visible="true" version="1" changeset="84948903" timestamp="2020-05-09T19:19:27Z" user="KLADESS" uid="632805" lat="36.9071694" lon="127.1430540"/>
 <node id="7501788516" visible="true" version="1" changeset="84948903" timestamp="2020-05-09T19:19:27Z" user="KLADESS" uid="632805" lat="36.9073550" lon="127.1430074"/>
 <node id="7501809929" visible="true" version="1" changeset="84949285" timestamp="2020-05-09T19:37:49Z" user="KLADESS" uid="632805" lat="36.9093653" lon="127.1444455"/>
 <node id="7501809930" visible="true" version="1" changeset="84949285" timestamp="2020-05-09T19:37:49Z" user="KLADESS" uid="632805" lat="36.9093674" lon="127.1445481"/>
 <node id="7501809931" visible="true" version="1" changeset="84949285" timestamp="2020-05-09T19:37:49Z" user="KLADESS" uid="632805" lat="36.9093733" lon="127.1444998"/>
 <node id="7501809932" visible="true" version="1" changeset="84949285" timestamp="2020-05-09T19:37:49Z" user="KLADESS" uid="632805" lat="36.9092447" lon="127.1444636"/>
 <node id="7501809933" visible="true" version="1" changeset="84949285" timestamp="2020-05-09T19:37:49Z" user="KLADESS" uid="632805" lat="36.9093731" lon="127.1445229"/>
 <node id="8589642956" visible="true" version="1" changeset="102239280" timestamp="2021-04-03T14:48:11Z" user="갱이나그네" uid="5500779" lat="36.9203495" lon="127.1389004"/>
 <node id="8589642957" visible="true" version="1" changeset="102239280" timestamp="2021-04-03T14:48:11Z" user="갱이나그네" uid="5500779" lat="36.9211377" lon="127.1401267"/>
 <node id="8589642958" visible="true" version="1" changeset="102239280" timestamp="2021-04-03T14:48:11Z" user="갱이나그네" uid="5500779" lat="36.9211968" lon="127.1401329"/>
 <node id="8589642959" visible="true" version="1" changeset="102239280" timestamp="2021-04-03T14:48:11Z" user="갱이나그네" uid="5500779" lat="36.9218372" lon="127.1395043"/>
 <node id="8589642960" visible="true" version="1" changeset="102239280" timestamp="2021-04-03T14:48:11Z" user="갱이나그네" uid="5500779" lat="36.9220934" lon="127.1397631"/>
 <node id="8589642961" visible="true" version="1" changeset="102239280" timestamp="2021-04-03T14:48:11Z" user="갱이나그네" uid="5500779" lat="36.9222067" lon="127.1399233"/>
 <node id="8589642962" visible="true" version="1" changeset="102239280" timestamp="2021-04-03T14:48:11Z" user="갱이나그네" uid="5500779" lat="36.9223003" lon="127.1403177"/>
 <node id="8589642963" visible="true" version="1" changeset="102239280" timestamp="2021-04-03T14:48:11Z" user="갱이나그네" uid="5500779" lat="36.9225811" lon="127.1410510"/>
 <node id="8589642964" visible="true" version="1" changeset="102239280" timestamp="2021-04-03T14:48:11Z" user="갱이나그네" uid="5500779" lat="36.9225269" lon="127.1412112"/>
 <node id="8589642965" visible="true" version="1" changeset="102239280" timestamp="2021-04-03T14:48:11Z" user="갱이나그네" uid="5500779" lat="36.9226156" lon="127.1414762"/>
 <node id="8589642966" visible="true" version="1" changeset="102239280" timestamp="2021-04-03T14:48:11Z" user="갱이나그네" uid="5500779" lat="36.9221279" lon="127.1417720"/>
 <node id="8589642967" visible="true" version="1" changeset="102239280" timestamp="2021-04-03T14:48:11Z" user="갱이나그네" uid="5500779" lat="36.9217732" lon="127.1420493"/>
 <node id="8589642968" visible="true" version="1" changeset="102239280" timestamp="2021-04-03T14:48:11Z" user="갱이나그네" uid="5500779" lat="36.9219752" lon="127.1421910"/>
 <node id="8589642969" visible="true" version="1" changeset="102239280" timestamp="2021-04-03T14:48:11Z" user="갱이나그네" uid="5500779" lat="36.9221870" lon="127.1420061"/>
 <node id="8589642970" visible="true" version="1" changeset="102239280" timestamp="2021-04-03T14:48:11Z" user="갱이나그네" uid="5500779" lat="36.9229653" lon="127.1420061"/>
 <node id="8589642971" visible="true" version="1" changeset="102239280" timestamp="2021-04-03T14:48:11Z" user="갱이나그네" uid="5500779" lat="36.9232609" lon="127.1425669"/>
 <node id="8589642972" visible="true" version="1" changeset="102239280" timestamp="2021-04-03T14:48:11Z" user="갱이나그네" uid="5500779" lat="36.9235466" lon="127.1433495"/>
 <node id="8589642973" visible="true" version="1" changeset="102239280" timestamp="2021-04-03T14:48:11Z" user="갱이나그네" uid="5500779" lat="36.9235811" lon="127.1435775"/>
 <node id="8589642974" visible="true" version="1" changeset="102239280" timestamp="2021-04-03T14:48:11Z" user="갱이나그네" uid="5500779" lat="36.9234924" lon="127.1439718"/>
 <node id="8589642975" visible="true" version="1" changeset="102239280" timestamp="2021-04-03T14:48:11Z" user="갱이나그네" uid="5500779" lat="36.9236501" lon="127.1442245"/>
 <node id="8589642976" visible="true" version="1" changeset="102239280" timestamp="2021-04-03T14:48:11Z" user="갱이나그네" uid="5500779" lat="36.9234678" lon="127.1447729"/>
 <node id="8589642977" visible="true" version="1" changeset="102239280" timestamp="2021-04-03T14:48:11Z" user="갱이나그네" uid="5500779" lat="36.9233102" lon="127.1449270"/>
 <node id="8589642978" visible="true" version="1" changeset="102239280" timestamp="2021-04-03T14:48:11Z" user="갱이나그네" uid="5500779" lat="36.9229752" lon="127.1459622"/>
 <node id="8589642979" visible="true" version="1" changeset="102239280" timestamp="2021-04-03T14:48:11Z" user="갱이나그네" uid="5500779" lat="36.9227239" lon="127.1460793"/>
 <node id="8589642980" visible="true" version="1" changeset="102239280" timestamp="2021-04-03T14:48:11Z" user="갱이나그네" uid="5500779" lat="36.9225121" lon="127.1462148"/>
 <node id="8589642981" visible="true" version="1" changeset="102239280" timestamp="2021-04-03T14:48:11Z" user="갱이나그네" uid="5500779" lat="36.9223151" lon="127.1464613"/>
 <node id="8589642982" visible="true" version="1" changeset="102239280" timestamp="2021-04-03T14:48:11Z" user="갱이나그네" uid="5500779" lat="36.9221574" lon="127.1467386"/>
 <node id="8589642983" visible="true" version="1" changeset="102239280" timestamp="2021-04-03T14:48:11Z" user="갱이나그네" uid="5500779" lat="36.9222264" lon="127.1469913"/>
 <node id="8589642984" visible="true" version="1" changeset="102239280" timestamp="2021-04-03T14:48:11Z" user="갱이나그네" uid="5500779" lat="36.9217781" lon="127.1473672"/>
 <node id="8589642985" visible="true" version="1" changeset="102239280" timestamp="2021-04-03T14:48:11Z" user="갱이나그네" uid="5500779" lat="36.9215466" lon="127.1473980"/>
 <node id="8589642986" visible="true" version="1" changeset="102239280" timestamp="2021-04-03T14:48:11Z" user="갱이나그네" uid="5500779" lat="36.9207337" lon="127.1472932"/>
 <node id="8589642987" visible="true" version="1" changeset="102239280" timestamp="2021-04-03T14:48:11Z" user="갱이나그네" uid="5500779" lat="36.9202805" lon="127.1474226"/>
 <node id="8589642988" visible="true" version="1" changeset="102239280" timestamp="2021-04-03T14:48:11Z" user="갱이나그네" uid="5500779" lat="36.9198026" lon="127.1474473"/>
 <node id="8589642989" visible="true" version="1" changeset="102239280" timestamp="2021-04-03T14:48:11Z" user="갱이나그네" uid="5500779" lat="36.9194676" lon="127.1476753"/>
 <node id="8589642990" visible="true" version="1" changeset="102239280" timestamp="2021-04-03T14:48:11Z" user="갱이나그네" uid="5500779" lat="36.9193149" lon="127.1476383"/>
 <node id="8589642991" visible="true" version="1" changeset="102239280" timestamp="2021-04-03T14:48:11Z" user="갱이나그네" uid="5500779" lat="36.9192065" lon="127.1472501"/>
 <node id="8589642992" visible="true" version="1" changeset="102239280" timestamp="2021-04-03T14:48:11Z" user="갱이나그네" uid="5500779" lat="36.9188370" lon="127.1469728"/>
 <node id="8589642993" visible="true" version="1" changeset="102239280" timestamp="2021-04-03T14:48:11Z" user="갱이나그네" uid="5500779" lat="36.9187730" lon="127.1473672"/>
 <node id="8589642994" visible="true" version="1" changeset="102239280" timestamp="2021-04-03T14:48:11Z" user="갱이나그네" uid="5500779" lat="36.9189602" lon="127.1479217"/>
 <node id="8589642995" visible="true" version="1" changeset="102239280" timestamp="2021-04-03T14:48:11Z" user="갱이나그네" uid="5500779" lat="36.9186991" lon="127.1481929"/>
 <node id="8589642996" visible="true" version="1" changeset="102239280" timestamp="2021-04-03T14:48:11Z" user="갱이나그네" uid="5500779" lat="36.9183838" lon="127.1491480"/>
 <node id="8589642997" visible="true" version="1" changeset="102239280" timestamp="2021-04-03T14:48:11Z" user="갱이나그네" uid="5500779" lat="36.9175955" lon="127.1488029"/>
 <node id="8589642998" visible="true" version="1" changeset="102239280" timestamp="2021-04-03T14:48:11Z" user="갱이나그네" uid="5500779" lat="36.9177039" lon="127.1485811"/>
 <node id="8589642999" visible="true" version="1" changeset="102239280" timestamp="2021-04-03T14:48:11Z" user="갱이나그네" uid="5500779" lat="36.9174231" lon="127.1483716"/>
 <node id="8589643000" visible="true" version="1" changeset="102239280" timestamp="2021-04-03T14:48:11Z" user="갱이나그네" uid="5500779" lat="36.9172654" lon="127.1486427"/>
 <node id="8589643001" visible="true" version="1" changeset="102239280" timestamp="2021-04-03T14:48:11Z" user="갱이나그네" uid="5500779" lat="36.9168721" lon="127.1485261"/>
 <node id="8589643002" visible="true" version="1" changeset="102239280" timestamp="2021-04-03T14:48:11Z" user="갱이나그네" uid="5500779" lat="36.9169019" lon="127.1487830"/>
 <node id="8589643003" visible="true" version="1" changeset="102239280" timestamp="2021-04-03T14:48:11Z" user="갱이나그네" uid="5500779" lat="36.9173276" lon="127.1495676"/>
 <node id="8589643004" visible="true" version="1" changeset="102239280" timestamp="2021-04-03T14:48:11Z" user="갱이나그네" uid="5500779" lat="36.9177794" lon="127.1500439"/>
 <node id="8589643005" visible="true" version="1" changeset="102239280" timestamp="2021-04-03T14:48:11Z" user="갱이나그네" uid="5500779" lat="36.9174993" lon="127.1503381"/>
 <node id="8589643006" visible="true" version="1" changeset="102239280" timestamp="2021-04-03T14:48:11Z" user="갱이나그네" uid="5500779" lat="36.9177518" lon="127.1506737"/>
 <node id="8589643007" visible="true" version="1" changeset="102239280" timestamp="2021-04-03T14:48:11Z" user="갱이나그네" uid="5500779" lat="36.9179105" lon="127.1511673"/>
 <node id="8589643008" visible="true" version="1" changeset="102239280" timestamp="2021-04-03T14:48:11Z" user="갱이나그네" uid="5500779" lat="36.9177604" lon="127.1513175"/>
 <node id="8589643009" visible="true" version="1" changeset="102239280" timestamp="2021-04-03T14:48:11Z" user="갱이나그네" uid="5500779" lat="36.9171128" lon="127.1508293"/>
 <node id="8589643010" visible="true" version="1" changeset="102239280" timestamp="2021-04-03T14:48:11Z" user="갱이나그네" uid="5500779" lat="36.9165938" lon="127.1508293"/>
 <node id="8589643011" visible="true" version="1" changeset="102239280" timestamp="2021-04-03T14:48:11Z" user="갱이나그네" uid="5500779" lat="36.9164266" lon="127.1509688"/>
 <node id="8589643012" visible="true" version="1" changeset="102239280" timestamp="2021-04-03T14:48:11Z" user="갱이나그네" uid="5500779" lat="36.9164437" lon="127.1512102"/>
 <node id="8589643013" visible="true" version="1" changeset="102239280" timestamp="2021-04-03T14:48:11Z" user="갱이나그네" uid="5500779" lat="36.9162936" lon="127.1512692"/>
 <node id="8589643014" visible="true" version="1" changeset="102239280" timestamp="2021-04-03T14:48:11Z" user="갱이나그네" uid="5500779" lat="36.9159333" lon="127.1509741"/>
 <node id="8589643015" visible="true" version="1" changeset="102239280" timestamp="2021-04-03T14:48:11Z" user="갱이나그네" uid="5500779" lat="36.9155387" lon="127.1513872"/>
 <node id="8589643016" visible="true" version="1" changeset="102239280" timestamp="2021-04-03T14:48:11Z" user="갱이나그네" uid="5500779" lat="36.9163236" lon="127.1524815"/>
 <node id="8589753817" visible="true" version="1" changeset="102239280" timestamp="2021-04-03T14:48:11Z" user="갱이나그네" uid="5500779" lat="36.9172414" lon="127.1532969"/>
 <node id="8589753818" visible="true" version="1" changeset="102239280" timestamp="2021-04-03T14:48:11Z" user="갱이나그네" uid="5500779" lat="36.9166539" lon="127.1538978"/>
 <node id="8589753819" visible="true" version="1" changeset="102239280" timestamp="2021-04-03T14:48:11Z" user="갱이나그네" uid="5500779" lat="36.9168383" lon="127.1544020"/>
 <node id="8589753820" visible="true" version="1" changeset="102239280" timestamp="2021-04-03T14:48:11Z" user="갱이나그네" uid="5500779" lat="36.9165381" lon="127.1556358"/>
 <node id="8589753821" visible="true" version="1" changeset="102239280" timestamp="2021-04-03T14:48:11Z" user="갱이나그네" uid="5500779" lat="36.9171299" lon="127.1559362"/>
 <node id="8589753822" visible="true" version="1" changeset="102239280" timestamp="2021-04-03T14:48:11Z" user="갱이나그네" uid="5500779" lat="36.9175074" lon="127.1562366"/>
 <node id="8589753823" visible="true" version="1" changeset="102239280" timestamp="2021-04-03T14:48:11Z" user="갱이나그네" uid="5500779" lat="36.9177690" lon="127.1566980"/>
 <node id="8589753824" visible="true" version="1" changeset="102239280" timestamp="2021-04-03T14:48:11Z" user="갱이나그네" uid="5500779" lat="36.9178419" lon="127.1571969"/>
 <node id="8589753825" visible="true" version="1" changeset="102239280" timestamp="2021-04-03T14:48:11Z" user="갱이나그네" uid="5500779" lat="36.9178676" lon="127.1583878"/>
 <node id="8589753826" visible="true" version="1" changeset="102239280" timestamp="2021-04-03T14:48:11Z" user="갱이나그네" uid="5500779" lat="36.9168426" lon="127.1574007"/>
 <node id="8589753827" visible="true" version="1" changeset="102239280" timestamp="2021-04-03T14:48:11Z" user="갱이나그네" uid="5500779" lat="36.9166796" lon="127.1578352"/>
 <node id="8589753828" visible="true" version="1" changeset="102239280" timestamp="2021-04-03T14:48:11Z" user="갱이나그네" uid="5500779" lat="36.9157232" lon="127.1572022"/>
 <node id="8589753829" visible="true" version="1" changeset="102239280" timestamp="2021-04-03T14:48:11Z" user="갱이나그네" uid="5500779" lat="36.9154830" lon="127.1576368"/>
 <node id="8589753830" visible="true" version="1" changeset="102239280" timestamp="2021-04-03T14:48:11Z" user="갱이나그네" uid="5500779" lat="36.9151442" lon="127.1568106"/>
 <node id="8589753831" visible="true" version="1" changeset="102239280" timestamp="2021-04-03T14:48:11Z" user="갱이나그네" uid="5500779" lat="36.9152900" lon="127.1566068"/>
 <node id="8589753832" visible="true" version="1" changeset="102239280" timestamp="2021-04-03T14:48:11Z" user="갱이나그네" uid="5500779" lat="36.9139775" lon="127.1546863"/>
 <node id="8589753833" visible="true" version="1" changeset="102239280" timestamp="2021-04-03T14:48:11Z" user="갱이나그네" uid="5500779" lat="36.9136816" lon="127.1550404"/>
 <node id="8589753834" visible="true" version="1" changeset="102239280" timestamp="2021-04-03T14:48:11Z" user="갱이나그네" uid="5500779" lat="36.9128495" lon="127.1539353"/>
 <node id="8589753835" visible="true" version="1" changeset="102239280" timestamp="2021-04-03T14:48:11Z" user="갱이나그네" uid="5500779" lat="36.9118759" lon="127.1530180"/>
 <node id="8589753836" visible="true" version="1" changeset="102239280" timestamp="2021-04-03T14:48:11Z" user="갱이나그네" uid="5500779" lat="36.9111939" lon="127.1525298"/>
 <node id="8589753837" visible="true" version="1" changeset="102239280" timestamp="2021-04-03T14:48:11Z" user="갱이나그네" uid="5500779" lat="36.9108508" lon="127.1529375"/>
 <node id="8589753838" visible="true" version="1" changeset="102239280" timestamp="2021-04-03T14:48:11Z" user="갱이나그네" uid="5500779" lat="36.9104004" lon="127.1532648"/>
 <node id="8589753839" visible="true" version="1" changeset="102239280" timestamp="2021-04-03T14:48:11Z" user="갱이나그네" uid="5500779" lat="36.9102074" lon="127.1532057"/>
 <node id="8589753840" visible="true" version="1" changeset="102239280" timestamp="2021-04-03T14:48:11Z" user="갱이나그네" uid="5500779" lat="36.9099114" lon="127.1536671"/>
 <node id="8589753841" visible="true" version="1" changeset="102239280" timestamp="2021-04-03T14:48:11Z" user="갱이나그네" uid="5500779" lat="36.9098900" lon="127.1531843"/>
 <node id="8589753842" visible="true" version="1" changeset="102239280" timestamp="2021-04-03T14:48:11Z" user="갱이나그네" uid="5500779" lat="36.9099543" lon="127.1528356"/>
 <node id="8589753843" visible="true" version="1" changeset="102239280" timestamp="2021-04-03T14:48:11Z" user="갱이나그네" uid="5500779" lat="36.9100615" lon="127.1528356"/>
 <node id="8589753844" visible="true" version="1" changeset="102239280" timestamp="2021-04-03T14:48:11Z" user="갱이나그네" uid="5500779" lat="36.9102674" lon="127.1519505"/>
 <node id="8589753845" visible="true" version="1" changeset="102239280" timestamp="2021-04-03T14:48:11Z" user="갱이나그네" uid="5500779" lat="36.9098428" lon="127.1515696"/>
 <node id="8589753846" visible="true" version="1" changeset="102239280" timestamp="2021-04-03T14:48:11Z" user="갱이나그네" uid="5500779" lat="36.9102846" lon="127.1506737"/>
 <node id="8589753847" visible="true" version="1" changeset="102239280" timestamp="2021-04-03T14:48:11Z" user="갱이나그네" uid="5500779" lat="36.9104476" lon="127.1500300"/>
 <node id="8589753848" visible="true" version="1" changeset="102239280" timestamp="2021-04-03T14:48:11Z" user="갱이나그네" uid="5500779" lat="36.9104347" lon="127.1484958"/>
 <node id="8589753849" visible="true" version="1" changeset="102239280" timestamp="2021-04-03T14:48:11Z" user="갱이나그네" uid="5500779" lat="36.9104862" lon="127.1480344"/>
 <node id="8589753850" visible="true" version="1" changeset="102239280" timestamp="2021-04-03T14:48:11Z" user="갱이나그네" uid="5500779" lat="36.9107049" lon="127.1474175"/>
 <node id="8589753851" visible="true" version="1" changeset="102239280" timestamp="2021-04-03T14:48:11Z" user="갱이나그네" uid="5500779" lat="36.9111081" lon="127.1466558"/>
 <node id="8589753852" visible="true" version="1" changeset="102239280" timestamp="2021-04-03T14:48:11Z" user="갱이나그네" uid="5500779" lat="36.9111124" lon="127.1469294"/>
 <node id="8589753853" visible="true" version="1" changeset="102239280" timestamp="2021-04-03T14:48:11Z" user="갱이나그네" uid="5500779" lat="36.9109923" lon="127.1473049"/>
 <node id="8589753854" visible="true" version="1" changeset="102239280" timestamp="2021-04-03T14:48:11Z" user="갱이나그네" uid="5500779" lat="36.9110052" lon="127.1475248"/>
 <node id="8589753855" visible="true" version="1" changeset="102239280" timestamp="2021-04-03T14:48:11Z" user="갱이나그네" uid="5500779" lat="36.9108937" lon="127.1480774"/>
 <node id="8589753856" visible="true" version="1" changeset="102239280" timestamp="2021-04-03T14:48:11Z" user="갱이나그네" uid="5500779" lat="36.9111896" lon="127.1484368"/>
 <node id="8589753857" visible="true" version="1" changeset="102239280" timestamp="2021-04-03T14:48:11Z" user="갱이나그네" uid="5500779" lat="36.9113483" lon="127.1481149"/>
 <node id="8589753858" visible="true" version="1" changeset="102239280" timestamp="2021-04-03T14:48:11Z" user="갱이나그네" uid="5500779" lat="36.9120174" lon="127.1488176"/>
 <node id="8589753859" visible="true" version="1" changeset="102239280" timestamp="2021-04-03T14:48:11Z" user="갱이나그네" uid="5500779" lat="36.9121032" lon="127.1490644"/>
 <node id="8589753860" visible="true" version="1" changeset="102239280" timestamp="2021-04-03T14:48:11Z" user="갱이나그네" uid="5500779" lat="36.9127594" lon="127.1489142"/>
 <node id="8589753861" visible="true" version="1" changeset="102239280" timestamp="2021-04-03T14:48:11Z" user="갱이나그네" uid="5500779" lat="36.9130725" lon="127.1491824"/>
 <node id="8589753862" visible="true" version="1" changeset="102239280" timestamp="2021-04-03T14:48:11Z" user="갱이나그네" uid="5500779" lat="36.9132999" lon="127.1498852"/>
 <node id="8589753863" visible="true" version="1" changeset="102239280" timestamp="2021-04-03T14:48:11Z" user="갱이나그네" uid="5500779" lat="36.9132527" lon="127.1502607"/>
 <node id="8589753864" visible="true" version="1" changeset="102239280" timestamp="2021-04-03T14:48:11Z" user="갱이나그네" uid="5500779" lat="36.9133728" lon="127.1506898"/>
 <node id="8589753865" visible="true" version="1" changeset="102239280" timestamp="2021-04-03T14:48:11Z" user="갱이나그네" uid="5500779" lat="36.9138146" lon="127.1505021"/>
 <node id="8589753866" visible="true" version="1" changeset="102239280" timestamp="2021-04-03T14:48:11Z" user="갱이나그네" uid="5500779" lat="36.9142134" lon="127.1498369"/>
 <node id="8589753867" visible="true" version="1" changeset="102239280" timestamp="2021-04-03T14:48:11Z" user="갱이나그네" uid="5500779" lat="36.9139947" lon="127.1497725"/>
 <node id="8589753868" visible="true" version="1" changeset="102239280" timestamp="2021-04-03T14:48:11Z" user="갱이나그네" uid="5500779" lat="36.9134714" lon="127.1492039"/>
 <node id="8589753869" visible="true" version="1" changeset="102239280" timestamp="2021-04-03T14:48:11Z" user="갱이나그네" uid="5500779" lat="36.9134243" lon="127.1487747"/>
 <node id="8589753870" visible="true" version="1" changeset="102239280" timestamp="2021-04-03T14:48:11Z" user="갱이나그네" uid="5500779" lat="36.9134543" lon="127.1482544"/>
 <node id="8589753871" visible="true" version="1" changeset="102239280" timestamp="2021-04-03T14:48:11Z" user="갱이나그네" uid="5500779" lat="36.9139003" lon="127.1475087"/>
 <node id="8589753872" visible="true" version="1" changeset="102239280" timestamp="2021-04-03T14:48:11Z" user="갱이나그네" uid="5500779" lat="36.9141105" lon="127.1464734"/>
 <node id="8589753873" visible="true" version="1" changeset="102239280" timestamp="2021-04-03T14:48:11Z" user="갱이나그네" uid="5500779" lat="36.9132484" lon="127.1456365"/>
 <node id="8589753874" visible="true" version="1" changeset="102239280" timestamp="2021-04-03T14:48:11Z" user="갱이나그네" uid="5500779" lat="36.9125364" lon="127.1451967"/>
 <node id="8589753875" visible="true" version="1" changeset="102239280" timestamp="2021-04-03T14:48:11Z" user="갱이나그네" uid="5500779" lat="36.9120860" lon="127.1442847"/>
 <node id="8589753876" visible="true" version="1" changeset="102239280" timestamp="2021-04-03T14:48:11Z" user="갱이나그네" uid="5500779" lat="36.9123992" lon="127.1437590"/>
 <node id="8589753877" visible="true" version="1" changeset="102239280" timestamp="2021-04-03T14:48:11Z" user="갱이나그네" uid="5500779" lat="36.9125450" lon="127.1438663"/>
 <node id="8589753878" visible="true" version="1" changeset="102239280" timestamp="2021-04-03T14:48:11Z" user="갱이나그네" uid="5500779" lat="36.9129825" lon="127.1438877"/>
 <node id="8589753879" visible="true" version="1" changeset="102239280" timestamp="2021-04-03T14:48:11Z" user="갱이나그네" uid="5500779" lat="36.9134028" lon="127.1440648"/>
 <node id="8589753880" visible="true" version="1" changeset="102239280" timestamp="2021-04-03T14:48:11Z" user="갱이나그네" uid="5500779" lat="36.9136473" lon="127.1442686"/>
 <node id="8589753881" visible="true" version="1" changeset="102239280" timestamp="2021-04-03T14:48:11Z" user="갱이나그네" uid="5500779" lat="36.9139690" lon="127.1448909"/>
 <node id="8589753882" visible="true" version="1" changeset="102239280" timestamp="2021-04-03T14:48:11Z" user="갱이나그네" uid="5500779" lat="36.9143421" lon="127.1453522"/>
 <node id="8589753883" visible="true" version="1" changeset="102239280" timestamp="2021-04-03T14:48:11Z" user="갱이나그네" uid="5500779" lat="36.9147024" lon="127.1459262"/>
 <node id="8589753884" visible="true" version="1" changeset="102239280" timestamp="2021-04-03T14:48:11Z" user="갱이나그네" uid="5500779" lat="36.9148139" lon="127.1460013"/>
 <node id="8589753885" visible="true" version="1" changeset="102239280" timestamp="2021-04-03T14:48:11Z" user="갱이나그네" uid="5500779" lat="36.9157704" lon="127.1454488"/>
 <node id="8589753886" visible="true" version="1" changeset="102239280" timestamp="2021-04-03T14:48:11Z" user="갱이나그네" uid="5500779" lat="36.9163837" lon="127.1447085"/>
 <node id="8589753887" visible="true" version="1" changeset="102239280" timestamp="2021-04-03T14:48:11Z" user="갱이나그네" uid="5500779" lat="36.9166196" lon="127.1445851"/>
 <node id="8589753888" visible="true" version="1" changeset="102239280" timestamp="2021-04-03T14:48:11Z" user="갱이나그네" uid="5500779" lat="36.9176532" lon="127.1450518"/>
 <node id="8589753889" visible="true" version="1" changeset="102239280" timestamp="2021-04-03T14:48:11Z" user="갱이나그네" uid="5500779" lat="36.9180778" lon="127.1449124"/>
 <node id="8589753890" visible="true" version="1" changeset="102239280" timestamp="2021-04-03T14:48:11Z" user="갱이나그네" uid="5500779" lat="36.9178590" lon="127.1441291"/>
 <node id="8589753891" visible="true" version="1" changeset="102239280" timestamp="2021-04-03T14:48:11Z" user="갱이나그네" uid="5500779" lat="36.9179234" lon="127.1436410"/>
 <node id="8589753892" visible="true" version="1" changeset="102239280" timestamp="2021-04-03T14:48:11Z" user="갱이나그네" uid="5500779" lat="36.9177390" lon="127.1435712"/>
 <node id="8589753893" visible="true" version="1" changeset="102239280" timestamp="2021-04-03T14:48:11Z" user="갱이나그네" uid="5500779" lat="36.9176660" lon="127.1433513"/>
 <node id="8589753894" visible="true" version="1" changeset="102239280" timestamp="2021-04-03T14:48:11Z" user="갱이나그네" uid="5500779" lat="36.9177776" lon="127.1431099"/>
 <node id="8589753895" visible="true" version="1" changeset="102239280" timestamp="2021-04-03T14:48:11Z" user="갱이나그네" uid="5500779" lat="36.9178676" lon="127.1426915"/>
 <node id="8589753896" visible="true" version="1" changeset="102239280" timestamp="2021-04-03T14:48:11Z" user="갱이나그네" uid="5500779" lat="36.9176789" lon="127.1425788"/>
 <node id="8589753897" visible="true" version="1" changeset="102239280" timestamp="2021-04-03T14:48:11Z" user="갱이나그네" uid="5500779" lat="36.9178676" lon="127.1422838"/>
 <node id="8589753898" visible="true" version="1" changeset="102239280" timestamp="2021-04-03T14:48:11Z" user="갱이나그네" uid="5500779" lat="36.9178247" lon="127.1420370"/>
 <node id="8589753899" visible="true" version="1" changeset="102239280" timestamp="2021-04-03T14:48:11Z" user="갱이나그네" uid="5500779" lat="36.9180134" lon="127.1417795"/>
 <node id="8589753900" visible="true" version="1" changeset="102239280" timestamp="2021-04-03T14:48:11Z" user="갱이나그네" uid="5500779" lat="36.9182751" lon="127.1421336"/>
 <node id="8589753901" visible="true" version="1" changeset="102239280" timestamp="2021-04-03T14:48:11Z" user="갱이나그네" uid="5500779" lat="36.9185796" lon="127.1426057"/>
 <node id="8589753902" visible="true" version="1" changeset="102239280" timestamp="2021-04-03T14:48:11Z" user="갱이나그네" uid="5500779" lat="36.9187125" lon="127.1425520"/>
 <node id="8589753903" visible="true" version="1" changeset="102239280" timestamp="2021-04-03T14:48:11Z" user="갱이나그네" uid="5500779" lat="36.9190299" lon="127.1427237"/>
 <node id="8589753904" visible="true" version="1" changeset="102239280" timestamp="2021-04-03T14:48:11Z" user="갱이나그네" uid="5500779" lat="36.9191414" lon="127.1429061"/>
 <node id="8589753905" visible="true" version="1" changeset="102239280" timestamp="2021-04-03T14:48:11Z" user="갱이나그네" uid="5500779" lat="36.9190985" lon="127.1431636"/>
 <node id="8589753906" visible="true" version="1" changeset="102239280" timestamp="2021-04-03T14:48:11Z" user="갱이나그네" uid="5500779" lat="36.9193044" lon="127.1434640"/>
 <node id="8589753907" visible="true" version="1" changeset="102239280" timestamp="2021-04-03T14:48:11Z" user="갱이나그네" uid="5500779" lat="36.9194245" lon="127.1438609"/>
 <node id="8589753908" visible="true" version="1" changeset="102239280" timestamp="2021-04-03T14:48:11Z" user="갱이나그네" uid="5500779" lat="36.9196518" lon="127.1437268"/>
 <node id="8589753909" visible="true" version="1" changeset="102239280" timestamp="2021-04-03T14:48:11Z" user="갱이나그네" uid="5500779" lat="36.9196518" lon="127.1432547"/>
 <node id="8589753910" visible="true" version="1" changeset="102239280" timestamp="2021-04-03T14:48:11Z" user="갱이나그네" uid="5500779" lat="36.9198576" lon="127.1431743"/>
 <node id="8589753911" visible="true" version="1" changeset="102239280" timestamp="2021-04-03T14:48:11Z" user="갱이나그네" uid="5500779" lat="36.9198062" lon="127.1430080"/>
 <node id="8589753912" visible="true" version="1" changeset="102239280" timestamp="2021-04-03T14:48:11Z" user="갱이나그네" uid="5500779" lat="36.9199949" lon="127.1428900"/>
 <node id="8589753913" visible="true" version="1" changeset="102239280" timestamp="2021-04-03T14:48:11Z" user="갱이나그네" uid="5500779" lat="36.9196989" lon="127.1423803"/>
 <node id="8589753914" visible="true" version="1" changeset="102239280" timestamp="2021-04-03T14:48:11Z" user="갱이나그네" uid="5500779" lat="36.9198876" lon="127.1422784"/>
 <node id="8589753915" visible="true" version="1" changeset="102239280" timestamp="2021-04-03T14:48:11Z" user="갱이나그네" uid="5500779" lat="36.9200549" lon="127.1423052"/>
 <node id="8589753916" visible="true" version="1" changeset="102239280" timestamp="2021-04-03T14:48:11Z" user="갱이나그네" uid="5500779" lat="36.9200463" lon="127.1420799"/>
 <node id="8589753917" visible="true" version="1" changeset="102239280" timestamp="2021-04-03T14:48:11Z" user="갱이나그네" uid="5500779" lat="36.9198490" lon="127.1420531"/>
 <node id="8589753918" visible="true" version="1" changeset="102239280" timestamp="2021-04-03T14:48:11Z" user="갱이나그네" uid="5500779" lat="36.9198319" lon="127.1419351"/>
 <node id="8589753919" visible="true" version="1" changeset="102239280" timestamp="2021-04-03T14:48:11Z" user="갱이나그네" uid="5500779" lat="36.9196389" lon="127.1418224"/>
 <node id="8589753920" visible="true" version="1" changeset="102239280" timestamp="2021-04-03T14:48:11Z" user="갱이나그네" uid="5500779" lat="36.9196003" lon="127.1415381"/>
 <node id="8589753921" visible="true" version="1" changeset="102239280" timestamp="2021-04-03T14:48:11Z" user="갱이나그네" uid="5500779" lat="36.9193430" lon="127.1412860"/>
 <node id="8589753922" visible="true" version="1" changeset="102239280" timestamp="2021-04-03T14:48:11Z" user="갱이나그네" uid="5500779" lat="36.9193687" lon="127.1405028"/>
 <node id="8589753923" visible="true" version="1" changeset="102239280" timestamp="2021-04-03T14:48:11Z" user="갱이나그네" uid="5500779" lat="36.9192572" lon="127.1401809"/>
 <node id="8589753924" visible="true" version="1" changeset="102239280" timestamp="2021-04-03T14:48:11Z" user="갱이나그네" uid="5500779" lat="36.9192829" lon="127.1399288"/>
 <node id="8589753925" visible="true" version="1" changeset="102239280" timestamp="2021-04-03T14:48:11Z" user="갱이나그네" uid="5500779" lat="36.9191671" lon="127.1393763"/>
 <node id="8589753926" visible="true" version="1" changeset="102239280" timestamp="2021-04-03T14:48:11Z" user="갱이나그네" uid="5500779" lat="36.9191843" lon="127.1390383"/>
 <node id="8589753927" visible="true" version="1" changeset="102239280" timestamp="2021-04-03T14:48:11Z" user="갱이나그네" uid="5500779" lat="36.9198490" lon="127.1380942"/>
 <node id="8589753928" visible="true" version="1" changeset="102239280" timestamp="2021-04-03T14:48:11Z" user="갱이나그네" uid="5500779" lat="36.9205910" lon="127.1380405"/>
 <node id="8589753929" visible="true" version="1" changeset="102239280" timestamp="2021-04-03T14:48:11Z" user="갱이나그네" uid="5500779" lat="36.9206853" lon="127.1384590"/>
 <node id="8589753930" visible="true" version="1" changeset="102239280" timestamp="2021-04-03T14:48:11Z" user="갱이나그네" uid="5500779" lat="36.9205095" lon="127.1386628"/>
 <node id="8589753931" visible="true" version="1" changeset="102239280" timestamp="2021-04-03T14:48:11Z" user="갱이나그네" uid="5500779" lat="36.9203551" lon="127.1387969"/>
 <node id="10210861679" visible="true" version="1" changeset="129259088" timestamp="2022-11-23T01:00:13Z" user="user_17703046" uid="17703046" lat="36.9082065" lon="127.1417171"/>
 <node id="10210861680" visible="true" version="1" changeset="129259088" timestamp="2022-11-23T01:00:13Z" user="user_17703046" uid="17703046" lat="36.9079091" lon="127.1467141"/>
 <node id="10210861681" visible="true" version="1" changeset="129259088" timestamp="2022-11-23T01:00:13Z" user="user_17703046" uid="17703046" lat="36.9112551" lon="127.1448877"/>
 <node id="10210861682" visible="true" version="1" changeset="129259088" timestamp="2022-11-23T01:00:13Z" user="user_17703046" uid="17703046" lat="36.9110095" lon="127.1445229"/>
 <node id="10210861683" visible="true" version="1" changeset="129259088" timestamp="2022-11-23T01:00:13Z" user="user_17703046" uid="17703046" lat="36.9111509" lon="127.1445775"/>
 <node id="10296888229" visible="true" version="1" changeset="130723272" timestamp="2022-12-31T14:33:28Z" user="OpenStreetMap-KR" uid="9176801" lat="36.9123863" lon="127.1458781"/>
 <node id="10296888230" visible="true" version="1" changeset="130723272" timestamp="2022-12-31T14:33:28Z" user="OpenStreetMap-KR" uid="9176801" lat="36.9123839" lon="127.1457808"/>
 <node id="10296888231" visible="true" version="1" changeset="130723272" timestamp="2022-12-31T14:33:28Z" user="OpenStreetMap-KR" uid="9176801" lat="36.9123571" lon="127.1456895"/>
 <node id="10296888232" visible="true" version="1" changeset="130723272" timestamp="2022-12-31T14:33:28Z" user="OpenStreetMap-KR" uid="9176801" lat="36.9123085" lon="127.1456134"/>
 <node id="10296888233" visible="true" version="1" changeset="130723272" timestamp="2022-12-31T14:33:28Z" user="OpenStreetMap-KR" uid="9176801" lat="36.9122432" lon="127.1455604"/>
 <node id="10296888234" visible="true" version="1" changeset="130723272" timestamp="2022-12-31T14:33:28Z" user="OpenStreetMap-KR" uid="9176801" lat="36.9119194" lon="127.1457269"/>
 <node id="10296888235" visible="true" version="1" changeset="130723272" timestamp="2022-12-31T14:33:28Z" user="OpenStreetMap-KR" uid="9176801" lat="36.9119026" lon="127.1458272"/>
 <node id="10296888236" visible="true" version="1" changeset="130723272" timestamp="2022-12-31T14:33:28Z" user="OpenStreetMap-KR" uid="9176801" lat="36.9119134" lon="127.1459287"/>
 <node id="10296888237" visible="true" version="1" changeset="130723272" timestamp="2022-12-31T14:33:28Z" user="OpenStreetMap-KR" uid="9176801" lat="36.9119505" lon="127.1460200"/>
 <node id="10296888238" visible="true" version="1" changeset="130723272" timestamp="2022-12-31T14:33:28Z" user="OpenStreetMap-KR" uid="9176801" lat="36.9120098" lon="127.1460907"/>
 <node id="10296888239" visible="true" version="1" changeset="130723272" timestamp="2022-12-31T14:33:28Z" user="OpenStreetMap-KR" uid="9176801" lat="36.9120845" lon="127.1461327"/>
 <node id="10296888240" visible="true" version="1" changeset="130723272" timestamp="2022-12-31T14:33:28Z" user="OpenStreetMap-KR" uid="9176801" lat="36.9121678" lon="127.1455360"/>
 <node id="10296888241" visible="true" version="1" changeset="130723272" timestamp="2022-12-31T14:33:28Z" user="OpenStreetMap-KR" uid="9176801" lat="36.9120902" lon="127.1455427"/>
 <node id="10296888242" visible="true" version="1" changeset="130723272" timestamp="2022-12-31T14:33:28Z" user="OpenStreetMap-KR" uid="9176801" lat="36.9120182" lon="127.1455797"/>
 <node id="10296888243" visible="true" version="1" changeset="130723272" timestamp="2022-12-31T14:33:28Z" user="OpenStreetMap-KR" uid="9176801" lat="36.9119593" lon="127.1456433"/>
 <node id="10296888244" visible="true" version="1" changeset="130723272" timestamp="2022-12-31T14:33:28Z" user="OpenStreetMap-KR" uid="9176801" lat="36.9121661" lon="127.1461413"/>
 <node id="10296888245" visible="true" version="1" changeset="130723272" timestamp="2022-12-31T14:33:28Z" user="OpenStreetMap-KR" uid="9176801" lat="36.9122454" lon="127.1461155"/>
 <node id="10296888246" visible="true" version="1" changeset="130723272" timestamp="2022-12-31T14:33:28Z" user="OpenStreetMap-KR" uid="9176801" lat="36.9123133" lon="127.1460582"/>
 <node id="10296888247" visible="true" version="1" changeset="130723272" timestamp="2022-12-31T14:33:28Z" user="OpenStreetMap-KR" uid="9176801" lat="36.9123621" lon="127.1459760"/>
 <node id="10296888248" visible="true" version="1" changeset="130723272" timestamp="2022-12-31T14:33:28Z" user="OpenStreetMap-KR" uid="9176801" lat="36.9122955" lon="127.1458373"/>
 <node id="10296888249" visible="true" version="1" changeset="130723272" timestamp="2022-12-31T14:33:28Z" user="OpenStreetMap-KR" uid="9176801" lat="36.9122887" lon="127.1457781"/>
 <node id="10296888250" visible="true" version="1" changeset="130723272" timestamp="2022-12-31T14:33:28Z" user="OpenStreetMap-KR" uid="9176801" lat="36.9122674" lon="127.1457246"/>
 <node id="10296888251" visible="true" version="1" changeset="130723272" timestamp="2022-12-31T14:33:28Z" user="OpenStreetMap-KR" uid="9176801" lat="36.9122336" lon="127.1456823"/>
 <node id="10296888252" visible="true" version="1" changeset="130723272" timestamp="2022-12-31T14:33:28Z" user="OpenStreetMap-KR" uid="9176801" lat="36.9121909" lon="127.1456555"/>
 <node id="10296888253" visible="true" version="1" changeset="130723272" timestamp="2022-12-31T14:33:28Z" user="OpenStreetMap-KR" uid="9176801" lat="36.9120021" lon="127.1457843"/>
 <node id="10296888254" visible="true" version="1" changeset="130723272" timestamp="2022-12-31T14:33:28Z" user="OpenStreetMap-KR" uid="9176801" lat="36.9119972" lon="127.1458470"/>
 <node id="10296888255" visible="true" version="1" changeset="130723272" timestamp="2022-12-31T14:33:28Z" user="OpenStreetMap-KR" uid="9176801" lat="36.9120092" lon="127.1459082"/>
 <node id="10296888256" visible="true" version="1" changeset="130723272" timestamp="2022-12-31T14:33:28Z" user="OpenStreetMap-KR" uid="9176801" lat="36.9120368" lon="127.1459609"/>
 <node id="10296888257" visible="true" version="1" changeset="130723272" timestamp="2022-12-31T14:33:28Z" user="OpenStreetMap-KR" uid="9176801" lat="36.9120768" lon="127.1459992"/>
 <node id="10296888258" visible="true" version="1" changeset="130723272" timestamp="2022-12-31T14:33:28Z" user="OpenStreetMap-KR" uid="9176801" lat="36.9121248" lon="127.1460186"/>
 <node id="10296888259" visible="true" version="1" changeset="130723272" timestamp="2022-12-31T14:33:28Z" user="OpenStreetMap-KR" uid="9176801" lat="36.9121436" lon="127.1456469"/>
 <node id="10296888260" visible="true" version="1" changeset="130723272" timestamp="2022-12-31T14:33:28Z" user="OpenStreetMap-KR" uid="9176801" lat="36.9120965" lon="127.1456575"/>
 <node id="10296888261" visible="true" version="1" changeset="130723272" timestamp="2022-12-31T14:33:28Z" user="OpenStreetMap-KR" uid="9176801" lat="36.9120545" lon="127.1456862"/>
 <node id="10296888262" visible="true" version="1" changeset="130723272" timestamp="2022-12-31T14:33:28Z" user="OpenStreetMap-KR" uid="9176801" lat="36.9120220" lon="127.1457299"/>
 <node id="10296888263" visible="true" version="1" changeset="130723272" timestamp="2022-12-31T14:33:28Z" user="OpenStreetMap-KR" uid="9176801" lat="36.9121751" lon="127.1460169"/>
 <node id="10296888264" visible="true" version="1" changeset="130723272" timestamp="2022-12-31T14:33:28Z" user="OpenStreetMap-KR" uid="9176801" lat="36.9122222" lon="127.1459945"/>
 <node id="10296888265" visible="true" version="1" changeset="130723272" timestamp="2022-12-31T14:33:28Z" user="OpenStreetMap-KR" uid="9176801" lat="36.9122606" lon="127.1459537"/>
 <node id="10296888266" visible="true" version="1" changeset="130723272" timestamp="2022-12-31T14:33:28Z" user="OpenStreetMap-KR" uid="9176801" lat="36.9122860" lon="127.1458992"/>
 <node id="10296888267" visible="true" version="1" changeset="130723272" timestamp="2022-12-31T14:33:28Z" user="OpenStreetMap-KR" uid="9176801" lat="36.9119845" lon="127.1453578"/>
 <node id="10296888268" visible="true" version="1" changeset="130723272" timestamp="2022-12-31T14:33:28Z" user="OpenStreetMap-KR" uid="9176801" lat="36.9118247" lon="127.1456728"/>
 <node id="10296888269" visible="true" version="1" changeset="130723272" timestamp="2022-12-31T14:33:28Z" user="OpenStreetMap-KR" uid="9176801" lat="36.9115643" lon="127.1455684"/>
 <node id="10296888270" visible="true" version="1" changeset="130723272" timestamp="2022-12-31T14:33:28Z" user="OpenStreetMap-KR" uid="9176801" lat="36.9115487" lon="127.1455312"/>
 <node id="10296888271" visible="true" version="1" changeset="130723272" timestamp="2022-12-31T14:33:28Z" user="OpenStreetMap-KR" uid="9176801" lat="36.9115459" lon="127.1454551"/>
 <node id="10296888272" visible="true" version="1" changeset="130723272" timestamp="2022-12-31T14:33:28Z" user="OpenStreetMap-KR" uid="9176801" lat="36.9115332" lon="127.1455418"/>
 <node id="10296888273" visible="true" version="1" changeset="130723272" timestamp="2022-12-31T14:33:28Z" user="OpenStreetMap-KR" uid="9176801" lat="36.9115728" lon="127.1456923"/>
 <node id="10296888274" visible="true" version="1" changeset="130723272" timestamp="2022-12-31T14:33:28Z" user="OpenStreetMap-KR" uid="9176801" lat="36.9117171" lon="127.1459772"/>
 <node id="10296888275" visible="true" version="1" changeset="130723272" timestamp="2022-12-31T14:33:28Z" user="OpenStreetMap-KR" uid="9176801" lat="36.9118459" lon="127.1463028"/>
 <node id="10296888276" visible="true" version="1" changeset="130723272" timestamp="2022-12-31T14:33:28Z" user="OpenStreetMap-KR" uid="9176801" lat="36.9119166" lon="127.1465310"/>
 <node id="10296888277" visible="true" version="1" changeset="130723272" timestamp="2022-12-31T14:33:28Z" user="OpenStreetMap-KR" uid="9176801" lat="36.9119916" lon="127.1467823"/>
 <node id="10296888278" visible="true" version="1" changeset="130723272" timestamp="2022-12-31T14:33:28Z" user="OpenStreetMap-KR" uid="9176801" lat="36.9120326" lon="127.1468708"/>
 <node id="10296888279" visible="true" version="1" changeset="130723272" timestamp="2022-12-31T14:33:28Z" user="OpenStreetMap-KR" uid="9176801" lat="36.9120779" lon="127.1468690"/>
 <node id="10296888280" visible="true" version="1" changeset="130723272" timestamp="2022-12-31T14:33:28Z" user="OpenStreetMap-KR" uid="9176801" lat="36.9121317" lon="127.1468390"/>
 <node id="10296888281" visible="true" version="1" changeset="130723272" timestamp="2022-12-31T14:33:28Z" user="OpenStreetMap-KR" uid="9176801" lat="36.9121685" lon="127.1467912"/>
 <node id="10296888282" visible="true" version="1" changeset="130723272" timestamp="2022-12-31T14:33:28Z" user="OpenStreetMap-KR" uid="9176801" lat="36.9125841" lon="127.1460629"/>
 <node id="10296888283" visible="true" version="1" changeset="130723272" timestamp="2022-12-31T14:33:28Z" user="OpenStreetMap-KR" uid="9176801" lat="36.9126924" lon="127.1457220"/>
 <node id="10296888284" visible="true" version="1" changeset="130723272" timestamp="2022-12-31T14:33:28Z" user="OpenStreetMap-KR" uid="9176801" lat="36.9123974" lon="127.1455328"/>
 <node id="10296888285" visible="true" version="1" changeset="130723272" timestamp="2022-12-31T14:33:28Z" user="OpenStreetMap-KR" uid="9176801" lat="36.9123041" lon="127.1455142"/>
 <node id="10296888286" visible="true" version="1" changeset="130723272" timestamp="2022-12-31T14:33:28Z" user="OpenStreetMap-KR" uid="9176801" lat="36.9122499" lon="127.1455118"/>
 <node id="10296888287" visible="true" version="1" changeset="130723272" timestamp="2022-12-31T14:33:28Z" user="OpenStreetMap-KR" uid="9176801" lat="36.9121323" lon="127.1454535"/>
 <node id="10296888288" visible="true" version="1" changeset="130723272" timestamp="2022-12-31T14:33:28Z" user="OpenStreetMap-KR" uid="9176801" lat="36.9120408" lon="127.1453204"/>
 <node id="10296888289" visible="true" version="1" changeset="130723272" timestamp="2022-12-31T14:33:28Z" user="OpenStreetMap-KR" uid="9176801" lat="36.9120110" lon="127.1453134"/>
 <node id="10296888290" visible="true" version="2" changeset="164892965" timestamp="2025-04-13T12:43:26Z" user="LuxuryCoop" uid="7245212" lat="36.9113649" lon="127.1412928"/>
 <node id="10296888291" visible="true" version="2" changeset="164892965" timestamp="2025-04-13T12:43:26Z" user="LuxuryCoop" uid="7245212" lat="36.9112970" lon="127.1423785"/>
 <node id="10296888292" visible="true" version="2" changeset="164892965" timestamp="2025-04-13T12:43:26Z" user="LuxuryCoop" uid="7245212" lat="36.9111798" lon="127.1423671"/>
 <node id="10296888293" visible="true" version="2" changeset="164892965" timestamp="2025-04-13T12:43:26Z" user="LuxuryCoop" uid="7245212" lat="36.9112477" lon="127.1412814"/>
 <node id="10296888294" visible="true" version="2" changeset="164892965" timestamp="2025-04-13T12:43:26Z" user="LuxuryCoop" uid="7245212" lat="36.9115477" lon="127.1413541"/>
 <node id="10296888295" visible="true" version="2" changeset="164892965" timestamp="2025-04-13T12:43:26Z" user="LuxuryCoop" uid="7245212" lat="36.9114798" lon="127.1424398"/>
 <node id="10296888296" visible="true" version="2" changeset="164892965" timestamp="2025-04-13T12:43:26Z" user="LuxuryCoop" uid="7245212" lat="36.9113625" lon="127.1424283"/>
 <node id="10296888297" visible="true" version="2" changeset="164892965" timestamp="2025-04-13T12:43:26Z" user="LuxuryCoop" uid="7245212" lat="36.9114305" lon="127.1413426"/>
 <node id="10296888298" visible="true" version="1" changeset="130723272" timestamp="2022-12-31T14:33:28Z" user="OpenStreetMap-KR" uid="9176801" lat="36.9117206" lon="127.1425270"/>
 <node id="10296888299" visible="true" version="1" changeset="130723272" timestamp="2022-12-31T14:33:28Z" user="OpenStreetMap-KR" uid="9176801" lat="36.9113072" lon="127.1425051"/>
 <node id="10296888300" visible="true" version="1" changeset="130723272" timestamp="2022-12-31T14:33:28Z" user="OpenStreetMap-KR" uid="9176801" lat="36.9113787" lon="127.1414765"/>
 <node id="10296888301" visible="true" version="1" changeset="130723272" timestamp="2022-12-31T14:33:28Z" user="OpenStreetMap-KR" uid="9176801" lat="36.9115544" lon="127.1425182"/>
 <node id="10296888302" visible="true" version="1" changeset="130723272" timestamp="2022-12-31T14:33:28Z" user="OpenStreetMap-KR" uid="9176801" lat="36.9116111" lon="127.1416249"/>
 <node id="10296888303" visible="true" version="1" changeset="130723272" timestamp="2022-12-31T14:33:28Z" user="OpenStreetMap-KR" uid="9176801" lat="36.9116810" lon="127.1424868"/>
 <node id="10296888304" visible="true" version="1" changeset="130723272" timestamp="2022-12-31T14:33:28Z" user="OpenStreetMap-KR" uid="9176801" lat="36.9117297" lon="127.1413911"/>
 <node id="10296888305" visible="true" version="1" changeset="130723272" timestamp="2022-12-31T14:33:28Z" user="OpenStreetMap-KR" uid="9176801" lat="36.9112826" lon="127.1410032"/>
 <node id="10296888306" visible="true" version="1" changeset="130723272" timestamp="2022-12-31T14:33:28Z" user="OpenStreetMap-KR" uid="9176801" lat="36.9111086" lon="127.1426249"/>
 <node id="10296888307" visible="true" version="1" changeset="130723272" timestamp="2022-12-31T14:33:28Z" user="OpenStreetMap-KR" uid="9176801" lat="36.9112178" lon="127.1427266"/>
 <node id="10296888308" visible="true" version="1" changeset="130723272" timestamp="2022-12-31T14:33:28Z" user="OpenStreetMap-KR" uid="9176801" lat="36.9116615" lon="127.1427429"/>
 <node id="10932169717" visible="true" version="1" changeset="136637365" timestamp="2023-05-27T20:30:23Z" user="남서울대학교" uid="19406292" lat="36.9070969" lon="127.1412833"/>
 <node id="10932169722" visible="true" version="2" changeset="164892965" timestamp="2025-04-13T12:43:26Z" user="LuxuryCoop" uid="7245212" lat="36.9067060" lon="127.1396156"/>
 <node id="10932169723" visible="true" version="2" changeset="164892965" timestamp="2025-04-13T12:43:26Z" user="LuxuryCoop" uid="7245212" lat="36.9067166" lon="127.1406762"/>
 <node id="10932169724" visible="true" version="2" changeset="164892965" timestamp="2025-04-13T12:43:26Z" user="LuxuryCoop" uid="7245212" lat="36.9053024" lon="127.1406983"/>
 <node id="10932169725" visible="true" version="2" changeset="164892965" timestamp="2025-04-13T12:43:26Z" user="LuxuryCoop" uid="7245212" lat="36.9052918" lon="127.1396377"/>
 <node id="10932174771" visible="true" version="1" changeset="136637217" timestamp="2023-05-27T20:24:59Z" user="남서울대학교" uid="19406292" lat="36.9068744" lon="127.1407093"/>
 <node id="10932174772" visible="true" version="1" changeset="136637217" timestamp="2023-05-27T20:24:59Z" user="남서울대학교" uid="19406292" lat="36.9067709" lon="127.1407136"/>
 <node id="10932174773" visible="true" version="1" changeset="136637217" timestamp="2023-05-27T20:24:59Z" user="남서울대학교" uid="19406292" lat="36.9065917" lon="127.1408802"/>
 <node id="10932174774" visible="true" version="1" changeset="136637217" timestamp="2023-05-27T20:24:59Z" user="남서울대학교" uid="19406292" lat="36.9063806" lon="127.1413344"/>
 <node id="10932174775" visible="true" version="1" changeset="136637217" timestamp="2023-05-27T20:24:59Z" user="남서울대학교" uid="19406292" lat="36.9063165" lon="127.1413985"/>
 <node id="10932174776" visible="true" version="1" changeset="136637217" timestamp="2023-05-27T20:24:59Z" user="남서울대학교" uid="19406292" lat="36.9062637" lon="127.1413788"/>
 <node id="10932174777" visible="true" version="1" changeset="136637217" timestamp="2023-05-27T20:24:59Z" user="남서울대학교" uid="19406292" lat="36.9048478" lon="127.1406014"/>
 <node id="10932174778" visible="true" version="1" changeset="136637217" timestamp="2023-05-27T20:24:59Z" user="남서울대학교" uid="19406292" lat="36.9044270" lon="127.1403978"/>
 <node id="10932174779" visible="true" version="1" changeset="136637217" timestamp="2023-05-27T20:24:59Z" user="남서울대학교" uid="19406292" lat="36.9044061" lon="127.1402590"/>
 <node id="10932174780" visible="true" version="1" changeset="136637217" timestamp="2023-05-27T20:24:59Z" user="남서울대학교" uid="19406292" lat="36.9042948" lon="127.1400748"/>
 <node id="10932174781" visible="true" version="1" changeset="136637217" timestamp="2023-05-27T20:24:59Z" user="남서울대학교" uid="19406292" lat="36.9041694" lon="127.1397924"/>
 <node id="10932174782" visible="true" version="1" changeset="136637217" timestamp="2023-05-27T20:24:59Z" user="남서울대학교" uid="19406292" lat="36.9045206" lon="127.1388356"/>
 <node id="10932174783" visible="true" version="1" changeset="136637217" timestamp="2023-05-27T20:24:59Z" user="남서울대학교" uid="19406292" lat="36.9041612" lon="127.1393715"/>
 <node id="10932174784" visible="true" version="1" changeset="136637217" timestamp="2023-05-27T20:24:59Z" user="남서울대학교" uid="19406292" lat="36.9045493" lon="127.1385512"/>
 <node id="10932174785" visible="true" version="1" changeset="136637217" timestamp="2023-05-27T20:24:59Z" user="남서울대학교" uid="19406292" lat="36.9045985" lon="127.1384004"/>
 <node id="10932174786" visible="true" version="1" changeset="136637217" timestamp="2023-05-27T20:24:59Z" user="남서울대학교" uid="19406292" lat="36.9047236" lon="127.1382623"/>
 <node id="10932174787" visible="true" version="1" changeset="136637217" timestamp="2023-05-27T20:24:59Z" user="남서울대학교" uid="19406292" lat="36.9056943" lon="127.1382693"/>
 <node id="10932174788" visible="true" version="1" changeset="136637217" timestamp="2023-05-27T20:24:59Z" user="남서울대학교" uid="19406292" lat="36.9059624" lon="127.1381685"/>
 <node id="10932174789" visible="true" version="1" changeset="136637217" timestamp="2023-05-27T20:24:59Z" user="남서울대학교" uid="19406292" lat="36.9063328" lon="127.1381594"/>
 <node id="10932174790" visible="true" version="1" changeset="136637217" timestamp="2023-05-27T20:24:59Z" user="남서울대학교" uid="19406292" lat="36.9063429" lon="127.1373188"/>
 <node id="10932174791" visible="true" version="1" changeset="136637217" timestamp="2023-05-27T20:24:59Z" user="남서울대학교" uid="19406292" lat="36.9074248" lon="127.1369931"/>
 <node id="10932174792" visible="true" version="1" changeset="136637217" timestamp="2023-05-27T20:24:59Z" user="남서울대학교" uid="19406292" lat="36.9085835" lon="127.1361909"/>
 <node id="10932174793" visible="true" version="1" changeset="136637217" timestamp="2023-05-27T20:24:59Z" user="남서울대학교" uid="19406292" lat="36.9086903" lon="127.1361514"/>
 <node id="10932174794" visible="true" version="1" changeset="136637217" timestamp="2023-05-27T20:24:59Z" user="남서울대학교" uid="19406292" lat="36.9086990" lon="127.1358631"/>
 <node id="10932174795" visible="true" version="1" changeset="136637217" timestamp="2023-05-27T20:24:59Z" user="남서울대학교" uid="19406292" lat="36.9093824" lon="127.1358123"/>
 <node id="10932174796" visible="true" version="1" changeset="136637217" timestamp="2023-05-27T20:24:59Z" user="남서울대학교" uid="19406292" lat="36.9109774" lon="127.1394574"/>
 <node id="10932174798" visible="true" version="1" changeset="136637217" timestamp="2023-05-27T20:24:59Z" user="남서울대학교" uid="19406292" lat="36.9113142" lon="127.1392888"/>
 <node id="10932174799" visible="true" version="1" changeset="136637217" timestamp="2023-05-27T20:24:59Z" user="남서울대학교" uid="19406292" lat="36.9112175" lon="127.1365432"/>
 <node id="10932174800" visible="true" version="1" changeset="136637217" timestamp="2023-05-27T20:24:59Z" user="남서울대학교" uid="19406292" lat="36.9116577" lon="127.1366854"/>
 <node id="10932198130" visible="true" version="1" changeset="136637530" timestamp="2023-05-27T20:36:35Z" user="남서울대학교" uid="19406292" lat="36.9080278" lon="127.1468620"/>
 <node id="10932199370" visible="true" version="1" changeset="136637731" timestamp="2023-05-27T20:46:07Z" user="남서울대학교" uid="19406292" lat="36.9117833" lon="127.1389232"/>
 <node id="11019901216" visible="true" version="1" changeset="138021658" timestamp="2023-07-02T12:28:27Z" user="leeq1no1" uid="17578981" lat="36.9079931" lon="127.1434899"/>
 <node id="11019901217" visible="true" version="1" changeset="138021658" timestamp="2023-07-02T12:28:27Z" user="leeq1no1" uid="17578981" lat="36.9078461" lon="127.1435202"/>
 <node id="11019901218" visible="true" version="1" changeset="138021658" timestamp="2023-07-02T12:28:27Z" user="leeq1no1" uid="17578981" lat="36.9078959" lon="127.1438980"/>
 <node id="11019901219" visible="true" version="1" changeset="138021658" timestamp="2023-07-02T12:28:27Z" user="leeq1no1" uid="17578981" lat="36.9080429" lon="127.1438677"/>
 <node id="11019901220" visible="true" version="1" changeset="138021658" timestamp="2023-07-02T12:28:27Z" user="leeq1no1" uid="17578981" lat="36.9085147" lon="127.1431704"/>
 <node id="11019901221" visible="true" version="1" changeset="138021658" timestamp="2023-07-02T12:28:27Z" user="leeq1no1" uid="17578981" lat="36.9085453" lon="127.1433928"/>
 <node id="11019901222" visible="true" version="1" changeset="138021658" timestamp="2023-07-02T12:28:27Z" user="leeq1no1" uid="17578981" lat="36.9082128" lon="127.1434643"/>
 <node id="11019901223" visible="true" version="1" changeset="138021658" timestamp="2023-07-02T12:28:27Z" user="leeq1no1" uid="17578981" lat="36.9081822" lon="127.1432419"/>
 <node id="11019901224" visible="true" version="1" changeset="138021658" timestamp="2023-07-02T12:28:27Z" user="leeq1no1" uid="17578981" lat="36.9083424" lon="127.1434719"/>
 <node id="11019901225" visible="true" version="1" changeset="138021658" timestamp="2023-07-02T12:28:27Z" user="leeq1no1" uid="17578981" lat="36.9083771" lon="127.1437290"/>
 <node id="11019901226" visible="true" version="1" changeset="138021658" timestamp="2023-07-02T12:28:27Z" user="leeq1no1" uid="17578981" lat="36.9082658" lon="127.1437526"/>
 <node id="11019901227" visible="true" version="1" changeset="138021658" timestamp="2023-07-02T12:28:27Z" user="leeq1no1" uid="17578981" lat="36.9082310" lon="127.1434955"/>
 <node id="11019901228" visible="true" version="1" changeset="138021658" timestamp="2023-07-02T12:28:27Z" user="leeq1no1" uid="17578981" lat="36.9086325" lon="127.1415860"/>
 <node id="11019901229" visible="true" version="1" changeset="138021658" timestamp="2023-07-02T12:28:27Z" user="leeq1no1" uid="17578981" lat="36.9086905" lon="127.1415640"/>
 <node id="11019901230" visible="true" version="1" changeset="138021658" timestamp="2023-07-02T12:28:27Z" user="leeq1no1" uid="17578981" lat="36.9085594" lon="127.1406559"/>
 <node id="11019901231" visible="true" version="1" changeset="138021658" timestamp="2023-07-02T12:28:27Z" user="leeq1no1" uid="17578981" lat="36.9084890" lon="127.1406284"/>
 <node id="11019901232" visible="true" version="1" changeset="138021658" timestamp="2023-07-02T12:28:27Z" user="leeq1no1" uid="17578981" lat="36.9084300" lon="127.1406537"/>
 <node id="11019901233" visible="true" version="1" changeset="138021658" timestamp="2023-07-02T12:28:27Z" user="leeq1no1" uid="17578981" lat="36.9085805" lon="127.1415838"/>
 <node id="11019901234" visible="true" version="1" changeset="138021658" timestamp="2023-07-02T12:28:27Z" user="leeq1no1" uid="17578981" lat="36.9085744" lon="127.1415970"/>
 <node id="11019901235" visible="true" version="1" changeset="138021658" timestamp="2023-07-02T12:28:27Z" user="leeq1no1" uid="17578981" lat="36.9087082" lon="127.1416025"/>
 <node id="11019901236" visible="true" version="1" changeset="138021658" timestamp="2023-07-02T12:28:27Z" user="leeq1no1" uid="17578981" lat="36.9085638" lon="127.1406141"/>
 <node id="11019901237" visible="true" version="1" changeset="138021658" timestamp="2023-07-02T12:28:27Z" user="leeq1no1" uid="17578981" lat="36.9084071" lon="127.1405789"/>
 <node id="11019901238" visible="true" version="2" changeset="148380066" timestamp="2024-03-08T11:38:34Z" user="tlsdkxm" uid="5194197" lat="36.9100406" lon="127.1423178"/>
 <node id="11019901239" visible="true" version="1" changeset="138021658" timestamp="2023-07-02T12:28:27Z" user="leeq1no1" uid="17578981" lat="36.9097096" lon="127.1424293"/>
 <node id="11019901240" visible="true" version="1" changeset="138021658" timestamp="2023-07-02T12:28:27Z" user="leeq1no1" uid="17578981" lat="36.9098710" lon="127.1421390"/>
 <node id="11019901241" visible="true" version="1" changeset="138021658" timestamp="2023-07-02T12:28:27Z" user="leeq1no1" uid="17578981" lat="36.9097069" lon="127.1419255"/>
 <node id="11019901242" visible="true" version="1" changeset="138021658" timestamp="2023-07-02T12:28:27Z" user="leeq1no1" uid="17578981" lat="36.9095842" lon="127.1416719"/>
 <node id="11019901243" visible="true" version="1" changeset="138021658" timestamp="2023-07-02T12:28:27Z" user="leeq1no1" uid="17578981" lat="36.9091880" lon="127.1418587"/>
 <node id="11019901244" visible="true" version="1" changeset="138021658" timestamp="2023-07-02T12:28:27Z" user="leeq1no1" uid="17578981" lat="36.9094295" lon="127.1422742"/>
 <node id="11019901245" visible="true" version="1" changeset="138021658" timestamp="2023-07-02T12:28:27Z" user="leeq1no1" uid="17578981" lat="36.9090906" lon="127.1419088"/>
 <node id="11019901246" visible="true" version="1" changeset="138021658" timestamp="2023-07-02T12:28:27Z" user="leeq1no1" uid="17578981" lat="36.9092467" lon="127.1421757"/>
 <node id="11019901247" visible="true" version="1" changeset="138021658" timestamp="2023-07-02T12:28:27Z" user="leeq1no1" uid="17578981" lat="36.9093719" lon="127.1421797"/>
 <node id="11019901248" visible="true" version="1" changeset="138021658" timestamp="2023-07-02T12:28:27Z" user="leeq1no1" uid="17578981" lat="36.9093147" lon="127.1418025"/>
 <node id="11019901249" visible="true" version="1" changeset="138021658" timestamp="2023-07-02T12:28:27Z" user="leeq1no1" uid="17578981" lat="36.9094468" lon="127.1417384"/>
 <node id="11019901250" visible="true" version="1" changeset="138021658" timestamp="2023-07-02T12:28:27Z" user="leeq1no1" uid="17578981" lat="36.9098103" lon="127.1423692"/>
 <node id="11019901251" visible="true" version="1" changeset="138021658" timestamp="2023-07-02T12:28:27Z" user="leeq1no1" uid="17578981" lat="36.9095322" lon="127.1414967"/>
 <node id="11019901252" visible="true" version="1" changeset="138021658" timestamp="2023-07-02T12:28:27Z" user="leeq1no1" uid="17578981" lat="36.9090133" lon="127.1404306"/>
 <node id="11019901253" visible="true" version="1" changeset="138021658" timestamp="2023-07-02T12:28:27Z" user="leeq1no1" uid="17578981" lat="36.9088865" lon="127.1405057"/>
 <node id="11019901254" visible="true" version="1" changeset="138021658" timestamp="2023-07-02T12:28:27Z" user="leeq1no1" uid="17578981" lat="36.9088011" lon="127.1405607"/>
 <node id="11019901255" visible="true" version="1" changeset="138021658" timestamp="2023-07-02T12:28:27Z" user="leeq1no1" uid="17578981" lat="36.9088452" lon="127.1408394"/>
 <node id="11019901256" visible="true" version="1" changeset="138021658" timestamp="2023-07-02T12:28:27Z" user="leeq1no1" uid="17578981" lat="36.9092255" lon="127.1410709"/>
 <node id="11019901257" visible="true" version="1" changeset="138021658" timestamp="2023-07-02T12:28:27Z" user="leeq1no1" uid="17578981" lat="36.9090955" lon="127.1411386"/>
 <node id="11019901258" visible="true" version="1" changeset="138021658" timestamp="2023-07-02T12:28:27Z" user="leeq1no1" uid="17578981" lat="36.9089675" lon="127.1412030"/>
 <node id="11019901259" visible="true" version="1" changeset="138021658" timestamp="2023-07-02T12:28:27Z" user="leeq1no1" uid="17578981" lat="36.9088758" lon="127.1412581"/>
 <node id="11019901260" visible="true" version="1" changeset="138021658" timestamp="2023-07-02T12:28:27Z" user="leeq1no1" uid="17578981" lat="36.9089866" lon="127.1417369"/>
 <node id="11335223534" visible="true" version="1" changeset="143807268" timestamp="2023-11-09T06:12:43Z" user="morago" uid="11113946" lat="36.9082480" lon="127.1472155"/>
 <node id="11335223535" visible="true" version="1" changeset="143807268" timestamp="2023-11-09T06:12:43Z" user="morago" uid="11113946" lat="36.9080238" lon="127.1461393"/>
 <node id="11335223536" visible="true" version="1" changeset="143807268" timestamp="2023-11-09T06:12:43Z" user="morago" uid="11113946" lat="36.9079455" lon="127.1461728"/>
 <node id="11335223537" visible="true" version="1" changeset="143807268" timestamp="2023-11-09T06:12:43Z" user="morago" uid="11113946" lat="36.9078415" lon="127.1461540"/>
 <node id="11335223538" visible="true" version="1" changeset="143807268" timestamp="2023-11-09T06:12:43Z" user="morago" uid="11113946" lat="36.9077504" lon="127.1461755"/>
 <node id="11335223539" visible="true" version="1" changeset="143807268" timestamp="2023-11-09T06:12:43Z" user="morago" uid="11113946" lat="36.9078544" lon="127.1457772"/>
 <node id="11335223540" visible="true" version="1" changeset="143807268" timestamp="2023-11-09T06:12:43Z" user="morago" uid="11113946" lat="36.9080517" lon="127.1460347"/>
 <node id="11335223541" visible="true" version="1" changeset="143807268" timestamp="2023-11-09T06:12:43Z" user="morago" uid="11113946" lat="36.9080742" lon="127.1461178"/>
 <node id="11335223542" visible="true" version="1" changeset="143807268" timestamp="2023-11-09T06:12:43Z" user="morago" uid="11113946" lat="36.9080410" lon="127.1462090"/>
 <node id="11335233429" visible="true" version="1" changeset="143807268" timestamp="2023-11-09T06:12:43Z" user="morago" uid="11113946" lat="36.9075736" lon="127.1464095"/>
 <node id="11335233430" visible="true" version="1" changeset="143807268" timestamp="2023-11-09T06:12:43Z" user="morago" uid="11113946" lat="36.9075262" lon="127.1464635"/>
 <node id="11335233431" visible="true" version="1" changeset="143807268" timestamp="2023-11-09T06:12:43Z" user="morago" uid="11113946" lat="36.9075185" lon="127.1465075"/>
 <node id="11335233432" visible="true" version="1" changeset="143807268" timestamp="2023-11-09T06:12:43Z" user="morago" uid="11113946" lat="36.9074598" lon="127.1466437"/>
 <node id="11335233433" visible="true" version="1" changeset="143807268" timestamp="2023-11-09T06:12:43Z" user="morago" uid="11113946" lat="36.9074390" lon="127.1467446"/>
 <node id="11335233434" visible="true" version="1" changeset="143807268" timestamp="2023-11-09T06:12:43Z" user="morago" uid="11113946" lat="36.9074536" lon="127.1467795"/>
 <node id="11335233435" visible="true" version="1" changeset="143807268" timestamp="2023-11-09T06:12:43Z" user="morago" uid="11113946" lat="36.9074498" lon="127.1468293"/>
 <node id="11335233436" visible="true" version="1" changeset="143807268" timestamp="2023-11-09T06:12:43Z" user="morago" uid="11113946" lat="36.9074568" lon="127.1469004"/>
 <node id="11335233437" visible="true" version="1" changeset="143807268" timestamp="2023-11-09T06:12:43Z" user="morago" uid="11113946" lat="36.9074552" lon="127.1470570"/>
 <node id="11335233438" visible="true" version="1" changeset="143807268" timestamp="2023-11-09T06:12:43Z" user="morago" uid="11113946" lat="36.9074739" lon="127.1470926"/>
 <node id="11335233439" visible="true" version="1" changeset="143807268" timestamp="2023-11-09T06:12:43Z" user="morago" uid="11113946" lat="36.9075253" lon="127.1470950"/>
 <node id="11335233440" visible="true" version="1" changeset="143807268" timestamp="2023-11-09T06:12:43Z" user="morago" uid="11113946" lat="36.9075550" lon="127.1471346"/>
 <node id="11335233441" visible="true" version="1" changeset="143807268" timestamp="2023-11-09T06:12:43Z" user="morago" uid="11113946" lat="36.9075670" lon="127.1471861"/>
 <node id="11335233442" visible="true" version="1" changeset="143807268" timestamp="2023-11-09T06:12:43Z" user="morago" uid="11113946" lat="36.9075333" lon="127.1472413"/>
 <node id="11335233443" visible="true" version="1" changeset="143807268" timestamp="2023-11-09T06:12:43Z" user="morago" uid="11113946" lat="36.9074616" lon="127.1473195"/>
 <node id="11335233444" visible="true" version="1" changeset="143807268" timestamp="2023-11-09T06:12:43Z" user="morago" uid="11113946" lat="36.9073797" lon="127.1473793"/>
 <node id="11335233445" visible="true" version="1" changeset="143807268" timestamp="2023-11-09T06:12:43Z" user="morago" uid="11113946" lat="36.9073249" lon="127.1474134"/>
 <node id="11335233446" visible="true" version="1" changeset="143807268" timestamp="2023-11-09T06:12:43Z" user="morago" uid="11113946" lat="36.9072281" lon="127.1474319"/>
 <node id="11335233447" visible="true" version="1" changeset="143807268" timestamp="2023-11-09T06:12:43Z" user="morago" uid="11113946" lat="36.9070783" lon="127.1474755"/>
 <node id="11335233448" visible="true" version="1" changeset="143807268" timestamp="2023-11-09T06:12:43Z" user="morago" uid="11113946" lat="36.9069985" lon="127.1474623"/>
 <node id="11335233449" visible="true" version="1" changeset="143807268" timestamp="2023-11-09T06:12:43Z" user="morago" uid="11113946" lat="36.9069219" lon="127.1474769"/>
 <node id="11335233450" visible="true" version="1" changeset="143807268" timestamp="2023-11-09T06:12:43Z" user="morago" uid="11113946" lat="36.9068603" lon="127.1475140"/>
 <node id="11335233451" visible="true" version="1" changeset="143807268" timestamp="2023-11-09T06:12:43Z" user="morago" uid="11113946" lat="36.9067944" lon="127.1475413"/>
 <node id="11335233452" visible="true" version="1" changeset="143807268" timestamp="2023-11-09T06:12:43Z" user="morago" uid="11113946" lat="36.9067364" lon="127.1475592"/>
 <node id="11335233453" visible="true" version="1" changeset="143807268" timestamp="2023-11-09T06:12:43Z" user="morago" uid="11113946" lat="36.9066499" lon="127.1476140"/>
 <node id="11335233454" visible="true" version="1" changeset="143807268" timestamp="2023-11-09T06:12:43Z" user="morago" uid="11113946" lat="36.9065098" lon="127.1477262"/>
 <node id="11335233455" visible="true" version="1" changeset="143807268" timestamp="2023-11-09T06:12:43Z" user="morago" uid="11113946" lat="36.9064841" lon="127.1477637"/>
 <node id="11335233456" visible="true" version="1" changeset="143807268" timestamp="2023-11-09T06:12:43Z" user="morago" uid="11113946" lat="36.9064593" lon="127.1477838"/>
 <node id="11335233457" visible="true" version="1" changeset="143807268" timestamp="2023-11-09T06:12:43Z" user="morago" uid="11113946" lat="36.9063848" lon="127.1477777"/>
 <node id="11335233458" visible="true" version="1" changeset="143807268" timestamp="2023-11-09T06:12:43Z" user="morago" uid="11113946" lat="36.9063090" lon="127.1477883"/>
 <node id="11335233459" visible="true" version="1" changeset="143807268" timestamp="2023-11-09T06:12:43Z" user="morago" uid="11113946" lat="36.9062823" lon="127.1477995"/>
 <node id="11335233460" visible="true" version="1" changeset="143807268" timestamp="2023-11-09T06:12:43Z" user="morago" uid="11113946" lat="36.9062528" lon="127.1478236"/>
 <node id="11335233461" visible="true" version="1" changeset="143807268" timestamp="2023-11-09T06:12:43Z" user="morago" uid="11113946" lat="36.9062092" lon="127.1478365"/>
 <node id="11335233462" visible="true" version="1" changeset="143807268" timestamp="2023-11-09T06:12:43Z" user="morago" uid="11113946" lat="36.9061930" lon="127.1478556"/>
 <node id="11335233463" visible="true" version="1" changeset="143807268" timestamp="2023-11-09T06:12:43Z" user="morago" uid="11113946" lat="36.9061518" lon="127.1478629"/>
 <node id="11335233464" visible="true" version="1" changeset="143807268" timestamp="2023-11-09T06:12:43Z" user="morago" uid="11113946" lat="36.9060827" lon="127.1478332"/>
 <node id="11335233465" visible="true" version="1" changeset="143807268" timestamp="2023-11-09T06:12:43Z" user="morago" uid="11113946" lat="36.9060407" lon="127.1478246"/>
 <node id="11335233466" visible="true" version="1" changeset="143807268" timestamp="2023-11-09T06:12:43Z" user="morago" uid="11113946" lat="36.9058831" lon="127.1477433"/>
 <node id="11335233467" visible="true" version="1" changeset="143807268" timestamp="2023-11-09T06:12:43Z" user="morago" uid="11113946" lat="36.9058319" lon="127.1477396"/>
 <node id="11335233468" visible="true" version="1" changeset="143807268" timestamp="2023-11-09T06:12:43Z" user="morago" uid="11113946" lat="36.9057890" lon="127.1477535"/>
 <node id="11335233469" visible="true" version="1" changeset="143807268" timestamp="2023-11-09T06:12:43Z" user="morago" uid="11113946" lat="36.9057578" lon="127.1477370"/>
 <node id="11335233470" visible="true" version="1" changeset="143807268" timestamp="2023-11-09T06:12:43Z" user="morago" uid="11113946" lat="36.9057227" lon="127.1477393"/>
 <node id="11335233471" visible="true" version="1" changeset="143807268" timestamp="2023-11-09T06:12:43Z" user="morago" uid="11113946" lat="36.9056580" lon="127.1477242"/>
 <node id="11335233472" visible="true" version="1" changeset="143807268" timestamp="2023-11-09T06:12:43Z" user="morago" uid="11113946" lat="36.9055762" lon="127.1477433"/>
 <node id="11335233473" visible="true" version="1" changeset="143807268" timestamp="2023-11-09T06:12:43Z" user="morago" uid="11113946" lat="36.9055574" lon="127.1477568"/>
 <node id="11335233474" visible="true" version="1" changeset="143807268" timestamp="2023-11-09T06:12:43Z" user="morago" uid="11113946" lat="36.9055368" lon="127.1477529"/>
 <node id="11335233475" visible="true" version="1" changeset="143807268" timestamp="2023-11-09T06:12:43Z" user="morago" uid="11113946" lat="36.9055021" lon="127.1477542"/>
 <node id="11335233476" visible="true" version="1" changeset="143807268" timestamp="2023-11-09T06:12:43Z" user="morago" uid="11113946" lat="36.9054797" lon="127.1477419"/>
 <node id="11335233477" visible="true" version="1" changeset="143807268" timestamp="2023-11-09T06:12:43Z" user="morago" uid="11113946" lat="36.9053393" lon="127.1475314"/>
 <node id="11335233478" visible="true" version="1" changeset="143807268" timestamp="2023-11-09T06:12:43Z" user="morago" uid="11113946" lat="36.9053254" lon="127.1475032"/>
 <node id="11335233479" visible="true" version="1" changeset="143807268" timestamp="2023-11-09T06:12:43Z" user="morago" uid="11113946" lat="36.9052399" lon="127.1473898"/>
 <node id="11335233480" visible="true" version="1" changeset="143807268" timestamp="2023-11-09T06:12:43Z" user="morago" uid="11113946" lat="36.9052035" lon="127.1473299"/>
 <node id="11335233481" visible="true" version="1" changeset="143807268" timestamp="2023-11-09T06:12:43Z" user="morago" uid="11113946" lat="36.9050383" lon="127.1470263"/>
 <node id="11335233482" visible="true" version="1" changeset="143807268" timestamp="2023-11-09T06:12:43Z" user="morago" uid="11113946" lat="36.9050239" lon="127.1469853"/>
 <node id="11335233483" visible="true" version="1" changeset="143807268" timestamp="2023-11-09T06:12:43Z" user="morago" uid="11113946" lat="36.9050016" lon="127.1469437"/>
 <node id="11335233484" visible="true" version="1" changeset="143807268" timestamp="2023-11-09T06:12:43Z" user="morago" uid="11113946" lat="36.9049906" lon="127.1469100"/>
 <node id="11335233485" visible="true" version="1" changeset="143807268" timestamp="2023-11-09T06:12:43Z" user="morago" uid="11113946" lat="36.9049712" lon="127.1468734"/>
 <node id="11335233486" visible="true" version="1" changeset="143807268" timestamp="2023-11-09T06:12:43Z" user="morago" uid="11113946" lat="36.9048977" lon="127.1468415"/>
 <node id="11335233487" visible="true" version="1" changeset="143807268" timestamp="2023-11-09T06:12:43Z" user="morago" uid="11113946" lat="36.9047765" lon="127.1468004"/>
 <node id="11335233488" visible="true" version="1" changeset="143807268" timestamp="2023-11-09T06:12:43Z" user="morago" uid="11113946" lat="36.9045218" lon="127.1467684"/>
 <node id="11335233489" visible="true" version="1" changeset="143807268" timestamp="2023-11-09T06:12:43Z" user="morago" uid="11113946" lat="36.9043598" lon="127.1467645"/>
 <node id="11335233490" visible="true" version="1" changeset="143807268" timestamp="2023-11-09T06:12:43Z" user="morago" uid="11113946" lat="36.9045394" lon="127.1457175"/>
 <node id="11335233491" visible="true" version="1" changeset="143807268" timestamp="2023-11-09T06:12:43Z" user="morago" uid="11113946" lat="36.9045933" lon="127.1457710"/>
 <node id="11335233492" visible="true" version="1" changeset="143807268" timestamp="2023-11-09T06:12:43Z" user="morago" uid="11113946" lat="36.9046804" lon="127.1457705"/>
 <node id="11335233493" visible="true" version="1" changeset="143807268" timestamp="2023-11-09T06:12:43Z" user="morago" uid="11113946" lat="36.9048125" lon="127.1457274"/>
 <node id="11335233494" visible="true" version="1" changeset="143807268" timestamp="2023-11-09T06:12:43Z" user="morago" uid="11113946" lat="36.9048945" lon="127.1457305"/>
 <node id="11335233495" visible="true" version="1" changeset="143807268" timestamp="2023-11-09T06:12:43Z" user="morago" uid="11113946" lat="36.9049837" lon="127.1457517"/>
 <node id="11335233496" visible="true" version="1" changeset="143807268" timestamp="2023-11-09T06:12:43Z" user="morago" uid="11113946" lat="36.9051237" lon="127.1458645"/>
 <node id="11335233497" visible="true" version="1" changeset="143807268" timestamp="2023-11-09T06:12:43Z" user="morago" uid="11113946" lat="36.9051794" lon="127.1458923"/>
 <node id="11335233498" visible="true" version="1" changeset="143807268" timestamp="2023-11-09T06:12:43Z" user="morago" uid="11113946" lat="36.9052398" lon="127.1458882"/>
 <node id="11335233499" visible="true" version="1" changeset="143807268" timestamp="2023-11-09T06:12:43Z" user="morago" uid="11113946" lat="36.9053572" lon="127.1458014"/>
 <node id="11335233500" visible="true" version="1" changeset="143807268" timestamp="2023-11-09T06:12:43Z" user="morago" uid="11113946" lat="36.9054296" lon="127.1457588"/>
 <node id="11335233501" visible="true" version="1" changeset="143807268" timestamp="2023-11-09T06:12:43Z" user="morago" uid="11113946" lat="36.9055379" lon="127.1457889"/>
 <node id="11335233502" visible="true" version="1" changeset="143807268" timestamp="2023-11-09T06:12:43Z" user="morago" uid="11113946" lat="36.9057286" lon="127.1458764"/>
 <node id="11335233503" visible="true" version="1" changeset="143807268" timestamp="2023-11-09T06:12:43Z" user="morago" uid="11113946" lat="36.9058132" lon="127.1459706"/>
 <node id="11335233504" visible="true" version="1" changeset="143807268" timestamp="2023-11-09T06:12:43Z" user="morago" uid="11113946" lat="36.9059354" lon="127.1460235"/>
 <node id="11335233505" visible="true" version="1" changeset="143807268" timestamp="2023-11-09T06:12:43Z" user="morago" uid="11113946" lat="36.9060341" lon="127.1461295"/>
 <node id="11335233506" visible="true" version="1" changeset="143807268" timestamp="2023-11-09T06:12:43Z" user="morago" uid="11113946" lat="36.9062315" lon="127.1462060"/>
 <node id="11335233507" visible="true" version="1" changeset="143807268" timestamp="2023-11-09T06:12:43Z" user="morago" uid="11113946" lat="36.9063350" lon="127.1462295"/>
 <node id="11335233508" visible="true" version="1" changeset="143807268" timestamp="2023-11-09T06:12:43Z" user="morago" uid="11113946" lat="36.9064713" lon="127.1463590"/>
 <node id="11335233509" visible="true" version="1" changeset="143807268" timestamp="2023-11-09T06:12:43Z" user="morago" uid="11113946" lat="36.9065324" lon="127.1464532"/>
 <node id="11335233510" visible="true" version="1" changeset="143807268" timestamp="2023-11-09T06:12:43Z" user="morago" uid="11113946" lat="36.9066358" lon="127.1464885"/>
 <node id="11335233511" visible="true" version="1" changeset="143807268" timestamp="2023-11-09T06:12:43Z" user="morago" uid="11113946" lat="36.9066824" lon="127.1465137"/>
 <node id="11335233512" visible="true" version="1" changeset="143807268" timestamp="2023-11-09T06:12:43Z" user="morago" uid="11113946" lat="36.9067580" lon="127.1465179"/>
 <node id="11335233513" visible="true" version="1" changeset="143807268" timestamp="2023-11-09T06:12:43Z" user="morago" uid="11113946" lat="36.9069648" lon="127.1463649"/>
 <node id="11335233514" visible="true" version="1" changeset="143807268" timestamp="2023-11-09T06:12:43Z" user="morago" uid="11113946" lat="36.9070212" lon="127.1462825"/>
 <node id="11335233515" visible="true" version="1" changeset="143807268" timestamp="2023-11-09T06:12:43Z" user="morago" uid="11113946" lat="36.9071434" lon="127.1462119"/>
 <node id="11335233516" visible="true" version="1" changeset="143807268" timestamp="2023-11-09T06:12:43Z" user="morago" uid="11113946" lat="36.9071716" lon="127.1462001"/>
 <node id="11335233517" visible="true" version="1" changeset="143807268" timestamp="2023-11-09T06:12:43Z" user="morago" uid="11113946" lat="36.9072979" lon="127.1462191"/>
 <node id="11335233518" visible="true" version="1" changeset="143807268" timestamp="2023-11-09T06:12:43Z" user="morago" uid="11113946" lat="36.9074819" lon="127.1460877"/>
 <node id="11335233519" visible="true" version="1" changeset="143807268" timestamp="2023-11-09T06:12:43Z" user="morago" uid="11113946" lat="36.9075336" lon="127.1460824"/>
 <node id="11335233520" visible="true" version="1" changeset="143807268" timestamp="2023-11-09T06:12:43Z" user="morago" uid="11113946" lat="36.9075947" lon="127.1461412"/>
 <node id="11335233521" visible="true" version="1" changeset="143807268" timestamp="2023-11-09T06:12:43Z" user="morago" uid="11113946" lat="36.9076330" lon="127.1462061"/>
 <node id="11335233563" visible="true" version="1" changeset="143807268" timestamp="2023-11-09T06:12:43Z" user="morago" uid="11113946" lat="36.9044960" lon="127.1455840"/>
 <node id="11964167916" visible="true" version="1" changeset="152405729" timestamp="2024-06-08T09:35:04Z" user="DHK123" uid="4469513" lat="36.9112987" lon="127.1526048"/>
 <node id="12715842252" visible="true" version="2" changeset="164892965" timestamp="2025-04-13T12:43:26Z" user="LuxuryCoop" uid="7245212" lat="36.9077365" lon="127.1441496"/>
 <node id="12715842253" visible="true" version="2" changeset="164892965" timestamp="2025-04-13T12:43:26Z" user="LuxuryCoop" uid="7245212" lat="36.9076261" lon="127.1441793"/>
 <node id="12715842254" visible="true" version="2" changeset="164892965" timestamp="2025-04-13T12:43:26Z" user="LuxuryCoop" uid="7245212" lat="36.9076919" lon="127.1445619"/>
 <node id="12715842255" visible="true" version="2" changeset="164892965" timestamp="2025-04-13T12:43:26Z" user="LuxuryCoop" uid="7245212" lat="36.9075386" lon="127.1446031"/>
 <node id="12715842256" visible="true" version="2" changeset="164892965" timestamp="2025-04-13T12:43:26Z" user="LuxuryCoop" uid="7245212" lat="36.9074729" lon="127.1442207"/>
 <node id="12715842257" visible="true" version="2" changeset="164892965" timestamp="2025-04-13T12:43:26Z" user="LuxuryCoop" uid="7245212" lat="36.9073461" lon="127.1442547"/>
 <node id="12715842258" visible="true" version="2" changeset="164892965" timestamp="2025-04-13T12:43:26Z" user="LuxuryCoop" uid="7245212" lat="36.9074319" lon="127.1447540"/>
 <node id="12715842259" visible="true" version="2" changeset="164892965" timestamp="2025-04-13T12:43:26Z" user="LuxuryCoop" uid="7245212" lat="36.9077096" lon="127.1446793"/>
 <node id="12715842260" visible="true" version="2" changeset="164892965" timestamp="2025-04-13T12:43:26Z" user="LuxuryCoop" uid="7245212" lat="36.9076963" lon="127.1446016"/>
 <node id="12715842261" visible="true" version="2" changeset="164892965" timestamp="2025-04-13T12:43:26Z" user="LuxuryCoop" uid="7245212" lat="36.9078090" lon="127.1445713"/>
 <node id="12716151886" visible="true" version="2" changeset="164892965" timestamp="2025-04-13T12:43:26Z" user="LuxuryCoop" uid="7245212" lat="36.9114183" lon="127.1442081"/>
 <node id="12716151887" visible="true" version="2" changeset="164892965" timestamp="2025-04-13T12:43:26Z" user="LuxuryCoop" uid="7245212" lat="36.9113382" lon="127.1442173"/>
 <node id="12716151888" visible="true" version="2" changeset="164892965" timestamp="2025-04-13T12:43:26Z" user="LuxuryCoop" uid="7245212" lat="36.9113496" lon="127.1443737"/>
 <node id="12716151889" visible="true" version="2" changeset="164892965" timestamp="2025-04-13T12:43:26Z" user="LuxuryCoop" uid="7245212" lat="36.9114297" lon="127.1443646"/>
 <node id="12716151890" visible="true" version="1" changeset="164331982" timestamp="2025-03-31T13:56:40Z" user="kss10232" uid="22693891" lat="36.9113781" lon="127.1443229">
  <tag k="amenity" v="cafe"/>
  <tag k="brand" v="메가MGC커피"/>
  <tag k="brand:en" v="Mega Coffee"/>
  <tag k="brand:ko" v="메가MGC커피"/>
  <tag k="brand:wikidata" v="Q120998343"/>
  <tag k="cuisine" v="coffee_shop"/>
  <tag k="name" v="메가MGC커피"/>
  <tag k="name:en" v="Mega Coffee"/>
  <tag k="name:ko" v="메가MGC커피"/>
  <tag k="short_name" v="MGC"/>
  <tag k="takeaway" v="yes"/>
 </node>
 <node id="12716151891" visible="true" version="2" changeset="164892965" timestamp="2025-04-13T12:43:26Z" user="LuxuryCoop" uid="7245212" lat="36.9113434" lon="127.1451436"/>
 <node id="12716151892" visible="true" version="2" changeset="164892965" timestamp="2025-04-13T12:43:26Z" user="LuxuryCoop" uid="7245212" lat="36.9112472" lon="127.1450975"/>
 <node id="12716151893" visible="true" version="2" changeset="164892965" timestamp="2025-04-13T12:43:26Z" user="LuxuryCoop" uid="7245212" lat="36.9111855" lon="127.1452992"/>
 <node id="12716151894" visible="true" version="2" changeset="164892965" timestamp="2025-04-13T12:43:26Z" user="LuxuryCoop" uid="7245212" lat="36.9112817" lon="127.1453453"/>
 <node id="12716151895" visible="true" version="1" changeset="164331982" timestamp="2025-03-31T13:56:40Z" user="kss10232" uid="22693891" lat="36.9112784" lon="127.1452241">
  <tag k="amenity" v="restaurant"/>
  <tag k="name" v="대학식당"/>
 </node>
 <node id="12716151896" visible="true" version="2" changeset="164892965" timestamp="2025-04-13T12:43:26Z" user="LuxuryCoop" uid="7245212" lat="36.9113417" lon="127.1449948"/>
 <node id="12716151897" visible="true" version="2" changeset="164892965" timestamp="2025-04-13T12:43:26Z" user="LuxuryCoop" uid="7245212" lat="36.9112634" lon="127.1449590"/>
 <node id="12716151898" visible="true" version="2" changeset="164892965" timestamp="2025-04-13T12:43:26Z" user="LuxuryCoop" uid="7245212" lat="36.9112353" lon="127.1450551"/>
 <node id="12716151899" visible="true" version="2" changeset="164892965" timestamp="2025-04-13T12:43:26Z" user="LuxuryCoop" uid="7245212" lat="36.9113137" lon="127.1450909"/>
 <node id="12716151900" visible="true" version="1" changeset="164331982" timestamp="2025-03-31T13:56:40Z" user="kss10232" uid="22693891" lat="36.9113091" lon="127.1450423">
  <tag k="amenity" v="restaurant"/>
  <tag k="name" v="부대통령"/>
 </node>
 <node id="12716195501" visible="true" version="1" changeset="164331982" timestamp="2025-03-31T13:56:40Z" user="kss10232" uid="22693891" lat="36.9119805" lon="127.1426500"/>
 <node id="12716195502" visible="true" version="1" changeset="164331982" timestamp="2025-03-31T13:56:40Z" user="kss10232" uid="22693891" lat="36.9119595" lon="127.1426439"/>
 <node id="12716195503" visible="true" version="1" changeset="164331982" timestamp="2025-03-31T13:56:40Z" user="kss10232" uid="22693891" lat="36.9119632" lon="127.1426161"/>
 <node id="12716195504" visible="true" version="1" changeset="164331982" timestamp="2025-03-31T13:56:40Z" user="kss10232" uid="22693891" lat="36.9117760" lon="127.1426161"/>
 <node id="12716195505" visible="true" version="1" changeset="164331982" timestamp="2025-03-31T13:56:40Z" user="kss10232" uid="22693891" lat="36.9117612" lon="127.1427517"/>
 <node id="12716195506" visible="true" version="1" changeset="164331982" timestamp="2025-03-31T13:56:40Z" user="kss10232" uid="22693891" lat="36.9119731" lon="127.1427671"/>
 <node id="12716195507" visible="true" version="1" changeset="164331982" timestamp="2025-03-31T13:56:40Z" user="kss10232" uid="22693891" lat="36.9118080" lon="127.1427240">
  <tag k="amenity" v="cafe"/>
  <tag k="brand" v="공차"/>
  <tag k="brand:en" v="Gong Cha"/>
  <tag k="brand:ko" v="공차"/>
  <tag k="brand:wikidata" v="Q5581670"/>
  <tag k="brand:zh" v="貢茶"/>
  <tag k="cuisine" v="bubble_tea"/>
  <tag k="name" v="공차"/>
  <tag k="name:en" v="Gong Cha"/>
  <tag k="name:ko" v="공차"/>
  <tag k="name:zh" v="貢茶"/>
  <tag k="takeaway" v="yes"/>
 </node>
 <node id="12716195508" visible="true" version="1" changeset="164331982" timestamp="2025-03-31T13:56:40Z" user="kss10232" uid="22693891" lat="36.9119337" lon="127.1425930"/>
 <node id="12716195509" visible="true" version="1" changeset="164331982" timestamp="2025-03-31T13:56:40Z" user="kss10232" uid="22693891" lat="36.9118142" lon="127.1425884"/>
 <node id="12716195510" visible="true" version="1" changeset="164331982" timestamp="2025-03-31T13:56:40Z" user="kss10232" uid="22693891" lat="36.9118191" lon="127.1424806"/>
 <node id="12716195511" visible="true" version="1" changeset="164331982" timestamp="2025-03-31T13:56:40Z" user="kss10232" uid="22693891" lat="36.9117859" lon="127.1424744"/>
 <node id="12716195512" visible="true" version="1" changeset="164331982" timestamp="2025-03-31T13:56:40Z" user="kss10232" uid="22693891" lat="36.9117933" lon="127.1424359"/>
 <node id="12716195513" visible="true" version="1" changeset="164331982" timestamp="2025-03-31T13:56:40Z" user="kss10232" uid="22693891" lat="36.9119423" lon="127.1424451"/>
 <node id="12716195514" visible="true" version="1" changeset="164331982" timestamp="2025-03-31T13:56:40Z" user="kss10232" uid="22693891" lat="36.9118376" lon="127.1425160">
  <tag k="amenity" v="restaurant"/>
  <tag k="name" v="압구정"/>
 </node>
 <node id="12716195515" visible="true" version="1" changeset="164331982" timestamp="2025-03-31T13:56:40Z" user="kss10232" uid="22693891" lat="36.9119482" lon="127.1423339"/>
 <node id="12716195516" visible="true" version="1" changeset="164331982" timestamp="2025-03-31T13:56:40Z" user="kss10232" uid="22693891" lat="36.9118864" lon="127.1422862"/>
 <node id="12716195517" visible="true" version="1" changeset="164331982" timestamp="2025-03-31T13:56:40Z" user="kss10232" uid="22693891" lat="36.9118271" lon="127.1422750"/>
 <node id="12716195518" visible="true" version="1" changeset="164331982" timestamp="2025-03-31T13:56:40Z" user="kss10232" uid="22693891" lat="36.9118271" lon="127.1423085"/>
 <node id="12716195519" visible="true" version="1" changeset="164331982" timestamp="2025-03-31T13:56:40Z" user="kss10232" uid="22693891" lat="36.9117661" lon="127.1423065"/>
 <node id="12716195520" visible="true" version="1" changeset="164331982" timestamp="2025-03-31T13:56:40Z" user="kss10232" uid="22693891" lat="36.9117604" lon="127.1423990"/>
 <node id="12716195521" visible="true" version="1" changeset="164331982" timestamp="2025-03-31T13:56:40Z" user="kss10232" uid="22693891" lat="36.9119425" lon="127.1424152"/>
 <node id="12716195522" visible="true" version="1" changeset="164331982" timestamp="2025-03-31T13:56:40Z" user="kss10232" uid="22693891" lat="36.9117832" lon="127.1423563">
  <tag k="brand" v="세븐일레븐"/>
  <tag k="brand:en" v="7-Eleven"/>
  <tag k="brand:ko" v="세븐일레븐"/>
  <tag k="brand:wikidata" v="Q259340"/>
  <tag k="name" v="세븐일레븐"/>
  <tag k="name:en" v="7-Eleven"/>
  <tag k="name:ko" v="세븐일레븐"/>
  <tag k="shop" v="convenience"/>
 </node>
 <node id="12716195523" visible="true" version="1" changeset="164331982" timestamp="2025-03-31T13:56:40Z" user="kss10232" uid="22693891" lat="36.9120624" lon="127.1420980"/>
 <node id="12716195524" visible="true" version="1" changeset="164331982" timestamp="2025-03-31T13:56:40Z" user="kss10232" uid="22693891" lat="36.9119112" lon="127.1420860"/>
 <node id="12716195525" visible="true" version="1" changeset="164331982" timestamp="2025-03-31T13:56:40Z" user="kss10232" uid="22693891" lat="36.9119037" lon="127.1421946"/>
 <node id="12716195526" visible="true" version="1" changeset="164331982" timestamp="2025-03-31T13:56:40Z" user="kss10232" uid="22693891" lat="36.9120495" lon="127.1423207"/>
 <node id="12716195527" visible="true" version="1" changeset="164331982" timestamp="2025-03-31T13:56:40Z" user="kss10232" uid="22693891" lat="36.9120259" lon="127.1419237"/>
 <node id="12716195528" visible="true" version="1" changeset="164331982" timestamp="2025-03-31T13:56:40Z" user="kss10232" uid="22693891" lat="36.9118940" lon="127.1419076"/>
 <node id="12716195529" visible="true" version="1" changeset="164331982" timestamp="2025-03-31T13:56:40Z" user="kss10232" uid="22693891" lat="36.9118822" lon="127.1420645"/>
 <node id="12716195530" visible="true" version="1" changeset="164331982" timestamp="2025-03-31T13:56:40Z" user="kss10232" uid="22693891" lat="36.9120152" lon="127.1420752"/>
 <node id="12716195531" visible="true" version="1" changeset="164331982" timestamp="2025-03-31T13:56:40Z" user="kss10232" uid="22693891" lat="36.9119090" lon="127.1419693">
  <tag k="amenity" v="cafe"/>
  <tag k="brand" v="빽다방"/>
  <tag k="brand:en" v="Paik's Coffee"/>
  <tag k="brand:ko" v="빽다방"/>
  <tag k="brand:wikidata" v="Q55730575"/>
  <tag k="cuisine" v="coffee_shop"/>
  <tag k="name" v="빽다방"/>
  <tag k="name:en" v="Paik's Coffee"/>
  <tag k="name:ko" v="빽다방"/>
  <tag k="takeaway" v="yes"/>
 </node>
 <node id="12716195532" visible="true" version="1" changeset="164331982" timestamp="2025-03-31T13:56:40Z" user="kss10232" uid="22693891" lat="36.9120132" lon="127.1417430"/>
 <node id="12716195533" visible="true" version="1" changeset="164331982" timestamp="2025-03-31T13:56:40Z" user="kss10232" uid="22693891" lat="36.9118311" lon="127.1417290"/>
 <node id="12716195534" visible="true" version="1" changeset="164331982" timestamp="2025-03-31T13:56:40Z" user="kss10232" uid="22693891" lat="36.9118171" lon="127.1418936"/>
 <node id="12716195535" visible="true" version="1" changeset="164331982" timestamp="2025-03-31T13:56:40Z" user="kss10232" uid="22693891" lat="36.9120010" lon="127.1419030"/>
 <node id="12716195536" visible="true" version="1" changeset="164331982" timestamp="2025-03-31T13:56:40Z" user="kss10232" uid="22693891" lat="36.9118451" lon="127.1418493">
  <tag k="brand" v="CU"/>
  <tag k="brand:wikidata" v="Q12580836"/>
  <tag k="name" v="CU"/>
  <tag k="shop" v="convenience"/>
 </node>
 <node id="12716195537" visible="true" version="1" changeset="164331982" timestamp="2025-03-31T13:56:40Z" user="kss10232" uid="22693891" lat="36.9118535" lon="127.1417652">
  <tag k="amenity" v="cafe"/>
  <tag k="brand" v="이디야커피"/>
  <tag k="brand:en" v="Ediya Coffee"/>
  <tag k="brand:ko" v="이디야커피"/>
  <tag k="brand:wikidata" v="Q12611298"/>
  <tag k="cuisine" v="coffee_shop"/>
  <tag k="name" v="이디야커피"/>
  <tag k="name:en" v="Ediya Coffee"/>
  <tag k="name:ko" v="이디야커피"/>
  <tag k="takeaway" v="yes"/>
 </node>
 <node id="12716195538" visible="true" version="1" changeset="164331982" timestamp="2025-03-31T13:56:40Z" user="kss10232" uid="22693891" lat="36.9119898" lon="127.1415107"/>
 <node id="12716195539" visible="true" version="1" changeset="164331982" timestamp="2025-03-31T13:56:40Z" user="kss10232" uid="22693891" lat="36.9118778" lon="127.1414967"/>
 <node id="12716195540" visible="true" version="1" changeset="164331982" timestamp="2025-03-31T13:56:40Z" user="kss10232" uid="22693891" lat="36.9118666" lon="127.1416286"/>
 <node id="12716195541" visible="true" version="1" changeset="164331982" timestamp="2025-03-31T13:56:40Z" user="kss10232" uid="22693891" lat="36.9119786" lon="127.1416391"/>
 <node id="12716195542" visible="true" version="1" changeset="164331982" timestamp="2025-03-31T13:56:40Z" user="kss10232" uid="22693891" lat="36.9118946" lon="127.1416017">
  <tag k="amenity" v="restaurant"/>
  <tag k="name" v="한솥"/>
 </node>
 <node id="12716195543" visible="true" version="1" changeset="164331982" timestamp="2025-03-31T13:56:40Z" user="kss10232" uid="22693891" lat="36.9119814" lon="127.1412865"/>
 <node id="12716195544" visible="true" version="1" changeset="164331982" timestamp="2025-03-31T13:56:40Z" user="kss10232" uid="22693891" lat="36.9118974" lon="127.1412807"/>
 <node id="12716195545" visible="true" version="1" changeset="164331982" timestamp="2025-03-31T13:56:40Z" user="kss10232" uid="22693891" lat="36.9118871" lon="127.1414745"/>
 <node id="12716195546" visible="true" version="1" changeset="164331982" timestamp="2025-03-31T13:56:40Z" user="kss10232" uid="22693891" lat="36.9119712" lon="127.1414815"/>
 <node id="12716195547" visible="true" version="1" changeset="164331982" timestamp="2025-03-31T13:56:40Z" user="kss10232" uid="22693891" lat="36.9119151" lon="127.1414138">
  <tag k="amenity" v="restaurant"/>
  <tag k="name" v="식사를 합시다"/>
 </node>
 <node id="12716195554" visible="true" version="1" changeset="164331982" timestamp="2025-03-31T13:56:40Z" user="kss10232" uid="22693891" lat="36.9118897" lon="127.1397324"/>
 <node id="12716195563" visible="true" version="1" changeset="164331982" timestamp="2025-03-31T13:56:40Z" user="kss10232" uid="22693891" lat="36.9138322" lon="127.1407335"/>
 <node id="12716195574" visible="true" version="1" changeset="164331982" timestamp="2025-03-31T13:56:40Z" user="kss10232" uid="22693891" lat="36.9123375" lon="127.1417993"/>
 <node id="12716195577" visible="true" version="1" changeset="164331982" timestamp="2025-03-31T13:56:40Z" user="kss10232" uid="22693891" lat="36.9125871" lon="127.1429011"/>
 <node id="12716195578" visible="true" version="1" changeset="164331982" timestamp="2025-03-31T13:56:40Z" user="kss10232" uid="22693891" lat="36.9122970" lon="127.1430055"/>
 <node id="12716195579" visible="true" version="1" changeset="164331982" timestamp="2025-03-31T13:56:40Z" user="kss10232" uid="22693891" lat="36.9120579" lon="127.1432302"/>
 <node id="12716195580" visible="true" version="1" changeset="164331982" timestamp="2025-03-31T13:56:40Z" user="kss10232" uid="22693891" lat="36.9118249" lon="127.1436537"/>
 <node id="12716195581" visible="true" version="1" changeset="164331982" timestamp="2025-03-31T13:56:40Z" user="kss10232" uid="22693891" lat="36.9133629" lon="127.1420709"/>
 <node id="12716195582" visible="true" version="1" changeset="164331982" timestamp="2025-03-31T13:56:40Z" user="kss10232" uid="22693891" lat="36.9132595" lon="127.1424125"/>
 <node id="12716195583" visible="true" version="1" changeset="164331982" timestamp="2025-03-31T13:56:40Z" user="kss10232" uid="22693891" lat="36.9130948" lon="127.1426905"/>
 <node id="12716195584" visible="true" version="1" changeset="164331982" timestamp="2025-03-31T13:56:40Z" user="kss10232" uid="22693891" lat="36.9125051" lon="127.1423793"/>
 <node id="12716195585" visible="true" version="1" changeset="164331982" timestamp="2025-03-31T13:56:40Z" user="kss10232" uid="22693891" lat="36.9123742" lon="127.1423257"/>
 <node id="12716195586" visible="true" version="1" changeset="164331982" timestamp="2025-03-31T13:56:40Z" user="kss10232" uid="22693891" lat="36.9122649" lon="127.1425242"/>
 <node id="12716195587" visible="true" version="1" changeset="164331982" timestamp="2025-03-31T13:56:40Z" user="kss10232" uid="22693891" lat="36.9121512" lon="127.1425805"/>
 <node id="12716195588" visible="true" version="1" changeset="164331982" timestamp="2025-03-31T13:56:40Z" user="kss10232" uid="22693891" lat="36.9121019" lon="127.1427709"/>
 <node id="12716195589" visible="true" version="1" changeset="164331982" timestamp="2025-03-31T13:56:40Z" user="kss10232" uid="22693891" lat="36.9120182" lon="127.1427548"/>
 <node id="12716195590" visible="true" version="1" changeset="164331982" timestamp="2025-03-31T13:56:40Z" user="kss10232" uid="22693891" lat="36.9120997" lon="127.1420360"/>
 <node id="12716195591" visible="true" version="1" changeset="164331982" timestamp="2025-03-31T13:56:40Z" user="kss10232" uid="22693891" lat="36.9120633" lon="127.1417436"/>
 <node id="12716195592" visible="true" version="1" changeset="164331982" timestamp="2025-03-31T13:56:40Z" user="kss10232" uid="22693891" lat="36.9120032" lon="127.1416095"/>
 <node id="12716195593" visible="true" version="1" changeset="164331982" timestamp="2025-03-31T13:56:40Z" user="kss10232" uid="22693891" lat="36.9120268" lon="127.1412769"/>
 <node id="12716195594" visible="true" version="1" changeset="164331982" timestamp="2025-03-31T13:56:40Z" user="kss10232" uid="22693891" lat="36.9119110" lon="127.1411482"/>
 <node id="12716195595" visible="true" version="1" changeset="164331982" timestamp="2025-03-31T13:56:40Z" user="kss10232" uid="22693891" lat="36.9119153" lon="127.1409443"/>
 <node id="12716195596" visible="true" version="1" changeset="164331982" timestamp="2025-03-31T13:56:40Z" user="kss10232" uid="22693891" lat="36.9121276" lon="127.1408880"/>
 <node id="12716195597" visible="true" version="1" changeset="164331982" timestamp="2025-03-31T13:56:40Z" user="kss10232" uid="22693891" lat="36.9121791" lon="127.1405527"/>
 <node id="12716195598" visible="true" version="1" changeset="164331982" timestamp="2025-03-31T13:56:40Z" user="kss10232" uid="22693891" lat="36.9123249" lon="127.1406037"/>
 <node id="12716195599" visible="true" version="1" changeset="164331982" timestamp="2025-03-31T13:56:40Z" user="kss10232" uid="22693891" lat="36.9125072" lon="127.1406305"/>
 <node id="12716195600" visible="true" version="1" changeset="164331982" timestamp="2025-03-31T13:56:40Z" user="kss10232" uid="22693891" lat="36.9126209" lon="127.1407861"/>
 <node id="12716195601" visible="true" version="1" changeset="164331982" timestamp="2025-03-31T13:56:40Z" user="kss10232" uid="22693891" lat="36.9126294" lon="127.1408853"/>
 <node id="12716195602" visible="true" version="1" changeset="164331982" timestamp="2025-03-31T13:56:40Z" user="kss10232" uid="22693891" lat="36.9126873" lon="127.1409551"/>
 <node id="12716195603" visible="true" version="1" changeset="164331982" timestamp="2025-03-31T13:56:40Z" user="kss10232" uid="22693891" lat="36.9126463" lon="127.1410876"/>
 <node id="12716195604" visible="true" version="1" changeset="164331982" timestamp="2025-03-31T13:56:40Z" user="kss10232" uid="22693891" lat="36.9127281" lon="127.1411670"/>
 <node id="12716195605" visible="true" version="1" changeset="164331982" timestamp="2025-03-31T13:56:40Z" user="kss10232" uid="22693891" lat="36.9126873" lon="127.1412984"/>
 <node id="12716195606" visible="true" version="1" changeset="164331982" timestamp="2025-03-31T13:56:40Z" user="kss10232" uid="22693891" lat="36.9128439" lon="127.1414620"/>
 <node id="12716195607" visible="true" version="1" changeset="164331982" timestamp="2025-03-31T13:56:40Z" user="kss10232" uid="22693891" lat="36.9127560" lon="127.1416444"/>
 <node id="12752298948" visible="true" version="1" changeset="164892965" timestamp="2025-04-13T12:43:26Z" user="LuxuryCoop" uid="7245212" lat="36.9117297" lon="127.1359364"/>
 <node id="13088863586" visible="true" version="1" changeset="170821881" timestamp="2025-08-22T10:00:30Z" user="SB15" uid="18682850" lat="36.9078753" lon="127.1707387"/>
 <node id="13088863591" visible="true" version="1" changeset="170821881" timestamp="2025-08-22T10:00:30Z" user="SB15" uid="18682850" lat="36.9101127" lon="127.1738428"/>
 <node id="13088893002" visible="true" version="1" changeset="170821881" timestamp="2025-08-22T10:00:30Z" user="SB15" uid="18682850" lat="36.9094436" lon="127.1728314"/>
 <node id="13088893015" visible="true" version="1" changeset="170821881" timestamp="2025-08-22T10:00:30Z" user="SB15" uid="18682850" lat="36.9089118" lon="127.1721218"/>
 <node id="13088893114" visible="true" version="1" changeset="170821881" timestamp="2025-08-22T10:00:30Z" user="SB15" uid="18682850" lat="36.9099263" lon="127.1735362"/>
 <node id="13088893259" visible="true" version="2" changeset="186474077" timestamp="2026-07-27T18:00:40Z" user="aaei924" uid="10626814" lat="36.9111005" lon="127.1791141"/>
 <node id="13088893301" visible="true" version="1" changeset="170821881" timestamp="2025-08-22T10:00:30Z" user="SB15" uid="18682850" lat="36.9091747" lon="127.1724725"/>
 <node id="13229144274" visible="true" version="1" changeset="173206525" timestamp="2025-10-13T04:10:36Z" user="ohmapper" uid="23390667" lat="36.9078268" lon="127.1430836">
  <tag k="historic" v="memorial"/>
  <tag k="name" v="본관 앞 조형물"/>
 </node>
 <node id="13229144275" visible="true" version="1" changeset="173206525" timestamp="2025-10-13T04:10:36Z" user="ohmapper" uid="23390667" lat="36.9086525" lon="127.1415033">
  <tag k="amenity" v="waste_basket"/>
 </node>
 <node id="14148954790" visible="true" version="1" changeset="188532339" timestamp="2026-09-04T15:46:52Z" user="tlsdkxm" uid="5194197" lat="36.9095928" lon="127.1427588">
  <tag k="barrier" v="lift_gate"/>
 </node>
 <node id="14149456222" visible="true" version="1" changeset="188532140" timestamp="2026-09-04T15:42:54Z" user="tlsdkxm" uid="5194197" lat="36.9091489" lon="127.1476834"/>
 <node id="14149456223" visible="true" version="1" changeset="188532140" timestamp="2026-09-04T15:42:54Z" user="tlsdkxm" uid="5194197" lat="36.9089759" lon="127.1466019"/>
 <node id="14149456224" visible="true" version="1" changeset="188532140" timestamp="2026-09-04T15:42:54Z" user="tlsdkxm" uid="5194197" lat="36.9091504" lon="127.1465718"/>
 <node id="14149456225" visible="true" version="1" changeset="188532140" timestamp="2026-09-04T15:42:54Z" user="tlsdkxm" uid="5194197" lat="36.9090692" lon="127.1465229"/>
 <node id="14149456226" visible="true" version="1" changeset="188532140" timestamp="2026-09-04T15:42:54Z" user="tlsdkxm" uid="5194197" lat="36.9090896" lon="127.1462768"/>
 <node id="14175196642" visible="true" version="1" changeset="188914070" timestamp="2026-09-12T12:37:31Z" user="Arthur Piereck" uid="21922280" lat="36.9097343" lon="127.1516463"/>
 <node id="14218348913" visible="true" version="1" changeset="189568394" timestamp="2026-09-26T02:13:42Z" user="Arthur Piereck" uid="21922280" lat="36.9145526" lon="127.1367229"/>
 <node id="14222379902" visible="true" version="1" changeset="189631219" timestamp="2026-09-27T13:46:34Z" user="Arthur Piereck" uid="21922280" lat="36.9146477" lon="127.1458391"/>
 <node id="14222379926" visible="true" version="1" changeset="189631219" timestamp="2026-09-27T13:46:34Z" user="Arthur Piereck" uid="21922280" lat="36.9197493" lon="127.1424670"/>
 <node id="14222380040" visible="true" version="1" changeset="189631219" timestamp="2026-09-27T13:46:34Z" user="Arthur Piereck" uid="21922280" lat="36.9120415" lon="127.1469335"/>
 <node id="14222380041" visible="true" version="1" changeset="189631219" timestamp="2026-09-27T13:46:34Z" user="Arthur Piereck" uid="21922280" lat="36.9120587" lon="127.1469797"/>
 <node id="14222380043" visible="true" version="1" changeset="189631219" timestamp="2026-09-27T13:46:34Z" user="Arthur Piereck" uid="21922280" lat="36.9140630" lon="127.1476346"/>
 <node id="14222380044" visible="true" version="1" changeset="189631219" timestamp="2026-09-27T13:46:34Z" user="Arthur Piereck" uid="21922280" lat="36.9138657" lon="127.1476494"/>
 <node id="14222380045" visible="true" version="1" changeset="189631219" timestamp="2026-09-27T13:46:34Z" user="Arthur Piereck" uid="21922280" lat="36.9137790" lon="127.1477115"/>
 <node id="14222380046" visible="true" version="1" changeset="189631219" timestamp="2026-09-27T13:46:34Z" user="Arthur Piereck" uid="21922280" lat="36.9136706" lon="127.1477848"/>
 <node id="14222380047" visible="true" version="1" changeset="189631219" timestamp="2026-09-27T13:46:34Z" user="Arthur Piereck" uid="21922280" lat="36.9134840" lon="127.1480691"/>
 <node id="14222380048" visible="true" version="1" changeset="189631219" timestamp="2026-09-27T13:46:34Z" user="Arthur Piereck" uid="21922280" lat="36.9133854" lon="127.1481281"/>
 <node id="14222380049" visible="true" version="1" changeset="189631219" timestamp="2026-09-27T13:46:34Z" user="Arthur Piereck" uid="21922280" lat="36.9131816" lon="127.1484098"/>
 <node id="14222380050" visible="true" version="1" changeset="189631219" timestamp="2026-09-27T13:46:34Z" user="Arthur Piereck" uid="21922280" lat="36.9127356" lon="127.1486244"/>
 <node id="14222380051" visible="true" version="1" changeset="189631219" timestamp="2026-09-27T13:46:34Z" user="Arthur Piereck" uid="21922280" lat="36.9126219" lon="127.1486539"/>
 <node id="14222380052" visible="true" version="1" changeset="189631219" timestamp="2026-09-27T13:46:34Z" user="Arthur Piereck" uid="21922280" lat="36.9125404" lon="127.1485278"/>
 <node id="14222380053" visible="true" version="1" changeset="189631219" timestamp="2026-09-27T13:46:34Z" user="Arthur Piereck" uid="21922280" lat="36.9121458" lon="127.1472135"/>
 <node id="14222380054" visible="true" version="1" changeset="189631219" timestamp="2026-09-27T13:46:34Z" user="Arthur Piereck" uid="21922280" lat="36.9117083" lon="127.1460387"/>
 <node id="14222380055" visible="true" version="1" changeset="189631219" timestamp="2026-09-27T13:46:34Z" user="Arthur Piereck" uid="21922280" lat="36.9114755" lon="127.1454805"/>
 <node id="14222380212" visible="true" version="1" changeset="189631219" timestamp="2026-09-27T13:46:34Z" user="Arthur Piereck" uid="21922280" lat="36.9117884" lon="127.1448319"/>
 <node id="14222380213" visible="true" version="1" changeset="189631219" timestamp="2026-09-27T13:46:34Z" user="Arthur Piereck" uid="21922280" lat="36.9119203" lon="127.1450210"/>
 <node id="14222380214" visible="true" version="1" changeset="189631219" timestamp="2026-09-27T13:46:34Z" user="Arthur Piereck" uid="21922280" lat="36.9120053" lon="127.1449283"/>
 <node id="14222380215" visible="true" version="1" changeset="189631219" timestamp="2026-09-27T13:46:34Z" user="Arthur Piereck" uid="21922280" lat="36.9118734" lon="127.1447392"/>
 <node id="14222380216" visible="true" version="1" changeset="189631219" timestamp="2026-09-27T13:46:34Z" user="Arthur Piereck" uid="21922280" lat="36.9120087" lon="127.1445923"/>
 <node id="14222380217" visible="true" version="1" changeset="189631219" timestamp="2026-09-27T13:46:34Z" user="Arthur Piereck" uid="21922280" lat="36.9119822" lon="127.1444915"/>
 <node id="14222380218" visible="true" version="1" changeset="189631219" timestamp="2026-09-27T13:46:34Z" user="Arthur Piereck" uid="21922280" lat="36.9120276" lon="127.1443553"/>
 <node id="14222380219" visible="true" version="1" changeset="189631219" timestamp="2026-09-27T13:46:34Z" user="Arthur Piereck" uid="21922280" lat="36.9120820" lon="127.1445621"/>
 <node id="14222380220" visible="true" version="1" changeset="189631219" timestamp="2026-09-27T13:46:34Z" user="Arthur Piereck" uid="21922280" lat="36.9119571" lon="127.1445018"/>
 <node id="14222380221" visible="true" version="1" changeset="189631219" timestamp="2026-09-27T13:46:34Z" user="Arthur Piereck" uid="21922280" lat="36.9119292" lon="127.1443959"/>
 <way id="37220749" visible="true" version="6" changeset="175103208" timestamp="2025-11-25T10:33:43Z" user="LuxuryCoop" uid="7245212">
  <nd ref="433322168"/>
  <nd ref="433322130"/>
  <nd ref="433322327"/>
  <nd ref="433322313"/>
  <nd ref="433322321"/>
  <nd ref="1357665223"/>
  <nd ref="1357665327"/>
  <nd ref="1357665270"/>
  <nd ref="1357665278"/>
  <nd ref="1357665237"/>
  <nd ref="1357665216"/>
  <nd ref="1357665248"/>
  <nd ref="1357665219"/>
  <nd ref="1357665262"/>
  <nd ref="433321983"/>
  <nd ref="433322004"/>
  <nd ref="1357665228"/>
  <nd ref="433321987"/>
  <nd ref="1357665285"/>
  <nd ref="1357665286"/>
  <nd ref="1357665377"/>
  <nd ref="1357665212"/>
  <nd ref="1357665340"/>
  <nd ref="1357665389"/>
  <nd ref="1357665344"/>
  <nd ref="1357665211"/>
  <nd ref="433322012"/>
  <nd ref="1357665224"/>
  <nd ref="1357665391"/>
  <nd ref="1357665250"/>
  <nd ref="1357665246"/>
  <nd ref="1357665263"/>
  <nd ref="433322315"/>
  <nd ref="433321985"/>
  <nd ref="433321980"/>
  <nd ref="433321994"/>
  <nd ref="1357665373"/>
  <nd ref="433322016"/>
  <nd ref="433322070"/>
  <nd ref="1357665316"/>
  <nd ref="1357665324"/>
  <nd ref="1357665279"/>
  <nd ref="1357665275"/>
  <nd ref="1357665345"/>
  <nd ref="1357665347"/>
  <nd ref="1357665351"/>
  <nd ref="1357665362"/>
  <nd ref="433322168"/>
  <tag k="name" v="매주저수지"/>
  <tag k="name:en" v="Maeju Reservoir"/>
  <tag k="name:ko" v="매주저수지"/>
  <tag k="natural" v="water"/>
  <tag k="water" v="reservoir"/>
 </way>
 <way id="37389589" visible="true" version="17" changeset="189631219" timestamp="2026-09-27T13:46:34Z" user="Arthur Piereck" uid="21922280">
  <nd ref="1839353538"/>
  <nd ref="1839353691"/>
  <nd ref="12716195580"/>
  <nd ref="1839353593"/>
  <nd ref="1839353551"/>
  <nd ref="1839353620"/>
  <nd ref="1839353534"/>
  <nd ref="4666816717"/>
  <nd ref="1839353634"/>
  <nd ref="6843871760"/>
  <nd ref="436595990"/>
  <nd ref="1839353633"/>
  <nd ref="12716195563"/>
  <nd ref="1839353679"/>
  <nd ref="436595991"/>
  <nd ref="436595992"/>
  <nd ref="1839353672"/>
  <nd ref="1839353654"/>
  <nd ref="1839353583"/>
  <nd ref="14218348913"/>
  <nd ref="1839353527"/>
  <nd ref="436595993"/>
  <nd ref="1839450287"/>
  <nd ref="1839353646"/>
  <nd ref="1839450290"/>
  <nd ref="436402930"/>
  <tag k="highway" v="tertiary"/>
  <tag k="lanes" v="2"/>
  <tag k="maxspeed" v="60"/>
  <tag k="name" v="대학로"/>
  <tag k="name:en" v="Daehak-ro"/>
  <tag k="name:ko" v="대학로"/>
  <tag k="surface" v="asphalt"/>
 </way>
 <way id="54033042" visible="true" version="13" changeset="164892965" timestamp="2025-04-13T12:43:26Z" user="LuxuryCoop" uid="7245212">
  <nd ref="1839353538"/>
  <nd ref="1839353515"/>
  <nd ref="10296888298"/>
  <nd ref="6843871757"/>
  <nd ref="1839353683"/>
  <nd ref="1839353550"/>
  <nd ref="12716195554"/>
  <nd ref="1839353628"/>
  <nd ref="436595126"/>
  <nd ref="1839450282"/>
  <nd ref="1839353510"/>
  <nd ref="12752298948"/>
  <nd ref="1839450323"/>
  <nd ref="1839450293"/>
  <nd ref="436595127"/>
  <tag k="highway" v="secondary"/>
  <tag k="lanes" v="4"/>
  <tag k="maxspeed" v="60"/>
  <tag k="name" v="성진로"/>
  <tag k="name:en" v="Seongjin-ro"/>
  <tag k="name:ko" v="성진로"/>
  <tag k="oneway" v="no"/>
  <tag k="review" v="no"/>
  <tag k="sidewalk" v="both"/>
  <tag k="surface" v="asphalt"/>
 </way>
 <way id="108770554" visible="true" version="24" changeset="189631219" timestamp="2026-09-27T13:46:34Z" user="Arthur Piereck" uid="21922280">
  <nd ref="436595973"/>
  <nd ref="436595972"/>
  <nd ref="436595971"/>
  <nd ref="436595970"/>
  <nd ref="436595968"/>
  <nd ref="436595967"/>
  <nd ref="13088893259"/>
  <nd ref="436595966"/>
  <nd ref="436595965"/>
  <nd ref="436595963"/>
  <nd ref="436595960"/>
  <nd ref="436595958"/>
  <nd ref="436595952"/>
  <nd ref="436595951"/>
  <nd ref="5738396792"/>
  <nd ref="436595948"/>
  <nd ref="436595947"/>
  <nd ref="436595944"/>
  <nd ref="436595943"/>
  <nd ref="436595942"/>
  <nd ref="436595941"/>
  <nd ref="436595940"/>
  <nd ref="436595939"/>
  <nd ref="436595938"/>
  <nd ref="436595936"/>
  <nd ref="436595935"/>
  <nd ref="436595934"/>
  <nd ref="13088863591"/>
  <nd ref="436595933"/>
  <nd ref="436595932"/>
  <nd ref="13088893114"/>
  <nd ref="436595931"/>
  <nd ref="436595930"/>
  <nd ref="436595929"/>
  <nd ref="436595928"/>
  <nd ref="436595927"/>
  <nd ref="13088893002"/>
  <nd ref="13088893301"/>
  <nd ref="13088893015"/>
  <nd ref="1841212230"/>
  <nd ref="13088863586"/>
  <nd ref="1841212228"/>
  <nd ref="436595925"/>
  <nd ref="436595924"/>
  <nd ref="1814538182"/>
  <nd ref="436595923"/>
  <nd ref="436595922"/>
  <nd ref="436595100"/>
  <nd ref="1841084059"/>
  <nd ref="1841084287"/>
  <nd ref="1841084237"/>
  <nd ref="1841084060"/>
  <nd ref="436595101"/>
  <nd ref="436595102"/>
  <nd ref="1841084105"/>
  <nd ref="436595103"/>
  <nd ref="436595104"/>
  <nd ref="436595105"/>
  <nd ref="436595106"/>
  <nd ref="436595107"/>
  <nd ref="436595108"/>
  <nd ref="436595109"/>
  <nd ref="436595110"/>
  <nd ref="436595111"/>
  <nd ref="2133791095"/>
  <nd ref="436595112"/>
  <nd ref="436595113"/>
  <nd ref="5675926925"/>
  <nd ref="436595114"/>
  <nd ref="436595115"/>
  <nd ref="5675926926"/>
  <nd ref="436595116"/>
  <nd ref="436595117"/>
  <nd ref="2136137132"/>
  <nd ref="436595118"/>
  <nd ref="7223974954"/>
  <nd ref="14175196642"/>
  <nd ref="436595119"/>
  <nd ref="436595120"/>
  <nd ref="436595121"/>
  <nd ref="1842433694"/>
  <nd ref="6843871766"/>
  <nd ref="6843871767"/>
  <nd ref="436595122"/>
  <nd ref="6843871765"/>
  <nd ref="1962804830"/>
  <nd ref="6843871764"/>
  <nd ref="1357665358"/>
  <nd ref="5675926924"/>
  <nd ref="14222380055"/>
  <nd ref="436595123"/>
  <nd ref="1839353653"/>
  <nd ref="1839353661"/>
  <nd ref="1839353538"/>
  <tag k="highway" v="secondary"/>
  <tag k="lanes" v="2"/>
  <tag k="maxspeed" v="60"/>
  <tag k="name" v="성진로"/>
  <tag k="name:en" v="Seongjin-ro"/>
  <tag k="name:ko" v="성진로"/>
  <tag k="ref" v="26"/>
  <tag k="surface" v="asphalt"/>
 </way>
 <way id="121230033" visible="true" version="13" changeset="136637530" timestamp="2023-05-27T20:36:35Z" user="남서울대학교" uid="19406292">
  <nd ref="4871784504"/>
  <nd ref="1357665236"/>
  <nd ref="1357665330"/>
  <nd ref="1357665294"/>
  <nd ref="1357665365"/>
  <nd ref="1357665314"/>
  <nd ref="1357665370"/>
  <nd ref="1357665349"/>
  <nd ref="1357665255"/>
  <nd ref="1357665388"/>
  <nd ref="1357665379"/>
  <nd ref="1357665215"/>
  <nd ref="1357665383"/>
  <nd ref="1357665243"/>
  <nd ref="1357665264"/>
  <nd ref="1357665214"/>
  <nd ref="10932198130"/>
  <nd ref="1357665283"/>
  <nd ref="1357665302"/>
  <nd ref="1357665225"/>
  <nd ref="1357665329"/>
  <nd ref="1357665254"/>
  <nd ref="1357665213"/>
  <nd ref="1357665355"/>
  <nd ref="1357665268"/>
  <nd ref="1842433801"/>
  <nd ref="1357665217"/>
  <nd ref="1357665300"/>
  <nd ref="1357665311"/>
  <nd ref="1357665222"/>
  <nd ref="1357665232"/>
  <nd ref="1357665375"/>
  <nd ref="1357665334"/>
  <nd ref="1357665220"/>
  <nd ref="1357665296"/>
  <nd ref="1357665230"/>
  <nd ref="1357665261"/>
  <nd ref="1357665273"/>
  <nd ref="10932169717"/>
  <nd ref="1357665238"/>
 </way>
 <way id="173104973" visible="true" version="8" changeset="163052403" timestamp="2025-02-28T13:21:48Z" user="tlsdkxm" uid="5194197">
  <nd ref="1839353553"/>
  <nd ref="1839353514"/>
  <nd ref="7501678928"/>
  <nd ref="1839353676"/>
  <nd ref="1839353543"/>
  <nd ref="1839353618"/>
  <nd ref="1839353637"/>
  <nd ref="1839353513"/>
  <nd ref="1839353524"/>
  <nd ref="7501678927"/>
  <nd ref="1839353508"/>
  <nd ref="4871784503"/>
  <nd ref="1839353617"/>
  <nd ref="1839353614"/>
  <tag k="highway" v="service"/>
 </way>
 <way id="173104975" visible="true" version="9" changeset="163052403" timestamp="2025-02-28T13:21:48Z" user="tlsdkxm" uid="5194197">
  <nd ref="1839353617"/>
  <nd ref="4871784505"/>
  <nd ref="1962804958"/>
  <nd ref="4871784519"/>
  <nd ref="4868648247"/>
  <nd ref="1839353580"/>
  <nd ref="4868618786"/>
  <nd ref="1839353687"/>
  <tag k="highway" v="service"/>
 </way>
 <way id="173104976" visible="true" version="10" changeset="163052403" timestamp="2025-02-28T13:21:48Z" user="tlsdkxm" uid="5194197">
  <nd ref="1839353538"/>
  <nd ref="1839353605"/>
  <nd ref="1962823671"/>
  <nd ref="1839353640"/>
  <nd ref="4995080691"/>
  <tag k="highway" v="service"/>
  <tag k="maxspeed" v="20"/>
  <tag k="oneway" v="yes"/>
 </way>
 <way id="173104978" visible="true" version="6" changeset="163052403" timestamp="2025-02-28T13:21:48Z" user="tlsdkxm" uid="5194197">
  <nd ref="1839353686"/>
  <nd ref="1962804986"/>
  <nd ref="1839353519"/>
  <nd ref="1839353506"/>
  <nd ref="1962804824"/>
  <nd ref="1839353666"/>
  <nd ref="1839353530"/>
  <nd ref="1839353533"/>
  <nd ref="1839353567"/>
  <nd ref="1839353673"/>
  <nd ref="1839353647"/>
  <nd ref="1839353517"/>
  <nd ref="1839353609"/>
  <nd ref="1839353675"/>
  <nd ref="1962805007"/>
  <nd ref="1839353663"/>
  <nd ref="1962805063"/>
  <nd ref="1839353589"/>
  <nd ref="1839353656"/>
  <nd ref="1839353581"/>
  <nd ref="1839353686"/>
  <tag k="highway" v="service"/>
  <tag k="maxspeed" v="20"/>
  <tag k="oneway" v="yes"/>
 </way>
 <way id="173104982" visible="true" version="5" changeset="164892965" timestamp="2025-04-13T12:43:26Z" user="LuxuryCoop" uid="7245212">
  <nd ref="1839353552"/>
  <nd ref="1839353525"/>
  <nd ref="1839353536"/>
  <nd ref="1839353522"/>
  <nd ref="1839353555"/>
  <nd ref="1839353531"/>
  <nd ref="1839353542"/>
  <nd ref="1839353568"/>
  <nd ref="1839353572"/>
  <nd ref="1839353539"/>
  <nd ref="1839353588"/>
  <nd ref="1839353576"/>
  <nd ref="1839353552"/>
  <tag k="access" v="customers"/>
  <tag k="amenity" v="parking"/>
  <tag k="fee" v="no"/>
  <tag k="name" v="버스주차장"/>
  <tag k="operator" v="남서울대학교"/>
  <tag k="parking" v="surface"/>
 </way>
 <way id="173104986" visible="true" version="9" changeset="188532140" timestamp="2026-09-04T15:42:54Z" user="tlsdkxm" uid="5194197">
  <nd ref="1839353609"/>
  <nd ref="1839353577"/>
  <nd ref="1839353580"/>
  <nd ref="4868618788"/>
  <nd ref="4868648249"/>
  <nd ref="7501678923"/>
  <nd ref="1839353553"/>
  <nd ref="14149456226"/>
  <nd ref="1839353612"/>
  <nd ref="4868648236"/>
  <nd ref="1839353677"/>
  <tag k="highway" v="service"/>
 </way>
 <way id="173104990" visible="true" version="3" changeset="189568394" timestamp="2026-09-26T02:13:42Z" user="Arthur Piereck" uid="21922280">
  <nd ref="436595123"/>
  <nd ref="1839353629"/>
  <nd ref="1839353566"/>
  <nd ref="1839353575"/>
  <nd ref="1839353565"/>
  <nd ref="1839353593"/>
  <tag k="highway" v="tertiary_link"/>
  <tag k="oneway" v="yes"/>
 </way>
 <way id="173113210" visible="true" version="3" changeset="130723272" timestamp="2022-12-31T14:33:28Z" user="OpenStreetMap-KR" uid="9176801">
  <nd ref="1839450295"/>
  <nd ref="1839450364"/>
  <nd ref="1839450372"/>
  <nd ref="1839450300"/>
  <nd ref="1839450284"/>
  <nd ref="1839450286"/>
  <nd ref="1839450377"/>
  <nd ref="1962898007"/>
  <nd ref="1839450333"/>
  <nd ref="10296888305"/>
  <nd ref="1839450393"/>
  <nd ref="1839450360"/>
  <nd ref="1839450379"/>
  <nd ref="1839450275"/>
  <nd ref="1839450326"/>
  <nd ref="1839450301"/>
  <nd ref="1839450399"/>
  <nd ref="1839450289"/>
  <nd ref="1839450295"/>
  <tag k="landuse" v="orchard"/>
 </way>
 <way id="173113216" visible="true" version="3" changeset="136637731" timestamp="2023-05-27T20:46:07Z" user="남서울대학교" uid="19406292">
  <nd ref="1839450375"/>
  <nd ref="1839450374"/>
  <nd ref="1839450328"/>
  <nd ref="1839450384"/>
  <nd ref="1839450380"/>
  <nd ref="1839450379"/>
  <nd ref="1839450275"/>
  <nd ref="1839450326"/>
  <nd ref="1839450301"/>
  <nd ref="1839450399"/>
  <nd ref="1839450289"/>
  <nd ref="1962898002"/>
  <nd ref="10932174796"/>
  <nd ref="1839450347"/>
  <nd ref="10932174798"/>
  <nd ref="1839450375"/>
  <tag k="landuse" v="farmland"/>
 </way>
 <way id="173428672" visible="true" version="4" changeset="136637530" timestamp="2023-05-27T20:36:35Z" user="남서울대학교" uid="19406292">
  <nd ref="1842433885"/>
  <nd ref="1842433789"/>
  <nd ref="1842433809"/>
  <nd ref="1842433901"/>
  <nd ref="1842433900"/>
  <nd ref="1842433703"/>
  <nd ref="1842434085"/>
  <nd ref="1842433781"/>
  <nd ref="1842433869"/>
  <nd ref="1842433699"/>
  <nd ref="1842434138"/>
  <nd ref="1842433909"/>
  <nd ref="1842433845"/>
  <nd ref="1842433857"/>
  <nd ref="1842433824"/>
  <nd ref="1842433846"/>
  <nd ref="1842433651"/>
  <nd ref="1842433854"/>
  <nd ref="1842434017"/>
  <nd ref="1842433913"/>
  <nd ref="1842433770"/>
  <nd ref="1842434004"/>
  <nd ref="1842433639"/>
  <nd ref="1842433720"/>
  <nd ref="1842434141"/>
  <nd ref="1842434189"/>
  <nd ref="1842433655"/>
  <nd ref="1842433970"/>
  <nd ref="1842433934"/>
  <nd ref="1842433895"/>
  <nd ref="1842433840"/>
  <nd ref="1842434015"/>
  <nd ref="1842433749"/>
  <nd ref="1842434025"/>
  <nd ref="1842433711"/>
  <nd ref="1842433794"/>
  <nd ref="1842433773"/>
  <nd ref="1842433904"/>
  <nd ref="1842433765"/>
  <nd ref="1842433738"/>
  <nd ref="1842433648"/>
  <nd ref="1842434035"/>
  <nd ref="1842433841"/>
  <nd ref="1842433725"/>
  <nd ref="1842434010"/>
  <nd ref="1842433795"/>
  <nd ref="1842433988"/>
  <nd ref="1842433969"/>
  <nd ref="1842433712"/>
  <nd ref="1842433954"/>
  <nd ref="1842433837"/>
  <nd ref="1842433702"/>
  <nd ref="1842433805"/>
  <nd ref="1842433871"/>
  <nd ref="1842433768"/>
  <nd ref="1842433818"/>
  <nd ref="1842433923"/>
  <nd ref="1842433989"/>
  <nd ref="1842433705"/>
  <nd ref="1842433661"/>
  <nd ref="1842433907"/>
  <nd ref="1842433657"/>
  <nd ref="1842434117"/>
  <nd ref="1842434099"/>
  <nd ref="1842433878"/>
  <nd ref="1842434089"/>
  <nd ref="1842433669"/>
  <nd ref="1842434002"/>
  <nd ref="1842433836"/>
  <nd ref="1842433634"/>
  <nd ref="1842434143"/>
  <nd ref="1842433933"/>
  <nd ref="1842433775"/>
  <nd ref="1842433884"/>
  <nd ref="1842433849"/>
  <nd ref="1842433982"/>
  <nd ref="1842433848"/>
  <nd ref="1842433799"/>
  <nd ref="1842433932"/>
  <nd ref="1842433929"/>
  <nd ref="1842433767"/>
  <nd ref="1842433844"/>
  <nd ref="1842433828"/>
  <nd ref="1842433764"/>
  <nd ref="1842433912"/>
  <nd ref="1842433683"/>
  <nd ref="1842433859"/>
  <nd ref="1842434058"/>
  <nd ref="1842433637"/>
  <nd ref="1842433865"/>
  <nd ref="1842433962"/>
  <nd ref="1842434039"/>
  <nd ref="1842433736"/>
  <nd ref="1842434008"/>
  <nd ref="1842433731"/>
  <nd ref="1842433697"/>
  <nd ref="1842433906"/>
  <nd ref="1842433735"/>
  <nd ref="1842434023"/>
  <nd ref="1842433829"/>
  <nd ref="1842433774"/>
  <nd ref="1842433791"/>
  <nd ref="1842433883"/>
  <nd ref="1842433879"/>
  <nd ref="1842433630"/>
  <nd ref="1842433843"/>
  <nd ref="1842434192"/>
  <nd ref="1842433894"/>
  <nd ref="1842433726"/>
  <nd ref="1842433891"/>
  <nd ref="1842434166"/>
  <nd ref="1842433876"/>
  <nd ref="1842433984"/>
  <nd ref="1842433983"/>
  <nd ref="1842433866"/>
  <nd ref="1842433716"/>
  <nd ref="1842433641"/>
  <nd ref="1842433867"/>
  <nd ref="1842433820"/>
  <nd ref="1842434030"/>
  <nd ref="1842433911"/>
  <nd ref="1842433990"/>
  <nd ref="1842433623"/>
  <nd ref="1842433942"/>
  <nd ref="1842433621"/>
  <nd ref="1842433964"/>
  <nd ref="1842433936"/>
  <nd ref="1842433788"/>
  <nd ref="1842434006"/>
  <nd ref="1842433908"/>
  <nd ref="1842433782"/>
  <nd ref="1842434195"/>
  <nd ref="1842433941"/>
  <nd ref="1842434148"/>
  <nd ref="1842433980"/>
  <nd ref="1842433893"/>
  <nd ref="1842433967"/>
  <nd ref="1842433742"/>
  <nd ref="1842433833"/>
  <nd ref="1842434154"/>
  <nd ref="1842433958"/>
  <nd ref="1842433690"/>
  <nd ref="1842433922"/>
  <nd ref="1842433754"/>
  <nd ref="1842433917"/>
  <nd ref="1842433851"/>
  <nd ref="1842433870"/>
  <nd ref="1842433839"/>
  <nd ref="1842433817"/>
  <nd ref="1842434160"/>
  <nd ref="1842434186"/>
  <nd ref="1842433855"/>
  <nd ref="1842433807"/>
  <nd ref="1842433625"/>
  <nd ref="1842433889"/>
  <nd ref="1842433945"/>
  <nd ref="1842433838"/>
  <nd ref="1842433776"/>
  <nd ref="1842433830"/>
  <nd ref="1842434028"/>
  <nd ref="1842433741"/>
  <nd ref="1842433886"/>
  <nd ref="1842434134"/>
  <nd ref="1842433722"/>
  <nd ref="1842433728"/>
  <nd ref="1842434087"/>
  <nd ref="1842433803"/>
  <nd ref="1842433947"/>
  <nd ref="1842433927"/>
  <nd ref="1842433632"/>
  <nd ref="1842433852"/>
  <nd ref="1842433931"/>
  <nd ref="1842433938"/>
  <nd ref="1842433812"/>
  <nd ref="1842433821"/>
  <nd ref="1842433873"/>
  <nd ref="1842433779"/>
  <nd ref="1842433708"/>
  <nd ref="1842433831"/>
  <nd ref="1842433784"/>
  <nd ref="1842433798"/>
  <nd ref="1842433814"/>
  <nd ref="1842433717"/>
  <nd ref="1842433743"/>
  <nd ref="1842433787"/>
  <nd ref="1842433862"/>
  <nd ref="1842433719"/>
  <nd ref="1842433863"/>
  <nd ref="1842434183"/>
  <nd ref="1842434091"/>
  <nd ref="1842433872"/>
  <nd ref="1842433744"/>
  <nd ref="1842433723"/>
  <nd ref="1842433654"/>
  <nd ref="1842433823"/>
  <nd ref="1842433868"/>
  <nd ref="1842434179"/>
  <nd ref="1842433880"/>
  <nd ref="1842434114"/>
  <nd ref="1842434124"/>
  <nd ref="1842433966"/>
  <nd ref="1842433950"/>
  <nd ref="1842433674"/>
  <nd ref="1842433825"/>
  <nd ref="1842433892"/>
  <nd ref="1842433899"/>
  <nd ref="1842433887"/>
  <nd ref="1842433713"/>
  <nd ref="1842433695"/>
  <nd ref="1842434083"/>
  <nd ref="1842433905"/>
  <nd ref="1842434127"/>
  <nd ref="1842433676"/>
  <nd ref="1842433949"/>
  <nd ref="1842433751"/>
  <nd ref="1842433710"/>
  <nd ref="1842433928"/>
  <nd ref="1842433761"/>
  <nd ref="1842433806"/>
  <nd ref="1842434157"/>
  <nd ref="1842433888"/>
  <nd ref="1842433771"/>
  <nd ref="7171139257"/>
  <nd ref="7171139255"/>
  <nd ref="7171139256"/>
  <nd ref="7171139254"/>
  <nd ref="7171139258"/>
  <nd ref="7171139253"/>
  <nd ref="7171139259"/>
  <nd ref="7171139260"/>
  <nd ref="1842433646"/>
  <nd ref="1842433881"/>
  <nd ref="1842433819"/>
  <nd ref="1842433753"/>
  <nd ref="1842433832"/>
  <nd ref="1842433652"/>
  <nd ref="1842433763"/>
  <nd ref="1842433926"/>
  <nd ref="1842433777"/>
  <nd ref="1842433847"/>
  <nd ref="1842433732"/>
  <nd ref="1842433727"/>
  <nd ref="1842433653"/>
  <nd ref="1842433935"/>
  <nd ref="1842433842"/>
  <nd ref="1842434070"/>
  <nd ref="1842433729"/>
  <nd ref="1842433678"/>
  <nd ref="1842433796"/>
  <nd ref="1842434063"/>
  <nd ref="1842433815"/>
  <nd ref="1842433793"/>
  <nd ref="1842433948"/>
  <nd ref="1842433974"/>
  <nd ref="1842433756"/>
  <nd ref="1842433939"/>
  <nd ref="1842433937"/>
  <nd ref="1842433706"/>
  <nd ref="1357665217"/>
  <nd ref="1842433801"/>
  <nd ref="1842433797"/>
  <nd ref="1842433778"/>
  <nd ref="1842433898"/>
  <nd ref="1842434151"/>
  <nd ref="1842433987"/>
  <nd ref="1842433875"/>
  <nd ref="1842434076"/>
  <nd ref="1842434164"/>
  <nd ref="1842433976"/>
  <nd ref="1842433985"/>
  <nd ref="1842433914"/>
  <nd ref="1842433785"/>
  <nd ref="1842433693"/>
  <nd ref="1842433944"/>
  <nd ref="1842433671"/>
  <nd ref="1842433963"/>
  <nd ref="1842433816"/>
  <nd ref="1842433986"/>
  <nd ref="1842433810"/>
  <nd ref="1842433882"/>
  <nd ref="1842433739"/>
  <nd ref="1842433733"/>
  <nd ref="1842433853"/>
  <nd ref="1842433861"/>
  <nd ref="1842433858"/>
  <nd ref="1842434167"/>
  <nd ref="1842434162"/>
  <nd ref="1842433965"/>
  <nd ref="1842434121"/>
  <nd ref="1842433709"/>
  <nd ref="1842434131"/>
  <nd ref="1842433920"/>
  <nd ref="1842433877"/>
  <nd ref="1842434079"/>
  <nd ref="1842433835"/>
  <nd ref="1842433718"/>
  <nd ref="1842433790"/>
  <nd ref="1842433769"/>
  <nd ref="1842434037"/>
  <nd ref="1842433740"/>
  <nd ref="1842434097"/>
  <nd ref="1842433890"/>
  <nd ref="1842433860"/>
  <nd ref="1842433856"/>
  <nd ref="1842433918"/>
  <nd ref="1842433960"/>
  <nd ref="1842433946"/>
  <nd ref="1842433940"/>
  <nd ref="1842433952"/>
  <nd ref="1842433921"/>
  <nd ref="1842433973"/>
  <nd ref="1842433971"/>
  <nd ref="1842433943"/>
  <nd ref="1842433924"/>
  <nd ref="1842433978"/>
  <nd ref="1842433747"/>
  <nd ref="1842434060"/>
  <nd ref="1842433724"/>
  <nd ref="1842434056"/>
  <nd ref="1842433757"/>
  <nd ref="1842433827"/>
  <nd ref="1842434020"/>
  <nd ref="1842433916"/>
  <nd ref="1842433663"/>
  <nd ref="1842433750"/>
  <nd ref="1842433902"/>
  <nd ref="1842434032"/>
  <nd ref="1842434101"/>
  <nd ref="1842433680"/>
  <nd ref="1842433704"/>
  <nd ref="1842434026"/>
  <nd ref="1842433627"/>
  <nd ref="1842433850"/>
  <nd ref="1842433826"/>
  <nd ref="1842433813"/>
  <nd ref="1842433808"/>
  <nd ref="1842433834"/>
  <nd ref="1842433822"/>
  <nd ref="1842433811"/>
  <nd ref="1842434041"/>
  <nd ref="1842433748"/>
  <nd ref="1842433804"/>
  <nd ref="1842434066"/>
  <nd ref="1842433925"/>
  <nd ref="1842433968"/>
  <nd ref="1842433745"/>
  <nd ref="1842433700"/>
  <nd ref="1842434033"/>
  <nd ref="1842433903"/>
  <nd ref="1842433760"/>
  <nd ref="1842433681"/>
  <nd ref="1842433802"/>
  <nd ref="1842433864"/>
  <nd ref="1842433897"/>
  <nd ref="1842433896"/>
  <nd ref="1842433659"/>
  <nd ref="1842433885"/>
  <tag k="natural" v="wood"/>
 </way>
 <way id="185632255" visible="true" version="6" changeset="163818212" timestamp="2025-03-19T13:33:54Z" user="tlsdkxm" uid="5194197">
  <nd ref="1962804830"/>
  <nd ref="1962805070"/>
  <nd ref="1962804763"/>
  <nd ref="1962804983"/>
  <nd ref="1962804803"/>
  <nd ref="1962804822"/>
  <nd ref="1962804997"/>
  <nd ref="1962805103"/>
  <nd ref="1962805058"/>
  <nd ref="1962805139"/>
  <nd ref="1962804819"/>
  <nd ref="1962804952"/>
  <nd ref="1962804849"/>
  <nd ref="1962804801"/>
  <nd ref="11335223534"/>
  <nd ref="4868648242"/>
  <nd ref="1962805018"/>
  <nd ref="1962805147"/>
  <nd ref="10210861680"/>
  <nd ref="1962805148"/>
  <nd ref="11335223542"/>
  <nd ref="11335223541"/>
  <nd ref="11335223540"/>
  <nd ref="11335223539"/>
  <tag k="highway" v="service"/>
  <tag k="service" v="driveway"/>
 </way>
 <way id="185632256" visible="true" version="6" changeset="188532339" timestamp="2026-09-04T15:46:52Z" user="tlsdkxm" uid="5194197">
  <nd ref="1839353589"/>
  <nd ref="1839353606"/>
  <nd ref="1839353660"/>
  <nd ref="1839353579"/>
  <nd ref="1839353688"/>
  <nd ref="1839353587"/>
  <nd ref="14148954790"/>
  <nd ref="1839353669"/>
  <nd ref="1839353652"/>
  <nd ref="1839353678"/>
  <nd ref="1839353546"/>
  <nd ref="1839353642"/>
  <nd ref="4995080692"/>
  <tag k="highway" v="service"/>
  <tag k="maxspeed" v="20"/>
  <tag k="oneway" v="yes"/>
 </way>
 <way id="185632257" visible="true" version="5" changeset="163052403" timestamp="2025-02-28T13:21:48Z" user="tlsdkxm" uid="5194197">
  <nd ref="1962804814"/>
  <nd ref="4871784493"/>
  <nd ref="4871784496"/>
  <nd ref="1962805137"/>
  <tag k="highway" v="service"/>
 </way>
 <way id="185632258" visible="true" version="4" changeset="163052403" timestamp="2025-02-28T13:21:48Z" user="tlsdkxm" uid="5194197">
  <nd ref="1962805038"/>
  <nd ref="1962804821"/>
  <tag k="highway" v="service"/>
 </way>
 <way id="185632259" visible="true" version="4" changeset="48965462" timestamp="2017-05-25T07:45:16Z" user="ckbang7" uid="6050552">
  <nd ref="1962804995"/>
  <nd ref="1962804875"/>
  <nd ref="1962804870"/>
  <nd ref="4868648243"/>
  <nd ref="4868648246"/>
  <nd ref="1962804934"/>
  <nd ref="4868648244"/>
  <nd ref="4868648245"/>
  <nd ref="1962804755"/>
  <nd ref="1962804989"/>
  <nd ref="1962805088"/>
  <nd ref="4871784484"/>
  <nd ref="4871784482"/>
  <nd ref="4871784483"/>
  <nd ref="4871784481"/>
  <nd ref="4871784480"/>
  <nd ref="4871784479"/>
  <nd ref="1962804931"/>
  <nd ref="1962804883"/>
  <nd ref="1962804939"/>
  <nd ref="4871784478"/>
  <nd ref="1962804995"/>
  <tag k="building" v="school"/>
  <tag k="name" v="성암문화체육관"/>
 </way>
 <way id="185632261" visible="true" version="4" changeset="163052403" timestamp="2025-02-28T13:21:48Z" user="tlsdkxm" uid="5194197">
  <nd ref="1962804824"/>
  <nd ref="1962804814"/>
  <tag k="highway" v="service"/>
 </way>
 <way id="185632263" visible="true" version="5" changeset="129259088" timestamp="2022-11-23T01:00:13Z" user="user_17703046" uid="17703046">
  <nd ref="1962805128"/>
  <nd ref="1962804835"/>
  <nd ref="7501678924"/>
  <nd ref="1962805034"/>
  <nd ref="7501678921"/>
  <nd ref="1962804948"/>
  <nd ref="1962804872"/>
  <nd ref="1962804798"/>
  <tag k="highway" v="service"/>
  <tag k="service" v="parking_aisle"/>
 </way>
 <way id="185632265" visible="true" version="5" changeset="84949285" timestamp="2020-05-09T19:37:49Z" user="KLADESS" uid="632805">
  <nd ref="1962804916"/>
  <nd ref="1962804743"/>
  <nd ref="1962871385"/>
  <nd ref="1962804856"/>
  <nd ref="1962871392"/>
  <nd ref="1962804749"/>
  <nd ref="1962805020"/>
  <nd ref="7501809930"/>
  <nd ref="7501809933"/>
  <nd ref="7501809931"/>
  <nd ref="1962871399"/>
  <nd ref="7501809929"/>
  <nd ref="1962804956"/>
  <nd ref="1962804858"/>
  <nd ref="1962804922"/>
  <nd ref="1962805135"/>
  <nd ref="7501809932"/>
  <nd ref="1962871382"/>
  <nd ref="1962804860"/>
  <nd ref="1962805001"/>
  <nd ref="1962804832"/>
  <nd ref="1962805031"/>
  <nd ref="1962805010"/>
  <nd ref="1962804919"/>
  <nd ref="1962804812"/>
  <nd ref="1962804761"/>
  <nd ref="1962804916"/>
  <tag k="building" v="school"/>
  <tag k="name" v="인문사회학관"/>
 </way>
 <way id="185632266" visible="true" version="4" changeset="129259088" timestamp="2022-11-23T01:00:13Z" user="user_17703046" uid="17703046">
  <nd ref="1962805141"/>
  <nd ref="7501678922"/>
  <nd ref="1962805090"/>
  <nd ref="1962805079"/>
  <nd ref="1962805086"/>
  <nd ref="1962804946"/>
  <tag k="highway" v="service"/>
  <tag k="service" v="parking_aisle"/>
 </way>
 <way id="185632268" visible="true" version="7" changeset="163052403" timestamp="2025-02-28T13:21:48Z" user="tlsdkxm" uid="5194197">
  <nd ref="1962804958"/>
  <nd ref="1962805128"/>
  <nd ref="1962804798"/>
  <nd ref="4871784501"/>
  <nd ref="1839353514"/>
  <nd ref="1962804803"/>
  <tag k="highway" v="service"/>
 </way>
 <way id="185632269" visible="true" version="4" changeset="163052403" timestamp="2025-02-28T13:21:48Z" user="tlsdkxm" uid="5194197">
  <nd ref="1962805137"/>
  <nd ref="1962804925"/>
  <nd ref="1962805133"/>
  <nd ref="1962804809"/>
  <nd ref="1962804992"/>
  <nd ref="1962804936"/>
  <nd ref="1962805012"/>
  <nd ref="1962804794"/>
  <nd ref="1962805060"/>
  <nd ref="1962805094"/>
  <nd ref="1962804946"/>
  <nd ref="1962804759"/>
  <nd ref="1962805092"/>
  <nd ref="1962804826"/>
  <nd ref="1962804821"/>
  <nd ref="1962804828"/>
  <nd ref="1962804817"/>
  <nd ref="1962804869"/>
  <nd ref="1962805100"/>
  <nd ref="1962805137"/>
  <tag k="highway" v="service"/>
  <tag k="oneway" v="yes"/>
 </way>
 <way id="185632982" visible="true" version="2" changeset="48873863" timestamp="2017-05-22T02:10:22Z" user="ckbang7" uid="6050552">
  <nd ref="1962823627"/>
  <nd ref="1962823661"/>
  <nd ref="1962823648"/>
  <nd ref="1962823679"/>
  <nd ref="1962823669"/>
  <nd ref="1962823670"/>
  <nd ref="1962823654"/>
  <nd ref="1962823625"/>
  <nd ref="1962823650"/>
  <nd ref="1962823655"/>
  <nd ref="1962823645"/>
  <nd ref="1962823647"/>
  <nd ref="1962823683"/>
  <nd ref="1962823652"/>
  <nd ref="1962823666"/>
  <nd ref="1962823664"/>
  <nd ref="1962823668"/>
  <nd ref="1962823627"/>
  <tag k="building" v="school"/>
  <tag k="name" v="아동복지회관"/>
 </way>
 <way id="185632983" visible="true" version="2" changeset="129259088" timestamp="2022-11-23T01:00:13Z" user="user_17703046" uid="17703046">
  <nd ref="1962823659"/>
  <nd ref="1962823657"/>
  <nd ref="1962823672"/>
  <nd ref="1962823662"/>
  <nd ref="1962823681"/>
  <nd ref="1962823671"/>
  <tag k="highway" v="service"/>
  <tag k="service" v="parking_aisle"/>
 </way>
 <way id="185635332" visible="true" version="4" changeset="84947469" timestamp="2020-05-09T18:22:56Z" user="KLADESS" uid="632805">
  <nd ref="1962871287"/>
  <nd ref="1962871277"/>
  <nd ref="1962871280"/>
  <nd ref="1962871282"/>
  <nd ref="1962871285"/>
  <nd ref="1962871290"/>
  <nd ref="1962871299"/>
  <nd ref="1962871310"/>
  <nd ref="1962871308"/>
  <nd ref="1962871306"/>
  <nd ref="1962871303"/>
  <nd ref="1962871297"/>
  <nd ref="1962871287"/>
  <tag k="building" v="school"/>
  <tag k="building:levels" v="6"/>
  <tag k="name" v="보건의료학관"/>
 </way>
 <way id="185635333" visible="true" version="3" changeset="84943965" timestamp="2020-05-09T16:18:11Z" user="KLADESS" uid="632805">
  <nd ref="1962871488"/>
  <nd ref="1962871492"/>
  <nd ref="1962871515"/>
  <nd ref="1962871509"/>
  <nd ref="1962871497"/>
  <nd ref="1962871511"/>
  <nd ref="1962871490"/>
  <nd ref="1962871485"/>
  <nd ref="1962871458"/>
  <nd ref="7501445629"/>
  <nd ref="7501445628"/>
  <nd ref="1962871433"/>
  <nd ref="1962871428"/>
  <nd ref="1962871441"/>
  <nd ref="1962871448"/>
  <nd ref="1962871455"/>
  <nd ref="1962871467"/>
  <nd ref="1962871488"/>
  <tag k="building" v="school"/>
  <tag k="name" v="학생복지회관"/>
 </way>
 <way id="185635334" visible="true" version="5" changeset="84943965" timestamp="2020-05-09T16:18:11Z" user="KLADESS" uid="632805">
  <nd ref="1962871507"/>
  <nd ref="1962871500"/>
  <nd ref="1962871540"/>
  <nd ref="1962871518"/>
  <nd ref="1962871556"/>
  <nd ref="1962871559"/>
  <nd ref="1962871561"/>
  <nd ref="1962871570"/>
  <nd ref="1962871566"/>
  <nd ref="1962871573"/>
  <nd ref="1962871575"/>
  <nd ref="7501445630"/>
  <nd ref="7501445631"/>
  <nd ref="1962871580"/>
  <nd ref="1962871578"/>
  <nd ref="7501445636"/>
  <nd ref="1962871568"/>
  <nd ref="1962871563"/>
  <nd ref="7501445635"/>
  <nd ref="1962871552"/>
  <nd ref="7501445634"/>
  <nd ref="1962871549"/>
  <nd ref="7501445633"/>
  <nd ref="1962871546"/>
  <nd ref="7501445632"/>
  <nd ref="1962871523"/>
  <nd ref="7501445627"/>
  <nd ref="7501445626"/>
  <nd ref="7501445625"/>
  <nd ref="7501445624"/>
  <nd ref="7501445623"/>
  <nd ref="1962871513"/>
  <nd ref="1962871503"/>
  <nd ref="1962871542"/>
  <nd ref="1962871521"/>
  <nd ref="1962871505"/>
  <nd ref="1962871495"/>
  <nd ref="1962871507"/>
  <tag k="building" v="school"/>
  <tag k="name" v="지식정보관"/>
 </way>
 <way id="185635336" visible="true" version="3" changeset="84947469" timestamp="2020-05-09T18:22:56Z" user="KLADESS" uid="632805">
  <nd ref="1962871338"/>
  <nd ref="1962871328"/>
  <nd ref="1962871330"/>
  <nd ref="1962871348"/>
  <nd ref="1962871338"/>
  <tag k="building" v="school"/>
  <tag k="building:levels" v="5"/>
  <tag k="name" v="조형학관"/>
 </way>
 <way id="185635339" visible="true" version="2" changeset="48871295" timestamp="2017-05-21T21:42:39Z" user="ckbang7" uid="6050552">
  <nd ref="1962871357"/>
  <nd ref="1962871359"/>
  <nd ref="1962871336"/>
  <nd ref="1962871323"/>
  <nd ref="1962871305"/>
  <nd ref="1962871295"/>
  <nd ref="1962871321"/>
  <nd ref="1962871334"/>
  <nd ref="1962871357"/>
  <tag k="building" v="school"/>
  <tag k="name" v="제2엘림생활관"/>
 </way>
 <way id="185635340" visible="true" version="3" changeset="84948903" timestamp="2020-05-09T19:19:27Z" user="KLADESS" uid="632805">
  <nd ref="1962871460"/>
  <nd ref="1962871443"/>
  <nd ref="1962871453"/>
  <nd ref="1962871446"/>
  <nd ref="1962871450"/>
  <nd ref="1962871465"/>
  <nd ref="1962871463"/>
  <nd ref="1962871470"/>
  <nd ref="1962871460"/>
  <tag k="building" v="school"/>
  <tag k="height" v="13.21"/>
  <tag k="name" v="21세기개발관"/>
  <tag k="roof:height" v="2.22"/>
  <tag k="roof:shape" v="gabled"/>
 </way>
 <way id="185635341" visible="true" version="4" changeset="84948903" timestamp="2020-05-09T19:19:27Z" user="KLADESS" uid="632805">
  <nd ref="1962871480"/>
  <nd ref="4628072501"/>
  <nd ref="4628072500"/>
  <nd ref="1962871375"/>
  <nd ref="1962871377"/>
  <nd ref="1962871415"/>
  <nd ref="1962871413"/>
  <nd ref="1962871438"/>
  <nd ref="4628072505"/>
  <nd ref="4628072504"/>
  <nd ref="1962871436"/>
  <nd ref="4628072503"/>
  <nd ref="1962871483"/>
  <nd ref="4628072502"/>
  <nd ref="1962871480"/>
  <tag k="building" v="school"/>
  <tag k="height" v="18.15"/>
  <tag k="name" v="디자인정보관"/>
  <tag k="roof:height" v="3.41"/>
  <tag k="roof:shape" v="gabled"/>
 </way>
 <way id="185635342" visible="true" version="2" changeset="48871295" timestamp="2017-05-21T21:42:39Z" user="ckbang7" uid="6050552">
  <nd ref="1962871292"/>
  <nd ref="1962871261"/>
  <nd ref="1962871275"/>
  <nd ref="1962871256"/>
  <nd ref="1962871257"/>
  <nd ref="1962871312"/>
  <nd ref="1962871309"/>
  <nd ref="1962871302"/>
  <nd ref="1962871292"/>
  <tag k="building" v="school"/>
  <tag k="name" v="화정관"/>
 </way>
 <way id="185635343" visible="true" version="2" changeset="48871295" timestamp="2017-05-21T21:42:39Z" user="ckbang7" uid="6050552">
  <nd ref="1962871346"/>
  <nd ref="1962871325"/>
  <nd ref="1962871313"/>
  <nd ref="1962871372"/>
  <nd ref="1962871360"/>
  <nd ref="1962871353"/>
  <nd ref="1962871356"/>
  <nd ref="1962871351"/>
  <nd ref="1962871341"/>
  <nd ref="1962871346"/>
  <tag k="building" v="school"/>
  <tag k="name" v="제1엘림생활관"/>
 </way>
 <way id="495071765" visible="true" version="4" changeset="84947469" timestamp="2020-05-09T18:22:56Z" user="KLADESS" uid="632805">
  <nd ref="4868613366"/>
  <nd ref="4868613367"/>
  <nd ref="4868613368"/>
  <nd ref="4868613369"/>
  <nd ref="4868613366"/>
  <tag k="building" v="school"/>
  <tag k="building:levels" v="5"/>
  <tag k="name" v="상경학관"/>
 </way>
 <way id="495071862" visible="true" version="1" changeset="48870889" timestamp="2017-05-21T21:18:04Z" user="ckbang7" uid="6050552">
  <nd ref="4868618786"/>
  <nd ref="4868618787"/>
  <nd ref="4868618788"/>
  <tag k="footway" v="sidewalk"/>
  <tag k="highway" v="footway"/>
 </way>
 <way id="495073748" visible="true" version="6" changeset="173206525" timestamp="2025-10-13T04:10:36Z" user="ohmapper" uid="23390667">
  <nd ref="4868648228"/>
  <nd ref="7501445638"/>
  <nd ref="7501445637"/>
  <nd ref="7501445660"/>
  <nd ref="7501445661"/>
  <nd ref="7501445662"/>
  <nd ref="4893749557"/>
  <nd ref="7501788508"/>
  <nd ref="7501445666"/>
  <nd ref="7501445665"/>
  <nd ref="7501445664"/>
  <nd ref="7501445663"/>
  <nd ref="7501445667"/>
  <nd ref="7501445668"/>
  <nd ref="4868648229"/>
  <nd ref="7501445647"/>
  <nd ref="7501445644"/>
  <nd ref="7501445642"/>
  <nd ref="7501445641"/>
  <nd ref="7501788515"/>
  <nd ref="7501445643"/>
  <nd ref="7501788514"/>
  <nd ref="7501445640"/>
  <nd ref="7501445639"/>
  <nd ref="7501445645"/>
  <nd ref="7501445646"/>
  <nd ref="4868648230"/>
  <nd ref="7501445657"/>
  <nd ref="7501445656"/>
  <nd ref="7501445655"/>
  <nd ref="7501445654"/>
  <nd ref="7501445652"/>
  <nd ref="7501445653"/>
  <nd ref="4868648231"/>
  <nd ref="7501445651"/>
  <nd ref="7501445650"/>
  <nd ref="7501445659"/>
  <nd ref="7501445649"/>
  <nd ref="7501445648"/>
  <nd ref="7501445658"/>
  <nd ref="7501788513"/>
  <nd ref="7501788516"/>
  <nd ref="4868648228"/>
  <tag k="building" v="school"/>
  <tag k="building:levels" v="5"/>
  <tag k="name" v="본관"/>
 </way>
 <way id="495073749" visible="true" version="1" changeset="48871295" timestamp="2017-05-21T21:42:38Z" user="ckbang7" uid="6050552">
  <nd ref="4868648232"/>
  <nd ref="4868648233"/>
  <nd ref="4868648234"/>
  <nd ref="4868648235"/>
  <nd ref="4868648232"/>
  <tag k="building" v="school"/>
  <tag k="name" v="성암기념중앙도서관"/>
 </way>
 <way id="495073753" visible="true" version="3" changeset="136637530" timestamp="2023-05-27T20:36:35Z" user="남서울대학교" uid="19406292">
  <nd ref="4868648236"/>
  <nd ref="4868648237"/>
  <nd ref="4868648240"/>
  <nd ref="4868648241"/>
  <nd ref="4868648242"/>
  <tag k="footway" v="sidewalk"/>
  <tag k="highway" v="footway"/>
 </way>
 <way id="495073755" visible="true" version="1" changeset="48871295" timestamp="2017-05-21T21:42:38Z" user="ckbang7" uid="6050552">
  <nd ref="4868648247"/>
  <nd ref="4868648248"/>
  <nd ref="1962804872"/>
  <tag k="footway" v="sidewalk"/>
  <tag k="highway" v="footway"/>
 </way>
 <way id="495073757" visible="true" version="1" changeset="48871295" timestamp="2017-05-21T21:42:38Z" user="ckbang7" uid="6050552">
  <nd ref="4868648249"/>
  <nd ref="4868648250"/>
  <nd ref="4868648248"/>
  <tag k="footway" v="sidewalk"/>
  <tag k="highway" v="footway"/>
 </way>
 <way id="495432057" visible="true" version="2" changeset="129259088" timestamp="2022-11-23T01:00:13Z" user="user_17703046" uid="17703046">
  <nd ref="4871784485"/>
  <nd ref="4871784486"/>
  <nd ref="4871784487"/>
  <nd ref="4871784488"/>
  <nd ref="4871784489"/>
  <nd ref="4871784490"/>
  <nd ref="4871784491"/>
  <nd ref="4871784492"/>
  <nd ref="1962804814"/>
  <tag k="highway" v="service"/>
  <tag k="service" v="parking_aisle"/>
 </way>
 <way id="495432058" visible="true" version="2" changeset="129259088" timestamp="2022-11-23T01:00:13Z" user="user_17703046" uid="17703046">
  <nd ref="4871784493"/>
  <nd ref="4871784494"/>
  <nd ref="10210861679"/>
  <nd ref="4871784495"/>
  <nd ref="4871784496"/>
  <tag k="highway" v="service"/>
  <tag k="service" v="parking_aisle"/>
 </way>
 <way id="495432060" visible="true" version="2" changeset="129259088" timestamp="2022-11-23T01:00:13Z" user="user_17703046" uid="17703046">
  <nd ref="4871784501"/>
  <nd ref="4871784502"/>
  <tag k="highway" v="service"/>
  <tag k="service" v="parking_aisle"/>
 </way>
 <way id="495432061" visible="true" version="2" changeset="129259088" timestamp="2022-11-23T01:00:13Z" user="user_17703046" uid="17703046">
  <nd ref="4871784503"/>
  <nd ref="10210861682"/>
  <tag k="highway" v="service"/>
  <tag k="service" v="parking_aisle"/>
 </way>
 <way id="495432062" visible="true" version="3" changeset="129259088" timestamp="2022-11-23T01:00:13Z" user="user_17703046" uid="17703046">
  <nd ref="4871784505"/>
  <nd ref="4871784506"/>
  <nd ref="4871784507"/>
  <nd ref="4871784508"/>
  <nd ref="4871784509"/>
  <nd ref="4871784510"/>
  <nd ref="4871784511"/>
  <nd ref="7501678926"/>
  <nd ref="4871784512"/>
  <nd ref="4871784513"/>
  <nd ref="4871784515"/>
  <nd ref="4871784516"/>
  <nd ref="4871784517"/>
  <nd ref="7501678925"/>
  <nd ref="4871784519"/>
  <tag k="highway" v="service"/>
  <tag k="service" v="parking_aisle"/>
 </way>
 <way id="510509703" visible="true" version="2" changeset="129259088" timestamp="2022-11-23T01:00:13Z" user="user_17703046" uid="17703046">
  <nd ref="4995080690"/>
  <nd ref="4995080691"/>
  <nd ref="4995080692"/>
  <tag k="highway" v="service"/>
  <tag k="service" v="parking_aisle"/>
 </way>
 <way id="510509704" visible="true" version="5" changeset="188532339" timestamp="2026-09-04T15:46:52Z" user="tlsdkxm" uid="5194197">
  <nd ref="4995080691"/>
  <nd ref="1839353615"/>
  <nd ref="1839353516"/>
  <nd ref="1839353684"/>
  <nd ref="1839353613"/>
  <nd ref="4871784485"/>
  <nd ref="1962823641"/>
  <nd ref="1839353603"/>
  <nd ref="1839353544"/>
  <nd ref="1839353630"/>
  <nd ref="1839353686"/>
  <tag k="highway" v="service"/>
  <tag k="maxspeed" v="20"/>
  <tag k="oneway" v="yes"/>
 </way>
 <way id="510509705" visible="true" version="5" changeset="163052403" timestamp="2025-02-28T13:21:48Z" user="tlsdkxm" uid="5194197">
  <nd ref="4995080692"/>
  <nd ref="1839353614"/>
  <nd ref="1839353556"/>
  <nd ref="1839353674"/>
  <nd ref="1839353538"/>
  <tag k="highway" v="service"/>
  <tag k="maxspeed" v="20"/>
  <tag k="oneway" v="yes"/>
 </way>
 <way id="730660499" visible="true" version="5" changeset="189610625" timestamp="2026-09-27T01:50:06Z" user="Arthur Piereck" uid="21922280">
  <nd ref="6843871757"/>
  <nd ref="6843871758"/>
  <nd ref="6843871759"/>
  <nd ref="12716195574"/>
  <nd ref="12716195582"/>
  <nd ref="6843871760"/>
  <tag k="highway" v="residential"/>
  <tag k="lanes" v="2"/>
  <tag k="name" v="성월1길"/>
  <tag k="name:en" v="Seongwol 1-gil"/>
  <tag k="name:ko" v="성월1길"/>
  <tag k="surface" v="asphalt"/>
 </way>
 <way id="730660500" visible="true" version="2" changeset="84943965" timestamp="2020-05-09T16:18:11Z" user="KLADESS" uid="632805">
  <nd ref="1962804867"/>
  <nd ref="1962805123"/>
  <nd ref="1962804806"/>
  <nd ref="1962804881"/>
  <nd ref="1962804867"/>
  <tag k="leisure" v="pitch"/>
  <tag k="sport" v="soccer"/>
  <tag k="surface" v="artificial_turf"/>
 </way>
 <way id="730660501" visible="true" version="2" changeset="129259088" timestamp="2022-11-23T01:00:13Z" user="user_17703046" uid="17703046">
  <nd ref="10210861682"/>
  <nd ref="6843871768"/>
  <tag k="bridge" v="yes"/>
  <tag k="highway" v="service"/>
  <tag k="layer" v="1"/>
  <tag k="service" v="parking_aisle"/>
 </way>
 <way id="768046007" visible="true" version="2" changeset="163052403" timestamp="2025-02-28T13:21:48Z" user="tlsdkxm" uid="5194197">
  <nd ref="7171139197"/>
  <nd ref="7171139198"/>
  <nd ref="7171139199"/>
  <nd ref="7171139200"/>
  <nd ref="7171139201"/>
  <nd ref="7171139202"/>
  <nd ref="7171139203"/>
  <nd ref="7171139204"/>
  <nd ref="7171139212"/>
  <nd ref="7171139205"/>
  <tag k="highway" v="service"/>
  <tag k="oneway" v="yes"/>
 </way>
 <way id="768046008" visible="true" version="2" changeset="163052403" timestamp="2025-02-28T13:21:48Z" user="tlsdkxm" uid="5194197">
  <nd ref="7171139205"/>
  <nd ref="7171139206"/>
  <nd ref="7171139211"/>
  <nd ref="7171139207"/>
  <nd ref="7171139210"/>
  <nd ref="7171139208"/>
  <nd ref="7171139209"/>
  <nd ref="7171139213"/>
  <nd ref="7171139214"/>
  <nd ref="7171139215"/>
  <nd ref="7171139216"/>
  <nd ref="7171139217"/>
  <nd ref="7171139218"/>
  <tag k="highway" v="service"/>
  <tag k="oneway" v="yes"/>
 </way>
 <way id="768046009" visible="true" version="5" changeset="163052403" timestamp="2025-02-28T13:21:48Z" user="tlsdkxm" uid="5194197">
  <nd ref="7171139205"/>
  <nd ref="7171139219"/>
  <nd ref="4871784497"/>
  <nd ref="1962804814"/>
  <tag k="highway" v="service"/>
 </way>
 <way id="768046014" visible="true" version="1" changeset="80293442" timestamp="2020-01-30T06:40:25Z" user="user_5292863" uid="5292863">
  <nd ref="7171139262"/>
  <nd ref="7171139263"/>
  <nd ref="7171139264"/>
  <nd ref="7171139265"/>
  <nd ref="7171139266"/>
  <tag k="highway" v="residential"/>
 </way>
 <way id="768046015" visible="true" version="1" changeset="80293442" timestamp="2020-01-30T06:40:25Z" user="user_5292863" uid="5292863">
  <nd ref="7171139266"/>
  <nd ref="7171139267"/>
  <nd ref="7171139268"/>
  <nd ref="7171139269"/>
  <nd ref="7171139270"/>
  <nd ref="7171139271"/>
  <nd ref="7171139272"/>
  <nd ref="7171139273"/>
  <tag k="highway" v="service"/>
  <tag k="surface" v="concrete"/>
 </way>
 <way id="801976188" visible="true" version="1" changeset="84943965" timestamp="2020-05-09T16:18:11Z" user="KLADESS" uid="632805">
  <nd ref="7501445622"/>
  <nd ref="7501445621"/>
  <nd ref="7501445620"/>
  <nd ref="7501445619"/>
  <nd ref="7501445622"/>
  <tag k="leisure" v="pitch"/>
  <tag k="sport" v="basketball"/>
  <tag k="surface" v="concrete"/>
 </way>
 <way id="802001889" visible="true" version="1" changeset="84947469" timestamp="2020-05-09T18:22:56Z" user="KLADESS" uid="632805">
  <nd ref="1962804832"/>
  <nd ref="1962805031"/>
  <nd ref="1962805010"/>
  <nd ref="1962804919"/>
  <nd ref="1962804812"/>
  <nd ref="1962804761"/>
  <nd ref="1962804916"/>
  <nd ref="1962805001"/>
  <nd ref="1962804832"/>
  <tag k="building:levels" v="5"/>
  <tag k="building:part" v="yes"/>
 </way>
 <way id="802001890" visible="true" version="2" changeset="84949285" timestamp="2020-05-09T19:37:49Z" user="KLADESS" uid="632805">
  <nd ref="1962804860"/>
  <nd ref="1962804743"/>
  <nd ref="1962871385"/>
  <nd ref="1962804856"/>
  <nd ref="1962871392"/>
  <nd ref="1962804749"/>
  <nd ref="1962805020"/>
  <nd ref="7501809930"/>
  <nd ref="7501809933"/>
  <nd ref="7501809931"/>
  <nd ref="1962871399"/>
  <nd ref="7501809929"/>
  <nd ref="1962804956"/>
  <nd ref="1962804858"/>
  <nd ref="1962804922"/>
  <nd ref="1962805135"/>
  <nd ref="7501809932"/>
  <nd ref="1962871382"/>
  <nd ref="1962804860"/>
  <tag k="building:levels" v="3"/>
  <tag k="building:part" v="yes"/>
 </way>
 <way id="802001891" visible="true" version="1" changeset="84947469" timestamp="2020-05-09T18:22:56Z" user="KLADESS" uid="632805">
  <nd ref="1962804860"/>
  <nd ref="1962805001"/>
  <nd ref="1962804916"/>
  <nd ref="1962804743"/>
  <nd ref="1962804860"/>
  <tag k="building:levels" v="1"/>
  <tag k="building:part" v="yes"/>
 </way>
 <way id="802001892" visible="true" version="2" changeset="129259088" timestamp="2022-11-23T01:00:13Z" user="user_17703046" uid="17703046">
  <nd ref="4871784494"/>
  <nd ref="4871784497"/>
  <tag k="highway" v="service"/>
  <tag k="service" v="parking_aisle"/>
 </way>
 <way id="802001893" visible="true" version="4" changeset="163052403" timestamp="2025-02-28T13:21:48Z" user="tlsdkxm" uid="5194197">
  <nd ref="1839353577"/>
  <nd ref="1839353689"/>
  <nd ref="1962805038"/>
  <nd ref="1962805141"/>
  <tag k="highway" v="service"/>
 </way>
 <way id="802001894" visible="true" version="2" changeset="129259088" timestamp="2022-11-23T01:00:13Z" user="user_17703046" uid="17703046">
  <nd ref="1839353687"/>
  <nd ref="1839353689"/>
  <tag k="highway" v="service"/>
  <tag k="service" v="parking_aisle"/>
 </way>
 <way id="802011237" visible="true" version="1" changeset="84948903" timestamp="2020-05-09T19:19:27Z" user="KLADESS" uid="632805">
  <nd ref="7501788503"/>
  <nd ref="7501788502"/>
  <nd ref="7501788501"/>
  <nd ref="7501788500"/>
  <nd ref="7501788499"/>
  <nd ref="7501788498"/>
  <nd ref="7501788497"/>
  <nd ref="7501788496"/>
  <nd ref="7501788495"/>
  <nd ref="7501788494"/>
  <nd ref="7501788503"/>
  <tag k="leisure" v="track"/>
  <tag k="sport" v="running"/>
 </way>
 <way id="802011238" visible="true" version="1" changeset="84948903" timestamp="2020-05-09T19:19:27Z" user="KLADESS" uid="632805">
  <nd ref="7501445638"/>
  <nd ref="7501788505"/>
  <nd ref="7501788504"/>
  <nd ref="7501445642"/>
  <nd ref="7501445644"/>
  <nd ref="7501445647"/>
  <nd ref="4868648229"/>
  <nd ref="7501445668"/>
  <nd ref="7501445667"/>
  <nd ref="7501445663"/>
  <nd ref="7501445664"/>
  <nd ref="7501788510"/>
  <nd ref="7501788509"/>
  <nd ref="7501445666"/>
  <nd ref="4893749557"/>
  <nd ref="7501445662"/>
  <nd ref="7501445661"/>
  <nd ref="7501445660"/>
  <nd ref="7501445637"/>
  <nd ref="7501445638"/>
  <tag k="building:levels" v="5"/>
  <tag k="building:part" v="school"/>
  <tag k="name" v="공학2관"/>
 </way>
 <way id="802011239" visible="true" version="1" changeset="84948903" timestamp="2020-05-09T19:19:27Z" user="KLADESS" uid="632805">
  <nd ref="7501445639"/>
  <nd ref="7501788507"/>
  <nd ref="7501788506"/>
  <nd ref="7501445648"/>
  <nd ref="7501445649"/>
  <nd ref="7501445659"/>
  <nd ref="7501445650"/>
  <nd ref="7501445651"/>
  <nd ref="4868648231"/>
  <nd ref="7501788512"/>
  <nd ref="7501788511"/>
  <nd ref="7501445654"/>
  <nd ref="7501445655"/>
  <nd ref="7501445656"/>
  <nd ref="7501445657"/>
  <nd ref="4868648230"/>
  <nd ref="7501445646"/>
  <nd ref="7501445645"/>
  <nd ref="7501445639"/>
  <tag k="building:levels" v="5"/>
  <tag k="building:part" v="school"/>
  <tag k="name" v="공학1관"/>
 </way>
 <way id="802011240" visible="true" version="1" changeset="84948903" timestamp="2020-05-09T19:19:27Z" user="KLADESS" uid="632805">
  <nd ref="7501445665"/>
  <nd ref="7501445664"/>
  <nd ref="7501788510"/>
  <nd ref="7501788509"/>
  <nd ref="7501788508"/>
  <nd ref="7501445665"/>
  <tag k="building:levels" v="5"/>
  <tag k="building:part" v="school"/>
 </way>
 <way id="802011241" visible="true" version="1" changeset="84948903" timestamp="2020-05-09T19:19:27Z" user="KLADESS" uid="632805">
  <nd ref="7501445653"/>
  <nd ref="7501788512"/>
  <nd ref="7501788511"/>
  <nd ref="7501445654"/>
  <nd ref="7501445652"/>
  <nd ref="7501445653"/>
  <tag k="building:levels" v="5"/>
  <tag k="building:part" v="school"/>
 </way>
 <way id="802011242" visible="true" version="1" changeset="84948903" timestamp="2020-05-09T19:19:27Z" user="KLADESS" uid="632805">
  <nd ref="7501788516"/>
  <nd ref="7501788515"/>
  <nd ref="7501788514"/>
  <nd ref="7501788513"/>
  <nd ref="7501788516"/>
  <tag k="height" v="20"/>
  <tag k="roof:height" v="5"/>
  <tag k="roof:shape" v="gabled"/>
 </way>
 <way id="925566539" visible="true" version="3" changeset="189631219" timestamp="2026-09-27T13:46:34Z" user="Arthur Piereck" uid="21922280">
  <nd ref="8589642956"/>
  <nd ref="8589642957"/>
  <nd ref="8589642958"/>
  <nd ref="8589642959"/>
  <nd ref="8589642960"/>
  <nd ref="8589642961"/>
  <nd ref="8589642962"/>
  <nd ref="8589642963"/>
  <nd ref="8589642964"/>
  <nd ref="8589642965"/>
  <nd ref="8589642966"/>
  <nd ref="8589642967"/>
  <nd ref="8589642968"/>
  <nd ref="8589642969"/>
  <nd ref="8589642970"/>
  <nd ref="8589642971"/>
  <nd ref="8589642972"/>
  <nd ref="8589642973"/>
  <nd ref="8589642974"/>
  <nd ref="8589642975"/>
  <nd ref="8589642976"/>
  <nd ref="8589642977"/>
  <nd ref="8589642978"/>
  <nd ref="8589642979"/>
  <nd ref="8589642980"/>
  <nd ref="8589642981"/>
  <nd ref="8589642982"/>
  <nd ref="8589642983"/>
  <nd ref="8589642984"/>
  <nd ref="8589642985"/>
  <nd ref="8589642986"/>
  <nd ref="8589642987"/>
  <nd ref="8589642988"/>
  <nd ref="8589642989"/>
  <nd ref="8589642990"/>
  <nd ref="8589642991"/>
  <nd ref="8589642992"/>
  <nd ref="8589642993"/>
  <nd ref="8589642994"/>
  <nd ref="8589642995"/>
  <nd ref="8589642996"/>
  <nd ref="8589642997"/>
  <nd ref="8589642998"/>
  <nd ref="8589642999"/>
  <nd ref="8589643000"/>
  <nd ref="8589643001"/>
  <nd ref="8589643002"/>
  <nd ref="8589643003"/>
  <nd ref="8589643004"/>
  <nd ref="8589643005"/>
  <nd ref="8589643006"/>
  <nd ref="8589643007"/>
  <nd ref="8589643008"/>
  <nd ref="8589643009"/>
  <nd ref="8589643010"/>
  <nd ref="8589643011"/>
  <nd ref="8589643012"/>
  <nd ref="8589643013"/>
  <nd ref="8589643014"/>
  <nd ref="8589643015"/>
  <nd ref="8589643016"/>
  <nd ref="8589753817"/>
  <nd ref="8589753818"/>
  <nd ref="8589753819"/>
  <nd ref="8589753820"/>
  <nd ref="8589753821"/>
  <nd ref="8589753822"/>
  <nd ref="8589753823"/>
  <nd ref="8589753824"/>
  <nd ref="8589753825"/>
  <nd ref="8589753826"/>
  <nd ref="8589753827"/>
  <nd ref="8589753828"/>
  <nd ref="8589753829"/>
  <nd ref="8589753830"/>
  <nd ref="8589753831"/>
  <nd ref="8589753832"/>
  <nd ref="8589753833"/>
  <nd ref="8589753834"/>
  <nd ref="8589753835"/>
  <nd ref="11964167916"/>
  <nd ref="8589753836"/>
  <nd ref="8589753837"/>
  <nd ref="8589753838"/>
  <nd ref="8589753839"/>
  <nd ref="8589753840"/>
  <nd ref="8589753841"/>
  <nd ref="8589753842"/>
  <nd ref="8589753843"/>
  <nd ref="8589753844"/>
  <nd ref="8589753845"/>
  <nd ref="8589753846"/>
  <nd ref="8589753847"/>
  <nd ref="8589753848"/>
  <nd ref="8589753849"/>
  <nd ref="8589753850"/>
  <nd ref="8589753851"/>
  <nd ref="8589753852"/>
  <nd ref="8589753853"/>
  <nd ref="8589753854"/>
  <nd ref="8589753855"/>
  <nd ref="8589753856"/>
  <nd ref="8589753857"/>
  <nd ref="8589753858"/>
  <nd ref="8589753859"/>
  <nd ref="8589753860"/>
  <nd ref="8589753861"/>
  <nd ref="8589753862"/>
  <nd ref="8589753863"/>
  <nd ref="8589753864"/>
  <nd ref="8589753865"/>
  <nd ref="8589753866"/>
  <nd ref="8589753867"/>
  <nd ref="8589753868"/>
  <nd ref="8589753869"/>
  <nd ref="8589753870"/>
  <nd ref="14222380045"/>
  <nd ref="8589753871"/>
  <nd ref="8589753872"/>
  <nd ref="8589753873"/>
  <nd ref="8589753874"/>
  <nd ref="8589753875"/>
  <nd ref="8589753876"/>
  <nd ref="8589753877"/>
  <nd ref="8589753878"/>
  <nd ref="8589753879"/>
  <nd ref="8589753880"/>
  <nd ref="8589753881"/>
  <nd ref="8589753882"/>
  <nd ref="14222379902"/>
  <nd ref="8589753883"/>
  <nd ref="8589753884"/>
  <nd ref="8589753885"/>
  <nd ref="8589753886"/>
  <nd ref="8589753887"/>
  <nd ref="8589753888"/>
  <nd ref="8589753889"/>
  <nd ref="8589753890"/>
  <nd ref="8589753891"/>
  <nd ref="8589753892"/>
  <nd ref="8589753893"/>
  <nd ref="8589753894"/>
  <nd ref="8589753895"/>
  <nd ref="8589753896"/>
  <nd ref="8589753897"/>
  <nd ref="8589753898"/>
  <nd ref="8589753899"/>
  <nd ref="8589753900"/>
  <nd ref="8589753901"/>
  <nd ref="8589753902"/>
  <nd ref="8589753903"/>
  <nd ref="8589753904"/>
  <nd ref="8589753905"/>
  <nd ref="8589753906"/>
  <nd ref="8589753907"/>
  <nd ref="8589753908"/>
  <nd ref="8589753909"/>
  <nd ref="8589753910"/>
  <nd ref="8589753911"/>
  <nd ref="8589753912"/>
  <nd ref="14222379926"/>
  <nd ref="8589753913"/>
  <nd ref="8589753914"/>
  <nd ref="8589753915"/>
  <nd ref="8589753916"/>
  <nd ref="8589753917"/>
  <nd ref="8589753918"/>
  <nd ref="8589753919"/>
  <nd ref="8589753920"/>
  <nd ref="8589753921"/>
  <nd ref="8589753922"/>
  <nd ref="8589753923"/>
  <nd ref="8589753924"/>
  <nd ref="8589753925"/>
  <nd ref="8589753926"/>
  <nd ref="8589753927"/>
  <nd ref="8589753928"/>
  <nd ref="8589753929"/>
  <nd ref="8589753930"/>
  <nd ref="8589753931"/>
  <nd ref="8589642956"/>
  <tag k="natural" v="wood"/>
 </way>
 <way id="1126047990" visible="true" version="1" changeset="130723272" timestamp="2022-12-31T14:33:28Z" user="OpenStreetMap-KR" uid="9176801">
  <nd ref="10296888244"/>
  <nd ref="10296888245"/>
  <nd ref="10296888246"/>
  <nd ref="10296888247"/>
  <nd ref="10296888229"/>
  <nd ref="10296888230"/>
  <nd ref="10296888231"/>
  <nd ref="10296888232"/>
  <nd ref="10296888233"/>
  <nd ref="10296888240"/>
  <nd ref="10296888241"/>
  <nd ref="10296888242"/>
  <nd ref="10296888243"/>
  <nd ref="10296888234"/>
  <nd ref="10296888235"/>
  <nd ref="10296888236"/>
  <nd ref="10296888237"/>
  <nd ref="10296888238"/>
  <nd ref="10296888239"/>
  <nd ref="10296888244"/>
 </way>
 <way id="1126047991" visible="true" version="1" changeset="130723272" timestamp="2022-12-31T14:33:28Z" user="OpenStreetMap-KR" uid="9176801">
  <nd ref="10296888263"/>
  <nd ref="10296888264"/>
  <nd ref="10296888265"/>
  <nd ref="10296888266"/>
  <nd ref="10296888248"/>
  <nd ref="10296888249"/>
  <nd ref="10296888250"/>
  <nd ref="10296888251"/>
  <nd ref="10296888252"/>
  <nd ref="10296888259"/>
  <nd ref="10296888260"/>
  <nd ref="10296888261"/>
  <nd ref="10296888262"/>
  <nd ref="10296888253"/>
  <nd ref="10296888254"/>
  <nd ref="10296888255"/>
  <nd ref="10296888256"/>
  <nd ref="10296888257"/>
  <nd ref="10296888258"/>
  <nd ref="10296888263"/>
  <tag k="leisure" v="garden"/>
 </way>
 <way id="1126047992" visible="true" version="1" changeset="130723272" timestamp="2022-12-31T14:33:28Z" user="OpenStreetMap-KR" uid="9176801">
  <nd ref="10296888240"/>
  <nd ref="10296888267"/>
  <nd ref="10296888268"/>
  <nd ref="10296888269"/>
  <nd ref="10296888270"/>
  <nd ref="10296888271"/>
  <nd ref="10296888272"/>
  <nd ref="10296888273"/>
  <nd ref="10296888235"/>
  <nd ref="10296888234"/>
  <nd ref="10296888243"/>
  <nd ref="10296888242"/>
  <nd ref="10296888241"/>
  <nd ref="10296888240"/>
  <tag k="amenity" v="parking"/>
 </way>
 <way id="1126047993" visible="true" version="1" changeset="130723272" timestamp="2022-12-31T14:33:28Z" user="OpenStreetMap-KR" uid="9176801">
  <nd ref="10296888235"/>
  <nd ref="10296888273"/>
  <nd ref="10296888274"/>
  <nd ref="10296888275"/>
  <nd ref="10296888276"/>
  <nd ref="10296888277"/>
  <nd ref="10296888278"/>
  <nd ref="10296888279"/>
  <nd ref="10296888280"/>
  <nd ref="10296888281"/>
  <nd ref="10296888282"/>
  <nd ref="10296888283"/>
  <nd ref="10296888284"/>
  <nd ref="10296888285"/>
  <nd ref="10296888286"/>
  <nd ref="10296888287"/>
  <nd ref="10296888288"/>
  <nd ref="10296888289"/>
  <nd ref="10296888267"/>
  <nd ref="10296888240"/>
  <nd ref="10296888233"/>
  <nd ref="10296888232"/>
  <nd ref="10296888231"/>
  <nd ref="10296888230"/>
  <nd ref="10296888229"/>
  <nd ref="10296888247"/>
  <nd ref="10296888246"/>
  <nd ref="10296888245"/>
  <nd ref="10296888244"/>
  <nd ref="10296888239"/>
  <nd ref="10296888238"/>
  <nd ref="10296888237"/>
  <nd ref="10296888236"/>
  <nd ref="10296888235"/>
  <tag k="leisure" v="garden"/>
 </way>
 <way id="1126047994" visible="true" version="1" changeset="130723272" timestamp="2022-12-31T14:33:28Z" user="OpenStreetMap-KR" uid="9176801">
  <nd ref="10296888290"/>
  <nd ref="10296888291"/>
  <nd ref="10296888292"/>
  <nd ref="10296888293"/>
  <nd ref="10296888290"/>
  <tag k="building" v="apartments"/>
 </way>
 <way id="1126047995" visible="true" version="1" changeset="130723272" timestamp="2022-12-31T14:33:28Z" user="OpenStreetMap-KR" uid="9176801">
  <nd ref="10296888294"/>
  <nd ref="10296888295"/>
  <nd ref="10296888296"/>
  <nd ref="10296888297"/>
  <nd ref="10296888294"/>
  <tag k="building" v="apartments"/>
 </way>
 <way id="1126047996" visible="true" version="1" changeset="130723272" timestamp="2022-12-31T14:33:28Z" user="OpenStreetMap-KR" uid="9176801">
  <nd ref="10296888298"/>
  <nd ref="10296888301"/>
  <nd ref="10296888299"/>
  <nd ref="10296888300"/>
  <tag k="highway" v="service"/>
  <tag k="service" v="parking_aisle"/>
 </way>
 <way id="1126047997" visible="true" version="1" changeset="130723272" timestamp="2022-12-31T14:33:28Z" user="OpenStreetMap-KR" uid="9176801">
  <nd ref="10296888301"/>
  <nd ref="10296888302"/>
  <tag k="highway" v="service"/>
  <tag k="service" v="parking_aisle"/>
 </way>
 <way id="1126047998" visible="true" version="1" changeset="130723272" timestamp="2022-12-31T14:33:28Z" user="OpenStreetMap-KR" uid="9176801">
  <nd ref="10296888303"/>
  <nd ref="10296888304"/>
  <nd ref="1839450360"/>
  <nd ref="1839450393"/>
  <nd ref="10296888305"/>
  <nd ref="1962898023"/>
  <nd ref="1962898021"/>
  <nd ref="1962898019"/>
  <nd ref="10296888306"/>
  <nd ref="10296888307"/>
  <nd ref="10296888308"/>
  <nd ref="10296888303"/>
  <tag k="landuse" v="residential"/>
  <tag k="residential" v="apartments"/>
 </way>
 <way id="1176662975" visible="true" version="2" changeset="136637731" timestamp="2023-05-27T20:46:07Z" user="남서울대학교" uid="19406292">
  <nd ref="1357665238"/>
  <nd ref="10932174771"/>
  <nd ref="10932174772"/>
  <nd ref="10932174773"/>
  <nd ref="10932174774"/>
  <nd ref="10932174775"/>
  <nd ref="10932174776"/>
  <nd ref="10932174777"/>
  <nd ref="10932174778"/>
  <nd ref="10932174779"/>
  <nd ref="10932174780"/>
  <nd ref="10932174781"/>
  <nd ref="10932174783"/>
  <nd ref="10932174782"/>
  <nd ref="10932174784"/>
  <nd ref="10932174785"/>
  <nd ref="10932174786"/>
  <nd ref="10932174787"/>
  <nd ref="10932174788"/>
  <nd ref="10932174789"/>
  <nd ref="1357665350"/>
  <nd ref="10932174790"/>
  <nd ref="10932174791"/>
  <nd ref="10932174792"/>
  <nd ref="10932174793"/>
  <nd ref="10932174794"/>
  <nd ref="10932174795"/>
  <nd ref="1357665366"/>
  <nd ref="1357665221"/>
  <nd ref="10932174799"/>
  <nd ref="10932174800"/>
  <nd ref="10932199370"/>
  <nd ref="10932174798"/>
  <nd ref="1839450347"/>
  <nd ref="10932174796"/>
  <nd ref="1962898002"/>
  <nd ref="1839450289"/>
  <nd ref="1962898007"/>
  <nd ref="1962898023"/>
  <nd ref="1962898021"/>
  <nd ref="1962898019"/>
  <nd ref="10296888306"/>
  <nd ref="1962898016"/>
  <nd ref="1357665332"/>
  <nd ref="1357665368"/>
  <nd ref="1357665234"/>
  <nd ref="1357665257"/>
  <nd ref="1357665251"/>
  <nd ref="1357665352"/>
  <nd ref="10210861681"/>
  <nd ref="10210861683"/>
  <nd ref="4871784504"/>
 </way>
 <way id="1176666197" visible="true" version="1" changeset="136637365" timestamp="2023-05-27T20:30:23Z" user="남서울대학교" uid="19406292">
  <nd ref="10932169722"/>
  <nd ref="10932169723"/>
  <nd ref="10932169724"/>
  <nd ref="10932169725"/>
  <nd ref="10932169722"/>
  <tag k="building" v="school"/>
  <tag k="name" v="드론교육장"/>
 </way>
 <way id="1186489474" visible="true" version="1" changeset="138021658" timestamp="2023-07-02T12:28:27Z" user="leeq1no1" uid="17578981">
  <nd ref="11019901216"/>
  <nd ref="11019901217"/>
  <nd ref="11019901218"/>
  <nd ref="11019901219"/>
  <nd ref="11019901216"/>
  <tag k="leisure" v="pitch"/>
  <tag k="sport" v="basketball"/>
  <tag k="surface" v="concrete"/>
 </way>
 <way id="1186489475" visible="true" version="1" changeset="138021658" timestamp="2023-07-02T12:28:27Z" user="leeq1no1" uid="17578981">
  <nd ref="11019901220"/>
  <nd ref="11019901221"/>
  <nd ref="11019901222"/>
  <nd ref="11019901223"/>
  <nd ref="11019901220"/>
  <tag k="leisure" v="pitch"/>
  <tag k="sport" v="futsal"/>
 </way>
 <way id="1186489476" visible="true" version="1" changeset="138021658" timestamp="2023-07-02T12:28:27Z" user="leeq1no1" uid="17578981">
  <nd ref="11019901224"/>
  <nd ref="11019901225"/>
  <nd ref="11019901226"/>
  <nd ref="11019901227"/>
  <nd ref="11019901224"/>
  <tag k="leisure" v="pitch"/>
  <tag k="sport" v="tennis"/>
 </way>
 <way id="1186489477" visible="true" version="1" changeset="138021658" timestamp="2023-07-02T12:28:27Z" user="leeq1no1" uid="17578981">
  <nd ref="4871784492"/>
  <nd ref="11019901228"/>
  <tag k="highway" v="service"/>
  <tag k="service" v="parking_aisle"/>
 </way>
 <way id="1186489478" visible="true" version="1" changeset="138021658" timestamp="2023-07-02T12:28:27Z" user="leeq1no1" uid="17578981">
  <nd ref="11019901228"/>
  <nd ref="11019901229"/>
  <nd ref="11019901230"/>
  <nd ref="11019901231"/>
  <nd ref="11019901232"/>
  <nd ref="11019901233"/>
  <nd ref="11019901228"/>
  <tag k="highway" v="service"/>
  <tag k="oneway" v="yes"/>
  <tag k="service" v="parking_aisle"/>
 </way>
 <way id="1186489479" visible="true" version="2" changeset="164892965" timestamp="2025-04-13T12:43:26Z" user="LuxuryCoop" uid="7245212">
  <nd ref="11019901234"/>
  <nd ref="11019901235"/>
  <nd ref="11019901236"/>
  <nd ref="11019901237"/>
  <nd ref="11019901234"/>
  <tag k="access" v="customers"/>
  <tag k="amenity" v="parking"/>
  <tag k="fee" v="no"/>
  <tag k="operator" v="남서울대학교"/>
  <tag k="parking" v="surface"/>
 </way>
 <way id="1186489480" visible="true" version="1" changeset="138021658" timestamp="2023-07-02T12:28:27Z" user="leeq1no1" uid="17578981">
  <nd ref="4995080690"/>
  <nd ref="11019901238"/>
  <tag k="highway" v="service"/>
  <tag k="service" v="parking_aisle"/>
 </way>
 <way id="1186489481" visible="true" version="2" changeset="148380066" timestamp="2024-03-08T11:38:34Z" user="tlsdkxm" uid="5194197">
  <nd ref="11019901240"/>
  <nd ref="11019901250"/>
  <nd ref="11019901239"/>
  <nd ref="4871784486"/>
  <tag k="highway" v="service"/>
  <tag k="service" v="parking_aisle"/>
 </way>
 <way id="1186489482" visible="true" version="2" changeset="148380066" timestamp="2024-03-08T11:38:34Z" user="tlsdkxm" uid="5194197">
  <nd ref="11019901240"/>
  <nd ref="11019901241"/>
  <nd ref="11019901242"/>
  <nd ref="11019901249"/>
  <nd ref="11019901248"/>
  <nd ref="11019901243"/>
  <nd ref="11019901247"/>
  <nd ref="11019901244"/>
  <tag k="highway" v="service"/>
  <tag k="service" v="parking_aisle"/>
 </way>
 <way id="1186489483" visible="true" version="1" changeset="138021658" timestamp="2023-07-02T12:28:27Z" user="leeq1no1" uid="17578981">
  <nd ref="11019901243"/>
  <nd ref="11019901245"/>
  <nd ref="11019901246"/>
  <nd ref="11019901247"/>
  <tag k="highway" v="service"/>
  <tag k="service" v="parking_aisle"/>
 </way>
 <way id="1186489484" visible="true" version="1" changeset="138021658" timestamp="2023-07-02T12:28:27Z" user="leeq1no1" uid="17578981">
  <nd ref="11019901248"/>
  <nd ref="11019901239"/>
  <tag k="highway" v="service"/>
  <tag k="service" v="parking_aisle"/>
 </way>
 <way id="1186489485" visible="true" version="1" changeset="138021658" timestamp="2023-07-02T12:28:27Z" user="leeq1no1" uid="17578981">
  <nd ref="11019901249"/>
  <nd ref="11019901250"/>
  <tag k="highway" v="service"/>
  <tag k="service" v="parking_aisle"/>
 </way>
 <way id="1186489486" visible="true" version="1" changeset="138021658" timestamp="2023-07-02T12:28:27Z" user="leeq1no1" uid="17578981">
  <nd ref="11019901242"/>
  <nd ref="11019901251"/>
  <tag k="highway" v="service"/>
  <tag k="service" v="parking_aisle"/>
 </way>
 <way id="1186489487" visible="true" version="1" changeset="138021658" timestamp="2023-07-02T12:28:27Z" user="leeq1no1" uid="17578981">
  <nd ref="11019901249"/>
  <nd ref="11019901256"/>
  <nd ref="11019901252"/>
  <nd ref="11019901253"/>
  <nd ref="11019901257"/>
  <nd ref="11019901248"/>
  <tag k="highway" v="service"/>
  <tag k="service" v="parking_aisle"/>
 </way>
 <way id="1186489488" visible="true" version="1" changeset="138021658" timestamp="2023-07-02T12:28:27Z" user="leeq1no1" uid="17578981">
  <nd ref="11019901253"/>
  <nd ref="11019901254"/>
  <nd ref="11019901255"/>
  <nd ref="11019901258"/>
  <nd ref="11019901243"/>
  <tag k="highway" v="service"/>
  <tag k="service" v="parking_aisle"/>
 </way>
 <way id="1186489489" visible="true" version="1" changeset="138021658" timestamp="2023-07-02T12:28:27Z" user="leeq1no1" uid="17578981">
  <nd ref="11019901256"/>
  <nd ref="11019901257"/>
  <nd ref="11019901258"/>
  <nd ref="11019901259"/>
  <nd ref="11019901260"/>
  <nd ref="11019901245"/>
  <tag k="highway" v="service"/>
  <tag k="service" v="parking_aisle"/>
 </way>
 <way id="1222166376" visible="true" version="1" changeset="143807268" timestamp="2023-11-09T06:12:43Z" user="morago" uid="11113946">
  <nd ref="11335233521"/>
  <nd ref="11335223538"/>
  <nd ref="11335223537"/>
  <nd ref="11335223536"/>
  <nd ref="11335223535"/>
  <nd ref="11335223541"/>
  <tag k="highway" v="path"/>
 </way>
 <way id="1222166387" visible="true" version="1" changeset="143807268" timestamp="2023-11-09T06:12:43Z" user="morago" uid="11113946">
  <nd ref="11335233489"/>
  <nd ref="11335233488"/>
  <nd ref="11335233487"/>
  <nd ref="11335233486"/>
  <nd ref="11335233485"/>
  <nd ref="11335233484"/>
  <nd ref="11335233483"/>
  <nd ref="11335233482"/>
  <nd ref="11335233481"/>
  <nd ref="11335233480"/>
  <nd ref="11335233479"/>
  <nd ref="11335233478"/>
  <nd ref="11335233477"/>
  <nd ref="11335233476"/>
  <nd ref="11335233475"/>
  <nd ref="11335233474"/>
  <nd ref="11335233473"/>
  <nd ref="11335233472"/>
  <nd ref="11335233471"/>
  <nd ref="11335233470"/>
  <nd ref="11335233469"/>
  <nd ref="11335233468"/>
  <nd ref="11335233467"/>
  <nd ref="11335233466"/>
  <nd ref="11335233465"/>
  <nd ref="11335233464"/>
  <nd ref="11335233463"/>
  <nd ref="11335233462"/>
  <nd ref="11335233461"/>
  <nd ref="11335233460"/>
  <nd ref="11335233459"/>
  <nd ref="11335233458"/>
  <nd ref="11335233457"/>
  <nd ref="11335233456"/>
  <nd ref="11335233455"/>
  <nd ref="11335233454"/>
  <nd ref="11335233453"/>
  <nd ref="11335233452"/>
  <nd ref="11335233451"/>
  <nd ref="11335233450"/>
  <nd ref="11335233449"/>
  <nd ref="11335233448"/>
  <nd ref="11335233447"/>
  <nd ref="11335233446"/>
  <nd ref="11335233445"/>
  <nd ref="11335233444"/>
  <nd ref="11335233443"/>
  <nd ref="11335233442"/>
  <nd ref="11335233441"/>
  <nd ref="11335233440"/>
  <nd ref="11335233439"/>
  <nd ref="11335233438"/>
  <nd ref="11335233437"/>
  <nd ref="11335233436"/>
  <nd ref="11335233435"/>
  <nd ref="11335233434"/>
  <nd ref="11335233433"/>
  <nd ref="11335233432"/>
  <nd ref="11335233431"/>
  <nd ref="11335233430"/>
  <nd ref="11335233429"/>
  <nd ref="11335233521"/>
  <tag k="highway" v="path"/>
 </way>
 <way id="1222166388" visible="true" version="1" changeset="143807268" timestamp="2023-11-09T06:12:43Z" user="morago" uid="11113946">
  <nd ref="11335233521"/>
  <nd ref="11335233520"/>
  <nd ref="11335233519"/>
  <nd ref="11335233518"/>
  <nd ref="11335233517"/>
  <nd ref="11335233516"/>
  <nd ref="11335233515"/>
  <nd ref="11335233514"/>
  <nd ref="11335233513"/>
  <nd ref="11335233512"/>
  <nd ref="11335233511"/>
  <nd ref="11335233510"/>
  <nd ref="11335233509"/>
  <nd ref="11335233508"/>
  <nd ref="11335233507"/>
  <nd ref="11335233506"/>
  <nd ref="11335233505"/>
  <nd ref="11335233504"/>
  <nd ref="11335233503"/>
  <nd ref="11335233502"/>
  <nd ref="11335233501"/>
  <nd ref="11335233500"/>
  <nd ref="11335233499"/>
  <nd ref="11335233498"/>
  <nd ref="11335233497"/>
  <nd ref="11335233496"/>
  <nd ref="11335233495"/>
  <nd ref="11335233494"/>
  <nd ref="11335233493"/>
  <nd ref="11335233492"/>
  <nd ref="11335233491"/>
  <nd ref="11335233490"/>
  <nd ref="11335233563"/>
  <tag k="highway" v="path"/>
 </way>
 <way id="1259013652" visible="true" version="2" changeset="164892965" timestamp="2025-04-13T12:43:26Z" user="LuxuryCoop" uid="7245212">
  <nd ref="1839353576"/>
  <nd ref="1839353526"/>
  <nd ref="1839353537"/>
  <nd ref="1839353562"/>
  <nd ref="1839353664"/>
  <nd ref="1839353511"/>
  <nd ref="1839353571"/>
  <nd ref="1839353512"/>
  <nd ref="1839353644"/>
  <nd ref="1839353611"/>
  <nd ref="1839353563"/>
  <nd ref="1839353573"/>
  <nd ref="1839353552"/>
  <nd ref="1839353576"/>
  <tag k="access" v="customers"/>
  <tag k="amenity" v="parking"/>
  <tag k="fee" v="no"/>
  <tag k="name" v="제1주차장"/>
  <tag k="name:ko" v="제1주차장"/>
  <tag k="operator" v="남서울대학교"/>
  <tag k="parking" v="surface"/>
 </way>
 <way id="1373347400" visible="true" version="2" changeset="164892965" timestamp="2025-04-13T12:43:26Z" user="LuxuryCoop" uid="7245212">
  <nd ref="12715842252"/>
  <nd ref="12715842253"/>
  <nd ref="12715842254"/>
  <nd ref="12715842255"/>
  <nd ref="12715842256"/>
  <nd ref="12715842257"/>
  <nd ref="12715842258"/>
  <nd ref="12715842259"/>
  <nd ref="12715842260"/>
  <nd ref="12715842261"/>
  <nd ref="12715842252"/>
  <tag k="building" v="university"/>
  <tag k="building:levels" v="1"/>
  <tag k="name" v="유리조형"/>
 </way>
 <way id="1373388252" visible="true" version="1" changeset="164331982" timestamp="2025-03-31T13:56:40Z" user="kss10232" uid="22693891">
  <nd ref="12716151886"/>
  <nd ref="12716151887"/>
  <nd ref="12716151888"/>
  <nd ref="12716151889"/>
  <nd ref="12716151886"/>
  <tag k="building" v="commercial"/>
 </way>
 <way id="1373388253" visible="true" version="2" changeset="164892965" timestamp="2025-04-13T12:43:26Z" user="LuxuryCoop" uid="7245212">
  <nd ref="12716151891"/>
  <nd ref="12716151892"/>
  <nd ref="12716151893"/>
  <nd ref="12716151894"/>
  <nd ref="12716151891"/>
  <tag k="building" v="retail"/>
 </way>
 <way id="1373388254" visible="true" version="2" changeset="164892965" timestamp="2025-04-13T12:43:26Z" user="LuxuryCoop" uid="7245212">
  <nd ref="12716151896"/>
  <nd ref="12716151897"/>
  <nd ref="12716151898"/>
  <nd ref="12716151899"/>
  <nd ref="12716151896"/>
  <tag k="building" v="retail"/>
 </way>
 <way id="1373388255" visible="true" version="1" changeset="164331982" timestamp="2025-03-31T13:56:40Z" user="kss10232" uid="22693891">
  <nd ref="12716195501"/>
  <nd ref="12716195502"/>
  <nd ref="12716195503"/>
  <nd ref="12716195504"/>
  <nd ref="12716195505"/>
  <nd ref="12716195506"/>
  <nd ref="12716195501"/>
  <tag k="building" v="commercial"/>
 </way>
 <way id="1373388256" visible="true" version="1" changeset="164331982" timestamp="2025-03-31T13:56:40Z" user="kss10232" uid="22693891">
  <nd ref="12716195508"/>
  <nd ref="12716195509"/>
  <nd ref="12716195510"/>
  <nd ref="12716195511"/>
  <nd ref="12716195512"/>
  <nd ref="12716195513"/>
  <nd ref="12716195508"/>
  <tag k="building" v="commercial"/>
 </way>
 <way id="1373388257" visible="true" version="1" changeset="164331982" timestamp="2025-03-31T13:56:40Z" user="kss10232" uid="22693891">
  <nd ref="12716195515"/>
  <nd ref="12716195516"/>
  <nd ref="12716195517"/>
  <nd ref="12716195518"/>
  <nd ref="12716195519"/>
  <nd ref="12716195520"/>
  <nd ref="12716195521"/>
  <nd ref="12716195515"/>
  <tag k="building" v="commercial"/>
 </way>
 <way id="1373388258" visible="true" version="1" changeset="164331982" timestamp="2025-03-31T13:56:40Z" user="kss10232" uid="22693891">
  <nd ref="12716195523"/>
  <nd ref="12716195524"/>
  <nd ref="12716195525"/>
  <nd ref="12716195526"/>
  <nd ref="12716195523"/>
  <tag k="building" v="commercial"/>
 </way>
 <way id="1373388259" visible="true" version="1" changeset="164331982" timestamp="2025-03-31T13:56:40Z" user="kss10232" uid="22693891">
  <nd ref="12716195527"/>
  <nd ref="12716195528"/>
  <nd ref="12716195529"/>
  <nd ref="12716195530"/>
  <nd ref="12716195527"/>
  <tag k="building" v="commercial"/>
 </way>
 <way id="1373388260" visible="true" version="1" changeset="164331982" timestamp="2025-03-31T13:56:40Z" user="kss10232" uid="22693891">
  <nd ref="12716195532"/>
  <nd ref="12716195533"/>
  <nd ref="12716195534"/>
  <nd ref="12716195535"/>
  <nd ref="12716195532"/>
  <tag k="building" v="commercial"/>
 </way>
 <way id="1373388261" visible="true" version="1" changeset="164331982" timestamp="2025-03-31T13:56:40Z" user="kss10232" uid="22693891">
  <nd ref="12716195538"/>
  <nd ref="12716195539"/>
  <nd ref="12716195540"/>
  <nd ref="12716195541"/>
  <nd ref="12716195538"/>
  <tag k="building" v="yes"/>
 </way>
 <way id="1373388262" visible="true" version="1" changeset="164331982" timestamp="2025-03-31T13:56:40Z" user="kss10232" uid="22693891">
  <nd ref="12716195543"/>
  <nd ref="12716195544"/>
  <nd ref="12716195545"/>
  <nd ref="12716195546"/>
  <nd ref="12716195543"/>
  <tag k="building" v="yes"/>
 </way>
 <way id="1373388270" visible="true" version="1" changeset="164331982" timestamp="2025-03-31T13:56:40Z" user="kss10232" uid="22693891">
  <nd ref="1839353534"/>
  <nd ref="12716195577"/>
  <nd ref="12716195578"/>
  <nd ref="12716195579"/>
  <nd ref="12716195580"/>
  <tag k="highway" v="service"/>
 </way>
 <way id="1373388271" visible="true" version="1" changeset="164331982" timestamp="2025-03-31T13:56:40Z" user="kss10232" uid="22693891">
  <nd ref="12716195581"/>
  <nd ref="12716195582"/>
  <nd ref="12716195583"/>
  <nd ref="12716195584"/>
  <nd ref="12716195585"/>
  <nd ref="12716195586"/>
  <nd ref="12716195587"/>
  <nd ref="12716195588"/>
  <nd ref="12716195589"/>
  <nd ref="12716195590"/>
  <nd ref="12716195591"/>
  <nd ref="12716195592"/>
  <nd ref="12716195593"/>
  <nd ref="12716195594"/>
  <nd ref="12716195595"/>
  <nd ref="12716195596"/>
  <nd ref="12716195597"/>
  <nd ref="12716195598"/>
  <nd ref="12716195599"/>
  <nd ref="12716195600"/>
  <nd ref="12716195601"/>
  <nd ref="12716195602"/>
  <nd ref="12716195603"/>
  <nd ref="12716195604"/>
  <nd ref="12716195605"/>
  <nd ref="12716195606"/>
  <nd ref="12716195607"/>
  <nd ref="12716195581"/>
  <tag k="landuse" v="residential"/>
 </way>
 <way id="1555149121" visible="true" version="1" changeset="188532140" timestamp="2026-09-04T15:42:54Z" user="tlsdkxm" uid="5194197">
  <nd ref="1962804871"/>
  <nd ref="14149456222"/>
  <nd ref="14149456223"/>
  <nd ref="14149456225"/>
  <nd ref="14149456224"/>
  <nd ref="1962804871"/>
  <tag k="access" v="customers"/>
  <tag k="amenity" v="parking"/>
  <tag k="area" v="yes"/>
  <tag k="fee" v="no"/>
  <tag k="operator" v="남서울대학교"/>
  <tag k="parking" v="surface"/>
 </way>
 <way id="1555149122" visible="true" version="1" changeset="188532140" timestamp="2026-09-04T15:42:54Z" user="tlsdkxm" uid="5194197">
  <nd ref="1839353677"/>
  <nd ref="1962804868"/>
  <tag k="highway" v="service"/>
  <tag k="service" v="parking_aisle"/>
 </way>
 <way id="1555150578" visible="true" version="1" changeset="188532591" timestamp="2026-09-04T15:52:05Z" user="tlsdkxm" uid="5194197">
  <nd ref="4871784485"/>
  <nd ref="1839353669"/>
  <tag k="highway" v="service"/>
 </way>
 <way id="1562766389" visible="true" version="1" changeset="189631219" timestamp="2026-09-27T13:46:34Z" user="Arthur Piereck" uid="21922280">
  <nd ref="14222380055"/>
  <nd ref="14222380054"/>
  <nd ref="14222380040"/>
  <nd ref="14222380041"/>
  <nd ref="14222380053"/>
  <nd ref="14222380052"/>
  <nd ref="14222380051"/>
  <nd ref="14222380050"/>
  <nd ref="14222380049"/>
  <nd ref="14222380048"/>
  <nd ref="14222380047"/>
  <nd ref="14222380046"/>
  <nd ref="14222380045"/>
  <nd ref="14222380044"/>
  <nd ref="14222380043"/>
  <tag k="highway" v="service"/>
  <tag k="lanes" v="1"/>
  <tag k="surface" v="concrete"/>
 </way>
 <way id="1562766425" visible="true" version="1" changeset="189631219" timestamp="2026-09-27T13:46:34Z" user="Arthur Piereck" uid="21922280">
  <nd ref="14222380215"/>
  <nd ref="14222380214"/>
  <nd ref="14222380213"/>
  <nd ref="14222380212"/>
  <nd ref="14222380215"/>
  <tag k="building" v="yes"/>
 </way>
 <way id="1562766426" visible="true" version="1" changeset="189631219" timestamp="2026-09-27T13:46:34Z" user="Arthur Piereck" uid="21922280">
  <nd ref="14222380221"/>
  <nd ref="14222380218"/>
  <nd ref="14222380219"/>
  <nd ref="14222380216"/>
  <nd ref="14222380217"/>
  <nd ref="14222380220"/>
  <nd ref="14222380221"/>
  <tag k="building" v="yes"/>
 </way>
 <relation id="2236433" visible="true" version="14" changeset="186702136" timestamp="2026-07-31T12:11:04Z" user="SilkBlue" uid="5177972">
  <member type="way" ref="510509700" role=""/>
  <member type="way" ref="793133958" role=""/>
  <member type="way" ref="793133959" role=""/>
  <member type="way" ref="115513410" role=""/>
  <member type="way" ref="173104984" role=""/>
  <member type="way" ref="1322012423" role=""/>
  <member type="way" ref="822409056" role=""/>
  <member type="way" ref="121051874" role=""/>
  <member type="way" ref="54033042" role=""/>
  <member type="way" ref="108770554" role=""/>
  <member type="way" ref="624429559" role=""/>
  <member type="way" ref="115513401" role=""/>
  <member type="way" ref="367980858" role=""/>
  <member type="way" ref="548846345" role=""/>
  <member type="way" ref="548846343" role=""/>
  <member type="way" ref="793133961" role=""/>
  <member type="way" ref="37409477" role=""/>
  <member type="way" ref="793133962" role=""/>
  <member type="way" ref="476933499" role=""/>
  <member type="way" ref="1051176862" role=""/>
  <member type="way" ref="1051176861" role=""/>
  <member type="way" ref="1207088003" role=""/>
  <member type="way" ref="343087696" role=""/>
  <member type="way" ref="1207088004" role=""/>
  <member type="way" ref="343087697" role=""/>
  <member type="way" ref="397386672" role=""/>
  <member type="way" ref="754435199" role=""/>
  <member type="way" ref="1466716169" role=""/>
  <member type="way" ref="1546276798" role=""/>
  <member type="way" ref="1466716170" role=""/>
  <member type="way" ref="126161599" role=""/>
  <member type="way" ref="170000109" role=""/>
  <member type="way" ref="170000120" role=""/>
  <member type="way" ref="793133964" role=""/>
  <member type="way" ref="629824133" role=""/>
  <member type="way" ref="629824134" role=""/>
  <member type="way" ref="1207088010" role=""/>
  <member type="way" ref="167657981" role=""/>
  <member type="way" ref="995243428" role=""/>
  <member type="way" ref="995243427" role=""/>
  <member type="way" ref="167657984" role=""/>
  <member type="way" ref="1545159790" role=""/>
  <member type="way" ref="177842440" role=""/>
  <member type="way" ref="1545159792" role=""/>
  <member type="way" ref="1545159791" role=""/>
  <member type="way" ref="177842431" role=""/>
  <member type="way" ref="37389527" role=""/>
  <member type="way" ref="37389541" role=""/>
  <member type="way" ref="1466716169" role=""/>
  <member type="way" ref="1466716169" role=""/>
  <member type="way" ref="1500759644" role=""/>
  <member type="way" ref="1546276799" role=""/>
  <member type="way" ref="1546276799" role=""/>
  <member type="way" ref="1466716167" role=""/>
  <tag k="name" v="천안 시내버스 160"/>
  <tag k="name:en" v="Cheonan Bus 160"/>
  <tag k="name:ko" v="천안 시내버스 160"/>
  <tag k="network" v="천안시 시내버스"/>
  <tag k="network:en" v="Buses in Cheonan"/>
  <tag k="network:ko" v="천안시 시내버스"/>
  <tag k="network:wikidata" v="Q12618920"/>
  <tag k="ref" v="160"/>
  <tag k="route" v="bus"/>
  <tag k="type" v="route"/>
 </relation>
 <relation id="2673040" visible="true" version="35" changeset="179246312" timestamp="2026-03-02T10:10:57Z" user="tlsdkxm" uid="5194197">
  <member type="node" ref="2002200934" role=""/>
  <member type="node" ref="2090710600" role=""/>
  <member type="way" ref="485890767" role=""/>
  <member type="way" ref="507312832" role=""/>
  <member type="way" ref="482000428" role=""/>
  <member type="way" ref="482000424" role=""/>
  <member type="way" ref="506757084" role=""/>
  <member type="way" ref="506757076" role=""/>
  <member type="way" ref="160731753" role=""/>
  <member type="way" ref="160731750" role=""/>
  <member type="way" ref="510509694" role=""/>
  <member type="way" ref="926135713" role=""/>
  <member type="way" ref="775152022" role=""/>
  <member type="way" ref="507582504" role=""/>
  <member type="way" ref="507022106" role=""/>
  <member type="way" ref="507312894" role=""/>
  <member type="way" ref="938813988" role=""/>
  <member type="way" ref="114275308" role=""/>
  <member type="way" ref="548984991" role=""/>
  <member type="way" ref="509244098" role=""/>
  <member type="way" ref="507022104" role=""/>
  <member type="way" ref="115513388" role=""/>
  <member type="way" ref="510511222" role=""/>
  <member type="way" ref="120028530" role=""/>
  <member type="way" ref="121051362" role=""/>
  <member type="way" ref="97337998" role=""/>
  <member type="way" ref="885488540" role=""/>
  <member type="way" ref="173223860" role=""/>
  <member type="way" ref="173223859" role=""/>
  <member type="way" ref="905301267" role=""/>
  <member type="way" ref="860895787" role=""/>
  <member type="way" ref="189630470" role=""/>
  <member type="way" ref="1024409900" role=""/>
  <member type="way" ref="189630472" role=""/>
  <member type="way" ref="860895781" role=""/>
  <member type="way" ref="87661255" role=""/>
  <member type="way" ref="367980857" role=""/>
  <member type="way" ref="1027611424" role=""/>
  <member type="way" ref="189630468" role=""/>
  <member type="way" ref="1027611426" role=""/>
  <member type="way" ref="37381444" role=""/>
  <member type="way" ref="481519360" role=""/>
  <member type="way" ref="1484528247" role=""/>
  <member type="way" ref="182955130" role=""/>
  <member type="way" ref="927015803" role=""/>
  <member type="way" ref="927015804" role=""/>
  <member type="way" ref="99094325" role=""/>
  <member type="way" ref="480549890" role=""/>
  <member type="way" ref="182955142" role=""/>
  <member type="way" ref="508981870" role=""/>
  <member type="way" ref="508981866" role=""/>
  <member type="way" ref="551279046" role=""/>
  <member type="way" ref="510509700" role=""/>
  <member type="way" ref="548846336" role=""/>
  <member type="way" ref="793133959" role=""/>
  <member type="way" ref="115513410" role=""/>
  <member type="way" ref="173104984" role=""/>
  <member type="way" ref="1322012423" role=""/>
  <member type="way" ref="822409056" role=""/>
  <member type="way" ref="121051874" role=""/>
  <member type="way" ref="54033042" role=""/>
  <member type="way" ref="510509703" role=""/>
  <member type="way" ref="510509705" role=""/>
  <member type="way" ref="173104976" role=""/>
  <member type="way" ref="182955151" role=""/>
  <member type="way" ref="1329652834" role=""/>
  <member type="way" ref="1329652835" role=""/>
  <member type="way" ref="199006570" role=""/>
  <member type="way" ref="1027611423" role=""/>
  <member type="way" ref="117170505" role=""/>
  <member type="way" ref="479518994" role=""/>
  <member type="way" ref="789215144" role=""/>
  <member type="way" ref="510511221" role=""/>
  <member type="way" ref="860895783" role=""/>
  <member type="way" ref="1336461486" role=""/>
  <member type="way" ref="189630477" role=""/>
  <member type="way" ref="867172141" role=""/>
  <member type="way" ref="108770556" role=""/>
  <member type="way" ref="885488541" role=""/>
  <member type="way" ref="867172134" role=""/>
  <member type="way" ref="1456611651" role=""/>
  <member type="way" ref="885490425" role=""/>
  <member type="way" ref="510509696" role=""/>
  <member type="way" ref="598101116" role=""/>
  <member type="way" ref="121051360" role=""/>
  <member type="way" ref="37381449" role=""/>
  <member type="way" ref="1184254519" role=""/>
  <member type="way" ref="115513427" role=""/>
  <member type="way" ref="507022143" role=""/>
  <member type="way" ref="509244102" role=""/>
  <member type="way" ref="506757083" role=""/>
  <member type="way" ref="927015765" role=""/>
  <member type="way" ref="927015764" role=""/>
  <member type="way" ref="927015763" role=""/>
  <member type="way" ref="927015769" role=""/>
  <member type="way" ref="927015768" role=""/>
  <member type="way" ref="927015773" role=""/>
  <member type="way" ref="927015771" role=""/>
  <tag k="name" v="천안 시내버스 100"/>
  <tag k="network" v="천안시 시내버스"/>
  <tag k="network:en" v="Buses in Cheonan"/>
  <tag k="network:ko" v="천안시 시내버스"/>
  <tag k="network:wikidata" v="Q12618920"/>
  <tag k="ref" v="100"/>
  <tag k="route" v="bus"/>
  <tag k="type" v="route"/>
 </relation>
 <relation id="7420984" visible="true" version="27" changeset="179246312" timestamp="2026-03-02T10:10:57Z" user="tlsdkxm" uid="5194197">
  <member type="way" ref="927015804" role=""/>
  <member type="way" ref="927015803" role=""/>
  <member type="way" ref="99094325" role=""/>
  <member type="way" ref="480549890" role=""/>
  <member type="way" ref="182955142" role=""/>
  <member type="way" ref="1027611423" role=""/>
  <member type="way" ref="117170505" role=""/>
  <member type="way" ref="182955130" role=""/>
  <member type="way" ref="182955151" role=""/>
  <member type="way" ref="1329652834" role=""/>
  <member type="way" ref="1329652835" role=""/>
  <member type="way" ref="199006570" role=""/>
  <member type="way" ref="508981866" role=""/>
  <member type="way" ref="508981870" role=""/>
  <member type="way" ref="1027611426" role=""/>
  <member type="way" ref="189630468" role=""/>
  <member type="way" ref="1027611424" role=""/>
  <member type="way" ref="367980857" role=""/>
  <member type="way" ref="479518994" role=""/>
  <member type="way" ref="481519360" role=""/>
  <member type="way" ref="1484528247" role=""/>
  <member type="way" ref="37381444" role=""/>
  <member type="way" ref="87661255" role=""/>
  <member type="way" ref="789215144" role=""/>
  <member type="way" ref="510511221" role=""/>
  <member type="way" ref="860895783" role=""/>
  <member type="way" ref="1336461486" role=""/>
  <member type="way" ref="189630477" role=""/>
  <member type="way" ref="860895781" role=""/>
  <member type="way" ref="189630472" role=""/>
  <member type="way" ref="1024409900" role=""/>
  <member type="way" ref="189630470" role=""/>
  <member type="way" ref="507312894" role=""/>
  <member type="way" ref="938813988" role=""/>
  <member type="way" ref="114275308" role=""/>
  <member type="way" ref="548984991" role=""/>
  <member type="way" ref="485890767" role=""/>
  <member type="way" ref="507312832" role=""/>
  <member type="way" ref="482000428" role=""/>
  <member type="way" ref="482000424" role=""/>
  <member type="way" ref="507022143" role=""/>
  <member type="way" ref="509244102" role=""/>
  <member type="way" ref="506757083" role=""/>
  <member type="way" ref="927015765" role=""/>
  <member type="way" ref="927015764" role=""/>
  <member type="way" ref="927015763" role=""/>
  <member type="way" ref="927015769" role=""/>
  <member type="way" ref="927015768" role=""/>
  <member type="way" ref="927015773" role=""/>
  <member type="way" ref="927015771" role=""/>
  <member type="way" ref="507582504" role=""/>
  <member type="way" ref="507022106" role=""/>
  <member type="way" ref="867172141" role=""/>
  <member type="way" ref="108770556" role=""/>
  <member type="way" ref="885488541" role=""/>
  <member type="way" ref="867172134" role=""/>
  <member type="way" ref="1456611651" role=""/>
  <member type="way" ref="885490425" role=""/>
  <member type="way" ref="510509696" role=""/>
  <member type="way" ref="598101116" role=""/>
  <member type="way" ref="121051360" role=""/>
  <member type="way" ref="37381449" role=""/>
  <member type="way" ref="510509699" role=""/>
  <member type="way" ref="121051874" role=""/>
  <member type="way" ref="822409056" role=""/>
  <member type="way" ref="1322012423" role=""/>
  <member type="way" ref="173104984" role=""/>
  <member type="way" ref="173104977" role=""/>
  <member type="way" ref="510511222" role=""/>
  <member type="way" ref="120028530" role=""/>
  <member type="way" ref="121051362" role=""/>
  <member type="way" ref="97337998" role=""/>
  <member type="way" ref="885488540" role=""/>
  <member type="way" ref="173223860" role=""/>
  <member type="way" ref="173223859" role=""/>
  <member type="way" ref="905301267" role=""/>
  <member type="way" ref="860895787" role=""/>
  <member type="way" ref="115513410" role=""/>
  <member type="way" ref="793133959" role=""/>
  <member type="way" ref="548846336" role=""/>
  <member type="way" ref="510509700" role=""/>
  <member type="way" ref="54033042" role=""/>
  <member type="way" ref="173104976" role=""/>
  <member type="way" ref="510509703" role=""/>
  <member type="way" ref="510509705" role=""/>
  <member type="way" ref="173113212" role=""/>
  <member type="way" ref="507022104" role=""/>
  <member type="way" ref="509244098" role=""/>
  <member type="way" ref="775152022" role=""/>
  <member type="way" ref="926135713" role=""/>
  <member type="way" ref="510509694" role=""/>
  <member type="way" ref="160731750" role=""/>
  <member type="way" ref="160731753" role=""/>
  <member type="way" ref="506757076" role=""/>
  <member type="way" ref="506757084" role=""/>
  <tag k="name" v="천안 시내버스 110"/>
  <tag k="network" v="천안시 시내버스"/>
  <tag k="network:en" v="Buses in Cheonan"/>
  <tag k="network:ko" v="천안시 시내버스"/>
  <tag k="network:wikidata" v="Q12618920"/>
  <tag k="ref" v="110"/>
  <tag k="route" v="bus"/>
  <tag k="type" v="route"/>
 </relation>
 <relation id="10736704" visible="true" version="8" changeset="116991951" timestamp="2022-02-04T06:56:32Z" user="user_5292863" uid="5292863">
  <member type="relation" ref="7388844" role=""/>
  <member type="relation" ref="1584359" role=""/>
  <member type="relation" ref="2495931" role=""/>
  <member type="relation" ref="7047668" role=""/>
  <member type="relation" ref="7390665" role=""/>
  <member type="relation" ref="1612798" role=""/>
  <member type="relation" ref="7388845" role=""/>
  <member type="relation" ref="2673041" role=""/>
  <member type="relation" ref="1556252" role=""/>
  <member type="relation" ref="7390668" role=""/>
  <member type="relation" ref="7390667" role=""/>
  <member type="relation" ref="7407575" role=""/>
  <member type="relation" ref="7409620" role=""/>
  <member type="relation" ref="7409748" role=""/>
  <member type="relation" ref="7409749" role=""/>
  <member type="relation" ref="7409750" role=""/>
  <member type="relation" ref="7010190" role=""/>
  <member type="relation" ref="9660607" role=""/>
  <member type="relation" ref="7388659" role=""/>
  <member type="relation" ref="2673040" role=""/>
  <member type="relation" ref="11838430" role=""/>
  <member type="relation" ref="7420984" role=""/>
  <member type="relation" ref="7000948" role=""/>
  <member type="relation" ref="11049891" role=""/>
  <member type="relation" ref="11530265" role=""/>
  <member type="relation" ref="7420985" role=""/>
  <member type="relation" ref="7420986" role=""/>
  <member type="relation" ref="12103512" role=""/>
  <member type="relation" ref="1648149" role=""/>
  <member type="relation" ref="11838429" role=""/>
  <member type="relation" ref="2236433" role=""/>
  <member type="relation" ref="11009462" role=""/>
  <member type="relation" ref="12537721" role=""/>
  <member type="relation" ref="7421005" role=""/>
  <member type="relation" ref="11536983" role=""/>
  <member type="relation" ref="3082516" role=""/>
  <member type="relation" ref="10755788" role=""/>
  <member type="relation" ref="12119646" role=""/>
  <member type="relation" ref="10736810" role=""/>
  <member type="relation" ref="10736809" role=""/>
  <member type="relation" ref="10736811" role=""/>
  <member type="relation" ref="12537722" role=""/>
  <member type="relation" ref="10736703" role=""/>
  <member type="relation" ref="10736807" role=""/>
  <member type="relation" ref="10736808" role=""/>
  <member type="relation" ref="12537723" role=""/>
  <member type="relation" ref="12537724" role=""/>
  <member type="relation" ref="7390669" role=""/>
  <member type="relation" ref="10736812" role=""/>
  <member type="relation" ref="10736813" role=""/>
  <member type="relation" ref="10736814" role=""/>
  <member type="relation" ref="10736815" role=""/>
  <member type="relation" ref="7838907" role=""/>
  <member type="relation" ref="2432712" role=""/>
  <member type="relation" ref="13758141" role=""/>
  <tag k="name" v="천안시 버스 노선"/>
  <tag k="name:en" v="Bus routes of Cheonan"/>
  <tag k="name:ko" v="천안시 버스 노선"/>
  <tag k="type" v="network"/>
 </relation>
 <relation id="11009462" visible="true" version="16" changeset="186702136" timestamp="2026-07-31T12:11:04Z" user="SilkBlue" uid="5177972">
  <member type="way" ref="510509700" role=""/>
  <member type="way" ref="793133958" role=""/>
  <member type="way" ref="793133959" role=""/>
  <member type="way" ref="115513410" role=""/>
  <member type="way" ref="173104984" role=""/>
  <member type="way" ref="1322012423" role=""/>
  <member type="way" ref="822409056" role=""/>
  <member type="way" ref="121051874" role=""/>
  <member type="way" ref="54033042" role=""/>
  <member type="way" ref="797810861" role=""/>
  <member type="way" ref="548846340" role=""/>
  <member type="way" ref="37381314" role=""/>
  <member type="way" ref="397280998" role=""/>
  <member type="way" ref="548846346" role=""/>
  <member type="way" ref="548846344" role=""/>
  <member type="way" ref="793133962" role=""/>
  <member type="way" ref="476933499" role=""/>
  <member type="way" ref="1051176862" role=""/>
  <member type="way" ref="1051176861" role=""/>
  <member type="way" ref="1207088003" role=""/>
  <member type="way" ref="343087696" role=""/>
  <member type="way" ref="1207088004" role=""/>
  <member type="way" ref="343087697" role=""/>
  <member type="way" ref="397386672" role=""/>
  <member type="way" ref="754435199" role=""/>
  <member type="way" ref="1466716169" role=""/>
  <member type="way" ref="1546276798" role=""/>
  <member type="way" ref="1466716170" role=""/>
  <member type="way" ref="126161599" role=""/>
  <member type="way" ref="170000109" role=""/>
  <member type="way" ref="170000120" role=""/>
  <member type="way" ref="793133964" role=""/>
  <member type="way" ref="629824133" role=""/>
  <member type="way" ref="629824134" role=""/>
  <member type="way" ref="1207088010" role=""/>
  <member type="way" ref="167657981" role=""/>
  <member type="way" ref="995243428" role=""/>
  <member type="way" ref="995243427" role=""/>
  <member type="way" ref="167657984" role=""/>
  <member type="way" ref="1545159790" role=""/>
  <member type="way" ref="177842440" role=""/>
  <member type="way" ref="1545159792" role=""/>
  <member type="way" ref="1545159791" role=""/>
  <member type="way" ref="177842431" role=""/>
  <member type="way" ref="37389527" role=""/>
  <member type="way" ref="37389541" role=""/>
  <member type="way" ref="108770554" role=""/>
  <member type="way" ref="548846336" role=""/>
  <member type="way" ref="1466716169" role=""/>
  <member type="way" ref="1466716169" role=""/>
  <member type="way" ref="1500759644" role=""/>
  <member type="way" ref="1546276799" role=""/>
  <member type="way" ref="1546276799" role=""/>
  <member type="way" ref="1466716167" role=""/>
  <tag k="name" v="천안 시내버스 161"/>
  <tag k="name:en" v="Cheonan Bus 161"/>
  <tag k="name:ko" v="천안 시내버스 161"/>
  <tag k="ref" v="161"/>
  <tag k="route" v="bus"/>
  <tag k="type" v="route"/>
 </relation>
 <relation id="11084996" visible="true" version="1" changeset="84947469" timestamp="2020-05-09T18:22:56Z" user="KLADESS" uid="632805">
  <member type="way" ref="185632265" role="outline"/>
  <member type="way" ref="802001889" role="part"/>
  <member type="way" ref="802001891" role="part"/>
  <member type="way" ref="802001890" role="part"/>
  <tag k="building" v="school"/>
  <tag k="name:ko" v="인문사회학관"/>
  <tag k="type" v="building"/>
 </relation>
 <relation id="11085064" visible="true" version="1" changeset="84948903" timestamp="2020-05-09T19:19:27Z" user="KLADESS" uid="632805">
  <member type="way" ref="495073748" role="outline"/>
  <member type="way" ref="802011242" role="part"/>
  <member type="way" ref="802011240" role="part"/>
  <member type="way" ref="802011241" role="part"/>
  <member type="way" ref="802011239" role="part"/>
  <member type="way" ref="802011238" role="part"/>
  <tag k="name" v="본관"/>
  <tag k="type" v="building"/>
 </relation>
 <relation id="15069565" visible="true" version="1" changeset="130723272" timestamp="2022-12-31T14:33:28Z" user="OpenStreetMap-KR" uid="9176801">
  <member type="way" ref="1126047990" role="outer"/>
  <member type="way" ref="1126047991" role="inner"/>
  <tag k="building" v="dormitory"/>
  <tag k="type" v="multipolygon"/>
 </relation>
 <relation id="15910581" visible="true" version="1" changeset="136637217" timestamp="2023-05-27T20:24:59Z" user="남서울대학교" uid="19406292">
  <member type="way" ref="121230033" role="outer"/>
  <member type="way" ref="1176662975" role="outer"/>
  <tag k="amenity" v="university"/>
  <tag k="name" v="남서울대학교"/>
  <tag k="name:en" v="Namseoul University"/>
  <tag k="name:ja" v="南ソウル大学"/>
  <tag k="name:ko" v="남서울대학교"/>
  <tag k="type" v="multipolygon"/>
  <tag k="wikidata" v="Q10856070"/>
 </relation>
</osm>
