{
  "type": "FeatureCollection",
  "features": [
    {
      "type": "Feature",
      "properties": {
        "edge_id": 1,
        "source": 1,
        "target": 10,
        "length_m": 86.39,
        "walkable": true,
        "confidence": 1.0
      },
      "geometry": {
        "type": "LineString",
        "coordinates": [
          [
            127.10118999999999,
            37.5008
          ],
          [
            127.10118,
            37.5008
          ],
          [
            127.10117,
            37.5008
          ],
          [
            127.10116,
            37.5008
          ],
          [
            127.10114999999999,
            37.5008
          ],
          [
            127.10114,
            37.5008
          ],
          [
            127.10113,
            37.5008
          ],
          [
            127.10112,
            37.5008
          ],
          [
            127.10110999999999,
            37.5008
          ],
          [
            127.10109999999999,
            37.5008
          ],
          [
            127.10109,
            37.5008
          ],
          [
            127.10108,
            37.5008
          ],
          [
            127.10106999999999,
            37.5008
          ],
          [
            127.10105999999999,
            37.5008
          ],
          [
            127.10105,
            37.5008
          ],
          [
            127.10104,
            37.5008
          ],
          [
            127.10103,
            37.5008
          ],
          [
            127.10101999999999,
            37.5008
          ],
          [
            127.10100999999999,
            37.5008
          ],
          [
            127.101,
            37.5008
          ],
          [
            127.10099,
            37.5008
          ],
          [
            127.10097999999999,
            37.5008
          ],
          [
            127.10096999999999,
            37.5008
          ],
          [
            127.10096,
            37.5008
          ],
          [
            127.10095,
            37.5008
          ],
          [
            127.10094,
            37.5008
          ],
          [
            127.10092999999999,
            37.5008
          ],
          [
            127.10091999999999,
            37.5008
          ],
          [
            127.10091,
            37.5008
          ],
          [
            127.1009,
            37.5008
          ],
          [
            127.10088999999999,
            37.5008
          ],
          [
            127.10087999999999,
            37.5008
          ],
          [
            127.10087,
            37.5008
          ],
          [
            127.10086,
            37.5008
          ],
          [
            127.10085,
            37.5008
          ],
          [
            127.10083999999999,
            37.5008
          ],
          [
            127.10082999999999,
            37.5008
          ],
          [
            127.10082,
            37.5008
          ],
          [
            127.10081,
            37.5008
          ],
          [
            127.10079999999999,
            37.50081
          ],
          [
            127.10079999999999,
            37.50082
          ],
          [
            127.10079999999999,
            37.50083
          ],
          [
            127.10079999999999,
            37.50084
          ],
          [
            127.10079999999999,
            37.50085
          ],
          [
            127.10079999999999,
            37.50086
          ],
          [
            127.10079999999999,
            37.50087
          ],
          [
            127.10079999999999,
            37.50088
          ],
          [
            127.10079999999999,
            37.50089
          ],
          [
            127.10079999999999,
            37.5009
          ],
          [
            127.10079999999999,
            37.50091
          ],
          [
            127.10079999999999,
            37.50092
          ],
          [
            127.10079999999999,
            37.50093
          ],
          [
            127.10079999999999,
            37.50094
          ],
          [
            127.10079999999999,
            37.50095
          ],
          [
            127.10079999999999,
            37.50096
          ],
          [
            127.10079999999999,
            37.50097
          ],
          [
            127.10079999999999,
            37.50098
          ],
          [
            127.10079999999999,
            37.50099
          ],
          [
            127.10079999999999,
            37.501
          ],
          [
            127.10079999999999,
            37.50101
          ],
          [
            127.10079999999999,
            37.50102
          ],
          [
            127.10079999999999,
            37.50103
          ],
          [
            127.10079999999999,
            37.50104
          ],
          [
            127.10079999999999,
            37.50105
          ],
          [
            127.10079999999999,
            37.50106
          ],
          [
            127.10079999999999,
            37.50107
          ],
          [
            127.10079999999999,
            37.50108
          ],
          [
            127.10079999999999,
            37.50109
          ],
          [
            127.10079999999999,
            37.5011
          ],
          [
            127.10079999999999,
            37.50111
          ],
          [
            127.10079999999999,
            37.50112
          ],
          [
            127.10079999999999,
            37.50113
          ],
          [
            127.10079999999999,
            37.50114
          ],
          [
            127.10079999999999,
            37.50115
          ],
          [
            127.10079999999999,
            37.50116
          ],
          [
            127.10079999999999,
            37.50117
          ],
          [
            127.10079999999999,
            37.50118
          ],
          [
            127.10078999999999,
            37.50119
          ]
        ]
      }
    },
    {
      "type": "Feature",
      "properties": {
        "edge_id": 2,
        "source": 1,
        "target": 10,
        "length_m": 87.96,
        "walkable": true,
        "confidence": 1.0
      },
      "geometry": {
        "type": "LineString",
        "coordinates": [
          [
            127.10118999999999,
            37.5008
          ],
          [
            127.10118999999999,
            37.50079
          ],
          [
            127.10118,
            37.5008
          ],
          [
            127.10117,
            37.5008
          ],
          [
            127.10116,
            37.5008
          ],
          [
            127.10114999999999,
            37.5008
          ],
          [
            127.10114,
            37.5008
          ],
          [
            127.10113,
            37.5008
          ],
          [
            127.10112,
            37.5008
          ],
          [
            127.10110999999999,
            37.5008
          ],
          [
            127.10109999999999,
            37.5008
          ],
          [
            127.10109,
            37.5008
          ],
          [
            127.10108,
            37.5008
          ],
          [
            127.10106999999999,
            37.5008
          ],
          [
            127.10105999999999,
            37.5008
          ],
          [
            127.10105,
            37.5008
          ],
          [
            127.10104,
            37.5008
          ],
          [
            127.10103,
            37.5008
          ],
          [
            127.10101999999999,
            37.5008
          ],
          [
            127.10100999999999,
            37.5008
          ],
          [
            127.101,
            37.5008
          ],
          [
            127.10099,
            37.5008
          ],
          [
            127.10097999999999,
            37.5008
          ],
          [
            127.10096999999999,
            37.5008
          ],
          [
            127.10096,
            37.5008
          ],
          [
            127.10095,
            37.5008
          ],
          [
            127.10094,
            37.5008
          ],
          [
            127.10092999999999,
            37.5008
          ],
          [
            127.10091999999999,
            37.5008
          ],
          [
            127.10091,
            37.5008
          ],
          [
            127.1009,
            37.5008
          ],
          [
            127.10088999999999,
            37.5008
          ],
          [
            127.10087999999999,
            37.5008
          ],
          [
            127.10087,
            37.5008
          ],
          [
            127.10086,
            37.5008
          ],
          [
            127.10085,
            37.5008
          ],
          [
            127.10083999999999,
            37.5008
          ],
          [
            127.10082999999999,
            37.5008
          ],
          [
            127.10082,
            37.5008
          ],
          [
            127.10081,
            37.5008
          ],
          [
            127.10079999999999,
            37.50081
          ],
          [
            127.10079999999999,
            37.50082
          ],
          [
            127.10079999999999,
            37.50083
          ],
          [
            127.10079999999999,
            37.50084
          ],
          [
            127.10079999999999,
            37.50085
          ],
          [
            127.10079999999999,
            37.50086
          ],
          [
            127.10079999999999,
            37.50087
          ],
          [
            127.10079999999999,
            37.50088
          ],
          [
            127.10079999999999,
            37.50089
          ],
          [
            127.10079999999999,
            37.5009
          ],
          [
            127.10079999999999,
            37.50091
          ],
          [
            127.10079999999999,
            37.50092
          ],
          [
            127.10079999999999,
            37.50093
          ],
          [
            127.10079999999999,
            37.50094
          ],
          [
            127.10079999999999,
            37.50095
          ],
          [
            127.10079999999999,
            37.50096
          ],
          [
            127.10079999999999,
            37.50097
          ],
          [
            127.10079999999999,
            37.50098
          ],
          [
            127.10079999999999,
            37.50099
          ],
          [
            127.10079999999999,
            37.501
          ],
          [
            127.10079999999999,
            37.50101
          ],
          [
            127.10079999999999,
            37.50102
          ],
          [
            127.10079999999999,
            37.50103
          ],
          [
            127.10079999999999,
            37.50104
          ],
          [
            127.10079999999999,
            37.50105
          ],
          [
            127.10079999999999,
            37.50106
          ],
          [
            127.10079999999999,
            37.50107
          ],
          [
            127.10079999999999,
            37.50108
          ],
          [
            127.10079999999999,
            37.50109
          ],
          [
            127.10079999999999,
            37.5011
          ],
          [
            127.10079999999999,
            37.50111
          ],
          [
            127.10079999999999,
            37.50112
          ],
          [
            127.10079999999999,
            37.50113
          ],
          [
            127.10079999999999,
            37.50114
          ],
          [
            127.10079999999999,
            37.50115
          ],
          [
            127.10079999999999,
            37.50116
          ],
          [
            127.10079999999999,
            37.50117
          ],
          [
            127.10079999999999,
            37.50118
          ],
          [
            127.10078999999999,
            37.50119
          ]
        ]
      }
    },
    {
      "type": "Feature",
      "properties": {
        "edge_id": 3,
        "source": 1,
        "target": 15,
        "length_m": 22.2,
        "walkable": true,
        "confidence": 1.0
      },
      "geometry": {
        "type": "LineString",
        "coordinates": [
          [
            127.10139,
            37.5008
          ],
          [
            127.10137999999999,
            37.5008
          ],
          [
            127.10136999999999,
            37.5008
          ],
          [
            127.10136,
            37.5008
          ],
          [
            127.10135,
            37.5008
          ],
          [
            127.10134,
            37.5008
          ],
          [
            127.10132999999999,
            37.5008
          ],
          [
            127.10132,
            37.5008
          ],
          [
            127.10131,
            37.5008
          ],
          [
            127.1013,
            37.5008
          ],
          [
            127.10128999999999,
            37.5008
          ],
          [
            127.10127999999999,
            37.5008
          ],
          [
            127.10127,
            37.5008
          ],
          [
            127.10126,
            37.5008
          ],
          [
            127.10125,
            37.5008
          ],
          [
            127.10123999999999,
            37.5008
          ],
          [
            127.10123,
            37.5008
          ],
          [
            127.10122,
            37.5008
          ],
          [
            127.10121,
            37.5008
          ],
          [
            127.10119999999999,
            37.5008
          ],
          [
            127.10118999999999,
            37.5008
          ]
        ]
      }
    },
    {
      "type": "Feature",
      "properties": {
        "edge_id": 4,
        "source": 1,
        "target": 15,
        "length_m": 22.2,
        "walkable": true,
        "confidence": 1.0
      },
      "geometry": {
        "type": "LineString",
        "coordinates": [
          [
            127.10118999999999,
            37.5008
          ],
          [
            127.10119999999999,
            37.5008
          ],
          [
            127.10121,
            37.5008
          ],
          [
            127.10122,
            37.5008
          ],
          [
            127.10123,
            37.5008
          ],
          [
            127.10123999999999,
            37.5008
          ],
          [
            127.10125,
            37.5008
          ],
          [
            127.10126,
            37.5008
          ],
          [
            127.10127,
            37.5008
          ],
          [
            127.10127999999999,
            37.5008
          ],
          [
            127.10128999999999,
            37.5008
          ],
          [
            127.1013,
            37.5008
          ],
          [
            127.10131,
            37.5008
          ],
          [
            127.10132,
            37.5008
          ],
          [
            127.10132999999999,
            37.5008
          ],
          [
            127.10134,
            37.5008
          ],
          [
            127.10135,
            37.5008
          ],
          [
            127.10136,
            37.5008
          ],
          [
            127.10136999999999,
            37.5008
          ],
          [
            127.10137999999999,
            37.5008
          ],
          [
            127.10139,
            37.5008
          ]
        ]
      }
    },
    {
      "type": "Feature",
      "properties": {
        "edge_id": 5,
        "source": 2,
        "target": 8,
        "length_m": 11.64,
        "walkable": true,
        "confidence": 1.0
      },
      "geometry": {
        "type": "LineString",
        "coordinates": [
          [
            127.10127999999999,
            37.5006
          ],
          [
            127.10127,
            37.50061
          ],
          [
            127.10126,
            37.50062
          ],
          [
            127.10126,
            37.50063
          ],
          [
            127.10125,
            37.50064
          ],
          [
            127.10123999999999,
            37.50065
          ],
          [
            127.10123999999999,
            37.50066
          ],
          [
            127.10123,
            37.50067
          ],
          [
            127.10122,
            37.50068
          ]
        ]
      }
    },
    {
      "type": "Feature",
      "properties": {
        "edge_id": 6,
        "source": 2,
        "target": 8,
        "length_m": 12.29,
        "walkable": true,
        "confidence": 1.0
      },
      "geometry": {
        "type": "LineString",
        "coordinates": [
          [
            127.10127999999999,
            37.5006
          ],
          [
            127.10127,
            37.5006
          ],
          [
            127.10127,
            37.50061
          ],
          [
            127.10126,
            37.50062
          ],
          [
            127.10126,
            37.50063
          ],
          [
            127.10125,
            37.50064
          ],
          [
            127.10123999999999,
            37.50065
          ],
          [
            127.10123999999999,
            37.50066
          ],
          [
            127.10123,
            37.50067
          ],
          [
            127.10122,
            37.50068
          ]
        ]
      }
    },
    {
      "type": "Feature",
      "properties": {
        "edge_id": 7,
        "source": 2,
        "target": 8,
        "length_m": 13.86,
        "walkable": true,
        "confidence": 1.0
      },
      "geometry": {
        "type": "LineString",
        "coordinates": [
          [
            127.10127999999999,
            37.5006
          ],
          [
            127.10127999999999,
            37.50059
          ],
          [
            127.10127,
            37.5006
          ],
          [
            127.10127,
            37.50061
          ],
          [
            127.10126,
            37.50062
          ],
          [
            127.10126,
            37.50063
          ],
          [
            127.10125,
            37.50064
          ],
          [
            127.10123999999999,
            37.50065
          ],
          [
            127.10123999999999,
            37.50066
          ],
          [
            127.10123,
            37.50067
          ],
          [
            127.10122,
            37.50068
          ]
        ]
      }
    },
    {
      "type": "Feature",
      "properties": {
        "edge_id": 8,
        "source": 2,
        "target": 9,
        "length_m": 22.36,
        "walkable": true,
        "confidence": 1.0
      },
      "geometry": {
        "type": "LineString",
        "coordinates": [
          [
            127.10132,
            37.50052
          ],
          [
            127.10132,
            37.50053
          ],
          [
            127.10131,
            37.50054
          ],
          [
            127.10131,
            37.50055
          ],
          [
            127.1013,
            37.50056
          ],
          [
            127.10128999999999,
            37.50057
          ],
          [
            127.10128999999999,
            37.50058
          ],
          [
            127.10127999999999,
            37.50059
          ],
          [
            127.10127,
            37.5006
          ],
          [
            127.10127,
            37.50061
          ],
          [
            127.10126,
            37.50062
          ],
          [
            127.10126,
            37.50063
          ],
          [
            127.10125,
            37.50064
          ],
          [
            127.10123999999999,
            37.50065
          ],
          [
            127.10123999999999,
            37.50066
          ],
          [
            127.10123,
            37.50067
          ],
          [
            127.10122,
            37.50068
          ]
        ]
      }
    },
    {
      "type": "Feature",
      "properties": {
        "edge_id": 9,
        "source": 2,
        "target": 9,
        "length_m": 23.93,
        "walkable": true,
        "confidence": 1.0
      },
      "geometry": {
        "type": "LineString",
        "coordinates": [
          [
            127.10132,
            37.50052
          ],
          [
            127.10132999999999,
            37.50052
          ],
          [
            127.10132,
            37.50053
          ],
          [
            127.10131,
            37.50054
          ],
          [
            127.10131,
            37.50055
          ],
          [
            127.1013,
            37.50056
          ],
          [
            127.10128999999999,
            37.50057
          ],
          [
            127.10128999999999,
            37.50058
          ],
          [
            127.10127999999999,
            37.50059
          ],
          [
            127.10127,
            37.5006
          ],
          [
            127.10127,
            37.50061
          ],
          [
            127.10126,
            37.50062
          ],
          [
            127.10126,
            37.50063
          ],
          [
            127.10125,
            37.50064
          ],
          [
            127.10123999999999,
            37.50065
          ],
          [
            127.10123999999999,
            37.50066
          ],
          [
            127.10123,
            37.50067
          ],
          [
            127.10122,
            37.50068
          ]
        ]
      }
    },
    {
      "type": "Feature",
      "properties": {
        "edge_id": 10,
        "source": 2,
        "target": 9,
        "length_m": 25.5,
        "walkable": true,
        "confidence": 1.0
      },
      "geometry": {
        "type": "LineString",
        "coordinates": [
          [
            127.10132,
            37.50052
          ],
          [
            127.10132999999999,
            37.50051
          ],
          [
            127.10132999999999,
            37.50052
          ],
          [
            127.10132,
            37.50053
          ],
          [
            127.10131,
            37.50054
          ],
          [
            127.10131,
            37.50055
          ],
          [
            127.1013,
            37.50056
          ],
          [
            127.10128999999999,
            37.50057
          ],
          [
            127.10128999999999,
            37.50058
          ],
          [
            127.10127999999999,
            37.50059
          ],
          [
            127.10127,
            37.5006
          ],
          [
            127.10127,
            37.50061
          ],
          [
            127.10126,
            37.50062
          ],
          [
            127.10126,
            37.50063
          ],
          [
            127.10125,
            37.50064
          ],
          [
            127.10123999999999,
            37.50065
          ],
          [
            127.10123999999999,
            37.50066
          ],
          [
            127.10123,
            37.50067
          ],
          [
            127.10122,
            37.50068
          ]
        ]
      }
    },
    {
      "type": "Feature",
      "properties": {
        "edge_id": 11,
        "source": 2,
        "target": 10,
        "length_m": 100.44,
        "walkable": true,
        "confidence": 1.0
      },
      "geometry": {
        "type": "LineString",
        "coordinates": [
          [
            127.10122,
            37.50068
          ],
          [
            127.10122,
            37.50069
          ],
          [
            127.10121,
            37.5007
          ],
          [
            127.10121,
            37.50071
          ],
          [
            127.10121,
            37.50072
          ],
          [
            127.10121,
            37.50073
          ],
          [
            127.10119999999999,
            37.50074
          ],
          [
            127.10119999999999,
            37.50075
          ],
          [
            127.10119999999999,
            37.50076
          ],
          [
            127.10119999999999,
            37.50077
          ],
          [
            127.10119999999999,
            37.50078
          ],
          [
            127.10118999999999,
            37.50079
          ],
          [
            127.10118,
            37.5008
          ],
          [
            127.10117,
            37.5008
          ],
          [
            127.10116,
            37.5008
          ],
          [
            127.10114999999999,
            37.5008
          ],
          [
            127.10114,
            37.5008
          ],
          [
            127.10113,
            37.5008
          ],
          [
            127.10112,
            37.5008
          ],
          [
            127.10110999999999,
            37.5008
          ],
          [
            127.10109999999999,
            37.5008
          ],
          [
            127.10109,
            37.5008
          ],
          [
            127.10108,
            37.5008
          ],
          [
            127.10106999999999,
            37.5008
          ],
          [
            127.10105999999999,
            37.5008
          ],
          [
            127.10105,
            37.5008
          ],
          [
            127.10104,
            37.5008
          ],
          [
            127.10103,
            37.5008
          ],
          [
            127.10101999999999,
            37.5008
          ],
          [
            127.10100999999999,
            37.5008
          ],
          [
            127.101,
            37.5008
          ],
          [
            127.10099,
            37.5008
          ],
          [
            127.10097999999999,
            37.5008
          ],
          [
            127.10096999999999,
            37.5008
          ],
          [
            127.10096,
            37.5008
          ],
          [
            127.10095,
            37.5008
          ],
          [
            127.10094,
            37.5008
          ],
          [
            127.10092999999999,
            37.5008
          ],
          [
            127.10091999999999,
            37.5008
          ],
          [
            127.10091,
            37.5008
          ],
          [
            127.1009,
            37.5008
          ],
          [
            127.10088999999999,
            37.5008
          ],
          [
            127.10087999999999,
            37.5008
          ],
          [
            127.10087,
            37.5008
          ],
          [
            127.10086,
            37.5008
          ],
          [
            127.10085,
            37.5008
          ],
          [
            127.10083999999999,
            37.5008
          ],
          [
            127.10082999999999,
            37.5008
          ],
          [
            127.10082,
            37.5008
          ],
          [
            127.10081,
            37.5008
          ],
          [
            127.10079999999999,
            37.50081
          ],
          [
            127.10079999999999,
            37.50082
          ],
          [
            127.10079999999999,
            37.50083
          ],
          [
            127.10079999999999,
            37.50084
          ],
          [
            127.10079999999999,
            37.50085
          ],
          [
            127.10079999999999,
            37.50086
          ],
          [
            127.10079999999999,
            37.50087
          ],
          [
            127.10079999999999,
            37.50088
          ],
          [
            127.10079999999999,
            37.50089
          ],
          [
            127.10079999999999,
            37.5009
          ],
          [
            127.10079999999999,
            37.50091
          ],
          [
            127.10079999999999,
            37.50092
          ],
          [
            127.10079999999999,
            37.50093
          ],
          [
            127.10079999999999,
            37.50094
          ],
          [
            127.10079999999999,
            37.50095
          ],
          [
            127.10079999999999,
            37.50096
          ],
          [
            127.10079999999999,
            37.50097
          ],
          [
            127.10079999999999,
            37.50098
          ],
          [
            127.10079999999999,
            37.50099
          ],
          [
            127.10079999999999,
            37.501
          ],
          [
            127.10079999999999,
            37.50101
          ],
          [
            127.10079999999999,
            37.50102
          ],
          [
            127.10079999999999,
            37.50103
          ],
          [
            127.10079999999999,
            37.50104
          ],
          [
            127.10079999999999,
            37.50105
          ],
          [
            127.10079999999999,
            37.50106
          ],
          [
            127.10079999999999,
            37.50107
          ],
          [
            127.10079999999999,
            37.50108
          ],
          [
            127.10079999999999,
            37.50109
          ],
          [
            127.10079999999999,
            37.5011
          ],
          [
            127.10079999999999,
            37.50111
          ],
          [
            127.10079999999999,
            37.50112
          ],
          [
            127.10079999999999,
            37.50113
          ],
          [
            127.10079999999999,
            37.50114
          ],
          [
            127.10079999999999,
            37.50115
          ],
          [
            127.10079999999999,
            37.50116
          ],
          [
            127.10079999999999,
            37.50117
          ],
          [
            127.10079999999999,
            37.50118
          ],
          [
            127.10078999999999,
            37.50119
          ]
        ]
      }
    },
    {
      "type": "Feature",
      "properties": {
        "edge_id": 12,
        "source": 2,
        "target": 10,
        "length_m": 102.01,
        "walkable": true,
        "confidence": 1.0
      },
      "geometry": {
        "type": "LineString",
        "coordinates": [
          [
            127.10122,
            37.50068
          ],
          [
            127.10123,
            37.50068
          ],
          [
            127.10122,
            37.50069
          ],
          [
            127.10121,
            37.5007
          ],
          [
            127.10121,
            37.50071
          ],
          [
            127.10121,
            37.50072
          ],
          [
            127.10121,
            37.50073
          ],
          [
            127.10119999999999,
            37.50074
          ],
          [
            127.10119999999999,
            37.50075
          ],
          [
            127.10119999999999,
            37.50076
          ],
          [
            127.10119999999999,
            37.50077
          ],
          [
            127.10119999999999,
            37.50078
          ],
          [
            127.10118999999999,
            37.50079
          ],
          [
            127.10118,
            37.5008
          ],
          [
            127.10117,
            37.5008
          ],
          [
            127.10116,
            37.5008
          ],
          [
            127.10114999999999,
            37.5008
          ],
          [
            127.10114,
            37.5008
          ],
          [
            127.10113,
            37.5008
          ],
          [
            127.10112,
            37.5008
          ],
          [
            127.10110999999999,
            37.5008
          ],
          [
            127.10109999999999,
            37.5008
          ],
          [
            127.10109,
            37.5008
          ],
          [
            127.10108,
            37.5008
          ],
          [
            127.10106999999999,
            37.5008
          ],
          [
            127.10105999999999,
            37.5008
          ],
          [
            127.10105,
            37.5008
          ],
          [
            127.10104,
            37.5008
          ],
          [
            127.10103,
            37.5008
          ],
          [
            127.10101999999999,
            37.5008
          ],
          [
            127.10100999999999,
            37.5008
          ],
          [
            127.101,
            37.5008
          ],
          [
            127.10099,
            37.5008
          ],
          [
            127.10097999999999,
            37.5008
          ],
          [
            127.10096999999999,
            37.5008
          ],
          [
            127.10096,
            37.5008
          ],
          [
            127.10095,
            37.5008
          ],
          [
            127.10094,
            37.5008
          ],
          [
            127.10092999999999,
            37.5008
          ],
          [
            127.10091999999999,
            37.5008
          ],
          [
            127.10091,
            37.5008
          ],
          [
            127.1009,
            37.5008
          ],
          [
            127.10088999999999,
            37.5008
          ],
          [
            127.10087999999999,
            37.5008
          ],
          [
            127.10087,
            37.5008
          ],
          [
            127.10086,
            37.5008
          ],
          [
            127.10085,
            37.5008
          ],
          [
            127.10083999999999,
            37.5008
          ],
          [
            127.10082999999999,
            37.5008
          ],
          [
            127.10082,
            37.5008
          ],
          [
            127.10081,
            37.5008
          ],
          [
            127.10079999999999,
            37.50081
          ],
          [
            127.10079999999999,
            37.50082
          ],
          [
            127.10079999999999,
            37.50083
          ],
          [
            127.10079999999999,
            37.50084
          ],
          [
            127.10079999999999,
            37.50085
          ],
          [
            127.10079999999999,
            37.50086
          ],
          [
            127.10079999999999,
            37.50087
          ],
          [
            127.10079999999999,
            37.50088
          ],
          [
            127.10079999999999,
            37.50089
          ],
          [
            127.10079999999999,
            37.5009
          ],
          [
            127.10079999999999,
            37.50091
          ],
          [
            127.10079999999999,
            37.50092
          ],
          [
            127.10079999999999,
            37.50093
          ],
          [
            127.10079999999999,
            37.50094
          ],
          [
            127.10079999999999,
            37.50095
          ],
          [
            127.10079999999999,
            37.50096
          ],
          [
            127.10079999999999,
            37.50097
          ],
          [
            127.10079999999999,
            37.50098
          ],
          [
            127.10079999999999,
            37.50099
          ],
          [
            127.10079999999999,
            37.501
          ],
          [
            127.10079999999999,
            37.50101
          ],
          [
            127.10079999999999,
            37.50102
          ],
          [
            127.10079999999999,
            37.50103
          ],
          [
            127.10079999999999,
            37.50104
          ],
          [
            127.10079999999999,
            37.50105
          ],
          [
            127.10079999999999,
            37.50106
          ],
          [
            127.10079999999999,
            37.50107
          ],
          [
            127.10079999999999,
            37.50108
          ],
          [
            127.10079999999999,
            37.50109
          ],
          [
            127.10079999999999,
            37.5011
          ],
          [
            127.10079999999999,
            37.50111
          ],
          [
            127.10079999999999,
            37.50112
          ],
          [
            127.10079999999999,
            37.50113
          ],
          [
            127.10079999999999,
            37.50114
          ],
          [
            127.10079999999999,
            37.50115
          ],
          [
            127.10079999999999,
            37.50116
          ],
          [
            127.10079999999999,
            37.50117
          ],
          [
            127.10079999999999,
            37.50118
          ],
          [
            127.10078999999999,
            37.50119
          ]
        ]
      }
    },
    {
      "type": "Feature",
      "properties": {
        "edge_id": 13,
        "source": 2,
        "target": 10,
        "length_m": 103.58,
        "walkable": true,
        "confidence": 1.0
      },
      "geometry": {
        "type": "LineString",
        "coordinates": [
          [
            127.10122,
            37.50068
          ],
          [
            127.10123,
            37.50067
          ],
          [
            127.10123,
            37.50068
          ],
          [
            127.10122,
            37.50069
          ],
          [
            127.10121,
            37.5007
          ],
          [
            127.10121,
            37.50071
          ],
          [
            127.10121,
            37.50072
          ],
          [
            127.10121,
            37.50073
          ],
          [
            127.10119999999999,
            37.50074
          ],
          [
            127.10119999999999,
            37.50075
          ],
          [
            127.10119999999999,
            37.50076
          ],
          [
            127.10119999999999,
            37.50077
          ],
          [
            127.10119999999999,
            37.50078
          ],
          [
            127.10118999999999,
            37.50079
          ],
          [
            127.10118,
            37.5008
          ],
          [
            127.10117,
            37.5008
          ],
          [
            127.10116,
            37.5008
          ],
          [
            127.10114999999999,
            37.5008
          ],
          [
            127.10114,
            37.5008
          ],
          [
            127.10113,
            37.5008
          ],
          [
            127.10112,
            37.5008
          ],
          [
            127.10110999999999,
            37.5008
          ],
          [
            127.10109999999999,
            37.5008
          ],
          [
            127.10109,
            37.5008
          ],
          [
            127.10108,
            37.5008
          ],
          [
            127.10106999999999,
            37.5008
          ],
          [
            127.10105999999999,
            37.5008
          ],
          [
            127.10105,
            37.5008
          ],
          [
            127.10104,
            37.5008
          ],
          [
            127.10103,
            37.5008
          ],
          [
            127.10101999999999,
            37.5008
          ],
          [
            127.10100999999999,
            37.5008
          ],
          [
            127.101,
            37.5008
          ],
          [
            127.10099,
            37.5008
          ],
          [
            127.10097999999999,
            37.5008
          ],
          [
            127.10096999999999,
            37.5008
          ],
          [
            127.10096,
            37.5008
          ],
          [
            127.10095,
            37.5008
          ],
          [
            127.10094,
            37.5008
          ],
          [
            127.10092999999999,
            37.5008
          ],
          [
            127.10091999999999,
            37.5008
          ],
          [
            127.10091,
            37.5008
          ],
          [
            127.1009,
            37.5008
          ],
          [
            127.10088999999999,
            37.5008
          ],
          [
            127.10087999999999,
            37.5008
          ],
          [
            127.10087,
            37.5008
          ],
          [
            127.10086,
            37.5008
          ],
          [
            127.10085,
            37.5008
          ],
          [
            127.10083999999999,
            37.5008
          ],
          [
            127.10082999999999,
            37.5008
          ],
          [
            127.10082,
            37.5008
          ],
          [
            127.10081,
            37.5008
          ],
          [
            127.10079999999999,
            37.50081
          ],
          [
            127.10079999999999,
            37.50082
          ],
          [
            127.10079999999999,
            37.50083
          ],
          [
            127.10079999999999,
            37.50084
          ],
          [
            127.10079999999999,
            37.50085
          ],
          [
            127.10079999999999,
            37.50086
          ],
          [
            127.10079999999999,
            37.50087
          ],
          [
            127.10079999999999,
            37.50088
          ],
          [
            127.10079999999999,
            37.50089
          ],
          [
            127.10079999999999,
            37.5009
          ],
          [
            127.10079999999999,
            37.50091
          ],
          [
            127.10079999999999,
            37.50092
          ],
          [
            127.10079999999999,
            37.50093
          ],
          [
            127.10079999999999,
            37.50094
          ],
          [
            127.10079999999999,
            37.50095
          ],
          [
            127.10079999999999,
            37.50096
          ],
          [
            127.10079999999999,
            37.50097
          ],
          [
            127.10079999999999,
            37.50098
          ],
          [
            127.10079999999999,
            37.50099
          ],
          [
            127.10079999999999,
            37.501
          ],
          [
            127.10079999999999,
            37.50101
          ],
          [
            127.10079999999999,
            37.50102
          ],
          [
            127.10079999999999,
            37.50103
          ],
          [
            127.10079999999999,
            37.50104
          ],
          [
            127.10079999999999,
            37.50105
          ],
          [
            127.10079999999999,
            37.50106
          ],
          [
            127.10079999999999,
            37.50107
          ],
          [
            127.10079999999999,
            37.50108
          ],
          [
            127.10079999999999,
            37.50109
          ],
          [
            127.10079999999999,
            37.5011
          ],
          [
            127.10079999999999,
            37.50111
          ],
          [
            127.10079999999999,
            37.50112
          ],
          [
            127.10079999999999,
            37.50113
          ],
          [
            127.10079999999999,
            37.50114
          ],
          [
            127.10079999999999,
            37.50115
          ],
          [
            127.10079999999999,
            37.50116
          ],
          [
            127.10079999999999,
            37.50117
          ],
          [
            127.10079999999999,
            37.50118
          ],
          [
            127.10078999999999,
            37.50119
          ]
        ]
      }
    },
    {
      "type": "Feature",
      "properties": {
        "edge_id": 14,
        "source": 3,
        "target": 10,
        "length_m": 22.66,
        "walkable": true,
        "confidence": 1.0
      },
      "geometry": {
        "type": "LineString",
        "coordinates": [
          [
            127.10079999999999,
            37.50139
          ],
          [
            127.10079999999999,
            37.50138
          ],
          [
            127.10079999999999,
            37.50137
          ],
          [
            127.10079999999999,
            37.50136
          ],
          [
            127.10079999999999,
            37.50135
          ],
          [
            127.10079999999999,
            37.50134
          ],
          [
            127.10079999999999,
            37.50133
          ],
          [
            127.10079999999999,
            37.50132
          ],
          [
            127.10079999999999,
            37.50131
          ],
          [
            127.10079999999999,
            37.5013
          ],
          [
            127.10079999999999,
            37.50129
          ],
          [
            127.10079999999999,
            37.50128
          ],
          [
            127.10079999999999,
            37.50127
          ],
          [
            127.10079999999999,
            37.50126
          ],
          [
            127.10079999999999,
            37.50125
          ],
          [
            127.10079999999999,
            37.50124
          ],
          [
            127.10079999999999,
            37.50123
          ],
          [
            127.10079999999999,
            37.50122
          ],
          [
            127.10079999999999,
            37.50121
          ],
          [
            127.10079999999999,
            37.5012
          ],
          [
            127.10078999999999,
            37.50119
          ]
        ]
      }
    },
    {
      "type": "Feature",
      "properties": {
        "edge_id": 15,
        "source": 3,
        "target": 10,
        "length_m": 22.66,
        "walkable": true,
        "confidence": 1.0
      },
      "geometry": {
        "type": "LineString",
        "coordinates": [
          [
            127.10078999999999,
            37.50119
          ],
          [
            127.10079999999999,
            37.5012
          ],
          [
            127.10079999999999,
            37.50121
          ],
          [
            127.10079999999999,
            37.50122
          ],
          [
            127.10079999999999,
            37.50123
          ],
          [
            127.10079999999999,
            37.50124
          ],
          [
            127.10079999999999,
            37.50125
          ],
          [
            127.10079999999999,
            37.50126
          ],
          [
            127.10079999999999,
            37.50127
          ],
          [
            127.10079999999999,
            37.50128
          ],
          [
            127.10079999999999,
            37.50129
          ],
          [
            127.10079999999999,
            37.5013
          ],
          [
            127.10079999999999,
            37.50131
          ],
          [
            127.10079999999999,
            37.50132
          ],
          [
            127.10079999999999,
            37.50133
          ],
          [
            127.10079999999999,
            37.50134
          ],
          [
            127.10079999999999,
            37.50135
          ],
          [
            127.10079999999999,
            37.50136
          ],
          [
            127.10079999999999,
            37.50137
          ],
          [
            127.10079999999999,
            37.50138
          ],
          [
            127.10079999999999,
            37.50139
          ]
        ]
      }
    },
    {
      "type": "Feature",
      "properties": {
        "edge_id": 16,
        "source": 4,
        "target": 10,
        "length_m": 31.7,
        "walkable": true,
        "confidence": 1.0
      },
      "geometry": {
        "type": "LineString",
        "coordinates": [
          [
            127.10078999999999,
            37.50119
          ],
          [
            127.10078,
            37.50119
          ],
          [
            127.10077,
            37.50119
          ],
          [
            127.10076,
            37.5012
          ],
          [
            127.10074999999999,
            37.5012
          ],
          [
            127.10073999999999,
            37.5012
          ],
          [
            127.10073,
            37.5012
          ],
          [
            127.10072,
            37.50121
          ],
          [
            127.10070999999999,
            37.50121
          ],
          [
            127.10069999999999,
            37.50121
          ],
          [
            127.10069,
            37.50122
          ],
          [
            127.10068,
            37.50122
          ],
          [
            127.10067,
            37.50123
          ],
          [
            127.10065999999999,
            37.50123
          ],
          [
            127.10064999999999,
            37.50124
          ],
          [
            127.10064,
            37.50125
          ],
          [
            127.10063,
            37.50125
          ],
          [
            127.10061999999999,
            37.50126
          ],
          [
            127.10060999999999,
            37.50126
          ],
          [
            127.1006,
            37.50127
          ],
          [
            127.10059,
            37.50128
          ],
          [
            127.10058,
            37.50128
          ],
          [
            127.10056999999999,
            37.50129
          ],
          [
            127.10055999999999,
            37.50129
          ],
          [
            127.10055,
            37.5013
          ]
        ]
      }
    },
    {
      "type": "Feature",
      "properties": {
        "edge_id": 17,
        "source": 4,
        "target": 10,
        "length_m": 31.7,
        "walkable": true,
        "confidence": 1.0
      },
      "geometry": {
        "type": "LineString",
        "coordinates": [
          [
            127.10055,
            37.5013
          ],
          [
            127.10055999999999,
            37.50129
          ],
          [
            127.10056999999999,
            37.50129
          ],
          [
            127.10058,
            37.50128
          ],
          [
            127.10059,
            37.50128
          ],
          [
            127.1006,
            37.50127
          ],
          [
            127.10060999999999,
            37.50126
          ],
          [
            127.10061999999999,
            37.50126
          ],
          [
            127.10063,
            37.50125
          ],
          [
            127.10064,
            37.50125
          ],
          [
            127.10064999999999,
            37.50124
          ],
          [
            127.10065999999999,
            37.50123
          ],
          [
            127.10067,
            37.50123
          ],
          [
            127.10068,
            37.50122
          ],
          [
            127.10069,
            37.50122
          ],
          [
            127.10069999999999,
            37.50121
          ],
          [
            127.10070999999999,
            37.50121
          ],
          [
            127.10072,
            37.50121
          ],
          [
            127.10073,
            37.5012
          ],
          [
            127.10073999999999,
            37.5012
          ],
          [
            127.10074999999999,
            37.5012
          ],
          [
            127.10076,
            37.5012
          ],
          [
            127.10077,
            37.50119
          ],
          [
            127.10078,
            37.50119
          ],
          [
            127.10078999999999,
            37.50119
          ]
        ]
      }
    },
    {
      "type": "Feature",
      "properties": {
        "edge_id": 18,
        "source": 5,
        "target": 13,
        "length_m": 45.1,
        "walkable": true,
        "confidence": 1.0
      },
      "geometry": {
        "type": "LineString",
        "coordinates": [
          [
            127.10041,
            37.50081
          ],
          [
            127.10041,
            37.50082
          ],
          [
            127.10041,
            37.50083
          ],
          [
            127.1004,
            37.50084
          ],
          [
            127.1004,
            37.50085
          ],
          [
            127.1004,
            37.50086
          ],
          [
            127.1004,
            37.50087
          ],
          [
            127.10038999999999,
            37.50088
          ],
          [
            127.10038999999999,
            37.50089
          ],
          [
            127.10038999999999,
            37.5009
          ],
          [
            127.10038999999999,
            37.50091
          ],
          [
            127.10038,
            37.50092
          ],
          [
            127.10038,
            37.50093
          ],
          [
            127.10037,
            37.50094
          ],
          [
            127.10036,
            37.50095
          ],
          [
            127.10036,
            37.50096
          ],
          [
            127.10034999999999,
            37.50097
          ],
          [
            127.10034999999999,
            37.50098
          ],
          [
            127.10033999999999,
            37.50099
          ],
          [
            127.10033999999999,
            37.501
          ],
          [
            127.10033,
            37.50101
          ],
          [
            127.10032,
            37.50102
          ],
          [
            127.10032,
            37.50103
          ],
          [
            127.10031,
            37.50104
          ],
          [
            127.10031,
            37.50105
          ],
          [
            127.10029999999999,
            37.50106
          ],
          [
            127.10029999999999,
            37.50107
          ],
          [
            127.10029,
            37.50108
          ],
          [
            127.10028,
            37.50109
          ],
          [
            127.10028,
            37.5011
          ],
          [
            127.10027,
            37.50111
          ],
          [
            127.10027,
            37.50112
          ],
          [
            127.10025999999999,
            37.50113
          ],
          [
            127.10025999999999,
            37.50114
          ],
          [
            127.10024999999999,
            37.50115
          ]
        ]
      }
    },
    {
      "type": "Feature",
      "properties": {
        "edge_id": 19,
        "source": 5,
        "target": 13,
        "length_m": 45.1,
        "walkable": true,
        "confidence": 1.0
      },
      "geometry": {
        "type": "LineString",
        "coordinates": [
          [
            127.10024999999999,
            37.50115
          ],
          [
            127.10025999999999,
            37.50114
          ],
          [
            127.10025999999999,
            37.50113
          ],
          [
            127.10027,
            37.50112
          ],
          [
            127.10027,
            37.50111
          ],
          [
            127.10028,
            37.5011
          ],
          [
            127.10028,
            37.50109
          ],
          [
            127.10029,
            37.50108
          ],
          [
            127.10029999999999,
            37.50107
          ],
          [
            127.10029999999999,
            37.50106
          ],
          [
            127.10031,
            37.50105
          ],
          [
            127.10031,
            37.50104
          ],
          [
            127.10032,
            37.50103
          ],
          [
            127.10032,
            37.50102
          ],
          [
            127.10033,
            37.50101
          ],
          [
            127.10033999999999,
            37.501
          ],
          [
            127.10033999999999,
            37.50099
          ],
          [
            127.10034999999999,
            37.50098
          ],
          [
            127.10034999999999,
            37.50097
          ],
          [
            127.10036,
            37.50096
          ],
          [
            127.10036,
            37.50095
          ],
          [
            127.10037,
            37.50094
          ],
          [
            127.10038,
            37.50093
          ],
          [
            127.10038,
            37.50092
          ],
          [
            127.10038999999999,
            37.50091
          ],
          [
            127.10038999999999,
            37.5009
          ],
          [
            127.10038999999999,
            37.50089
          ],
          [
            127.10038999999999,
            37.50088
          ],
          [
            127.1004,
            37.50087
          ],
          [
            127.1004,
            37.50086
          ],
          [
            127.1004,
            37.50085
          ],
          [
            127.1004,
            37.50084
          ],
          [
            127.10041,
            37.50083
          ],
          [
            127.10041,
            37.50082
          ],
          [
            127.10041,
            37.50081
          ]
        ]
      }
    },
    {
      "type": "Feature",
      "properties": {
        "edge_id": 20,
        "source": 6,
        "target": 10,
        "length_m": 43.75,
        "walkable": true,
        "confidence": 1.0
      },
      "geometry": {
        "type": "LineString",
        "coordinates": [
          [
            127.10079999999999,
            37.5008
          ],
          [
            127.10079999999999,
            37.50081
          ],
          [
            127.10079999999999,
            37.50082
          ],
          [
            127.10079999999999,
            37.50083
          ],
          [
            127.10079999999999,
            37.50084
          ],
          [
            127.10079999999999,
            37.50085
          ],
          [
            127.10079999999999,
            37.50086
          ],
          [
            127.10079999999999,
            37.50087
          ],
          [
            127.10079999999999,
            37.50088
          ],
          [
            127.10079999999999,
            37.50089
          ],
          [
            127.10079999999999,
            37.5009
          ],
          [
            127.10079999999999,
            37.50091
          ],
          [
            127.10079999999999,
            37.50092
          ],
          [
            127.10079999999999,
            37.50093
          ],
          [
            127.10079999999999,
            37.50094
          ],
          [
            127.10079999999999,
            37.50095
          ],
          [
            127.10079999999999,
            37.50096
          ],
          [
            127.10079999999999,
            37.50097
          ],
          [
            127.10079999999999,
            37.50098
          ],
          [
            127.10079999999999,
            37.50099
          ],
          [
            127.10079999999999,
            37.501
          ],
          [
            127.10079999999999,
            37.50101
          ],
          [
            127.10079999999999,
            37.50102
          ],
          [
            127.10079999999999,
            37.50103
          ],
          [
            127.10079999999999,
            37.50104
          ],
          [
            127.10079999999999,
            37.50105
          ],
          [
            127.10079999999999,
            37.50106
          ],
          [
            127.10079999999999,
            37.50107
          ],
          [
            127.10079999999999,
            37.50108
          ],
          [
            127.10079999999999,
            37.50109
          ],
          [
            127.10079999999999,
            37.5011
          ],
          [
            127.10079999999999,
            37.50111
          ],
          [
            127.10079999999999,
            37.50112
          ],
          [
            127.10079999999999,
            37.50113
          ],
          [
            127.10079999999999,
            37.50114
          ],
          [
            127.10079999999999,
            37.50115
          ],
          [
            127.10079999999999,
            37.50116
          ],
          [
            127.10079999999999,
            37.50117
          ],
          [
            127.10079999999999,
            37.50118
          ],
          [
            127.10078999999999,
            37.50119
          ]
        ]
      }
    },
    {
      "type": "Feature",
      "properties": {
        "edge_id": 21,
        "source": 6,
        "target": 10,
        "length_m": 45.32,
        "walkable": true,
        "confidence": 1.0
      },
      "geometry": {
        "type": "LineString",
        "coordinates": [
          [
            127.10079999999999,
            37.5008
          ],
          [
            127.10078999999999,
            37.5008
          ],
          [
            127.10079999999999,
            37.50081
          ],
          [
            127.10079999999999,
            37.50082
          ],
          [
            127.10079999999999,
            37.50083
          ],
          [
            127.10079999999999,
            37.50084
          ],
          [
            127.10079999999999,
            37.50085
          ],
          [
            127.10079999999999,
            37.50086
          ],
          [
            127.10079999999999,
            37.50087
          ],
          [
            127.10079999999999,
            37.50088
          ],
          [
            127.10079999999999,
            37.50089
          ],
          [
            127.10079999999999,
            37.5009
          ],
          [
            127.10079999999999,
            37.50091
          ],
          [
            127.10079999999999,
            37.50092
          ],
          [
            127.10079999999999,
            37.50093
          ],
          [
            127.10079999999999,
            37.50094
          ],
          [
            127.10079999999999,
            37.50095
          ],
          [
            127.10079999999999,
            37.50096
          ],
          [
            127.10079999999999,
            37.50097
          ],
          [
            127.10079999999999,
            37.50098
          ],
          [
            127.10079999999999,
            37.50099
          ],
          [
            127.10079999999999,
            37.501
          ],
          [
            127.10079999999999,
            37.50101
          ],
          [
            127.10079999999999,
            37.50102
          ],
          [
            127.10079999999999,
            37.50103
          ],
          [
            127.10079999999999,
            37.50104
          ],
          [
            127.10079999999999,
            37.50105
          ],
          [
            127.10079999999999,
            37.50106
          ],
          [
            127.10079999999999,
            37.50107
          ],
          [
            127.10079999999999,
            37.50108
          ],
          [
            127.10079999999999,
            37.50109
          ],
          [
            127.10079999999999,
            37.5011
          ],
          [
            127.10079999999999,
            37.50111
          ],
          [
            127.10079999999999,
            37.50112
          ],
          [
            127.10079999999999,
            37.50113
          ],
          [
            127.10079999999999,
            37.50114
          ],
          [
            127.10079999999999,
            37.50115
          ],
          [
            127.10079999999999,
            37.50116
          ],
          [
            127.10079999999999,
            37.50117
          ],
          [
            127.10079999999999,
            37.50118
          ],
          [
            127.10078999999999,
            37.50119
          ]
        ]
      }
    },
    {
      "type": "Feature",
      "properties": {
        "edge_id": 22,
        "source": 6,
        "target": 10,
        "length_m": 45.32,
        "walkable": true,
        "confidence": 1.0
      },
      "geometry": {
        "type": "LineString",
        "coordinates": [
          [
            127.10079999999999,
            37.5008
          ],
          [
            127.10081,
            37.5008
          ],
          [
            127.10079999999999,
            37.50081
          ],
          [
            127.10079999999999,
            37.50082
          ],
          [
            127.10079999999999,
            37.50083
          ],
          [
            127.10079999999999,
            37.50084
          ],
          [
            127.10079999999999,
            37.50085
          ],
          [
            127.10079999999999,
            37.50086
          ],
          [
            127.10079999999999,
            37.50087
          ],
          [
            127.10079999999999,
            37.50088
          ],
          [
            127.10079999999999,
            37.50089
          ],
          [
            127.10079999999999,
            37.5009
          ],
          [
            127.10079999999999,
            37.50091
          ],
          [
            127.10079999999999,
            37.50092
          ],
          [
            127.10079999999999,
            37.50093
          ],
          [
            127.10079999999999,
            37.50094
          ],
          [
            127.10079999999999,
            37.50095
          ],
          [
            127.10079999999999,
            37.50096
          ],
          [
            127.10079999999999,
            37.50097
          ],
          [
            127.10079999999999,
            37.50098
          ],
          [
            127.10079999999999,
            37.50099
          ],
          [
            127.10079999999999,
            37.501
          ],
          [
            127.10079999999999,
            37.50101
          ],
          [
            127.10079999999999,
            37.50102
          ],
          [
            127.10079999999999,
            37.50103
          ],
          [
            127.10079999999999,
            37.50104
          ],
          [
            127.10079999999999,
            37.50105
          ],
          [
            127.10079999999999,
            37.50106
          ],
          [
            127.10079999999999,
            37.50107
          ],
          [
            127.10079999999999,
            37.50108
          ],
          [
            127.10079999999999,
            37.50109
          ],
          [
            127.10079999999999,
            37.5011
          ],
          [
            127.10079999999999,
            37.50111
          ],
          [
            127.10079999999999,
            37.50112
          ],
          [
            127.10079999999999,
            37.50113
          ],
          [
            127.10079999999999,
            37.50114
          ],
          [
            127.10079999999999,
            37.50115
          ],
          [
            127.10079999999999,
            37.50116
          ],
          [
            127.10079999999999,
            37.50117
          ],
          [
            127.10079999999999,
            37.50118
          ],
          [
            127.10078999999999,
            37.50119
          ]
        ]
      }
    },
    {
      "type": "Feature",
      "properties": {
        "edge_id": 23,
        "source": 6,
        "target": 10,
        "length_m": 46.89,
        "walkable": true,
        "confidence": 1.0
      },
      "geometry": {
        "type": "LineString",
        "coordinates": [
          [
            127.10079999999999,
            37.5008
          ],
          [
            127.10079999999999,
            37.50079
          ],
          [
            127.10078999999999,
            37.5008
          ],
          [
            127.10079999999999,
            37.50081
          ],
          [
            127.10079999999999,
            37.50082
          ],
          [
            127.10079999999999,
            37.50083
          ],
          [
            127.10079999999999,
            37.50084
          ],
          [
            127.10079999999999,
            37.50085
          ],
          [
            127.10079999999999,
            37.50086
          ],
          [
            127.10079999999999,
            37.50087
          ],
          [
            127.10079999999999,
            37.50088
          ],
          [
            127.10079999999999,
            37.50089
          ],
          [
            127.10079999999999,
            37.5009
          ],
          [
            127.10079999999999,
            37.50091
          ],
          [
            127.10079999999999,
            37.50092
          ],
          [
            127.10079999999999,
            37.50093
          ],
          [
            127.10079999999999,
            37.50094
          ],
          [
            127.10079999999999,
            37.50095
          ],
          [
            127.10079999999999,
            37.50096
          ],
          [
            127.10079999999999,
            37.50097
          ],
          [
            127.10079999999999,
            37.50098
          ],
          [
            127.10079999999999,
            37.50099
          ],
          [
            127.10079999999999,
            37.501
          ],
          [
            127.10079999999999,
            37.50101
          ],
          [
            127.10079999999999,
            37.50102
          ],
          [
            127.10079999999999,
            37.50103
          ],
          [
            127.10079999999999,
            37.50104
          ],
          [
            127.10079999999999,
            37.50105
          ],
          [
            127.10079999999999,
            37.50106
          ],
          [
            127.10079999999999,
            37.50107
          ],
          [
            127.10079999999999,
            37.50108
          ],
          [
            127.10079999999999,
            37.50109
          ],
          [
            127.10079999999999,
            37.5011
          ],
          [
            127.10079999999999,
            37.50111
          ],
          [
            127.10079999999999,
            37.50112
          ],
          [
            127.10079999999999,
            37.50113
          ],
          [
            127.10079999999999,
            37.50114
          ],
          [
            127.10079999999999,
            37.50115
          ],
          [
            127.10079999999999,
            37.50116
          ],
          [
            127.10079999999999,
            37.50117
          ],
          [
            127.10079999999999,
            37.50118
          ],
          [
            127.10078999999999,
            37.50119
          ]
        ]
      }
    },
    {
      "type": "Feature",
      "properties": {
        "edge_id": 24,
        "source": 7,
        "target": 9,
        "length_m": 11.64,
        "walkable": true,
        "confidence": 1.0
      },
      "geometry": {
        "type": "LineString",
        "coordinates": [
          [
            127.10137999999999,
            37.50044
          ],
          [
            127.10136999999999,
            37.50045
          ],
          [
            127.10136,
            37.50046
          ],
          [
            127.10136,
            37.50047
          ],
          [
            127.10135,
            37.50048
          ],
          [
            127.10134,
            37.50049
          ],
          [
            127.10134,
            37.5005
          ],
          [
            127.10132999999999,
            37.50051
          ],
          [
            127.10132,
            37.50052
          ]
        ]
      }
    },
    {
      "type": "Feature",
      "properties": {
        "edge_id": 25,
        "source": 7,
        "target": 9,
        "length_m": 12.29,
        "walkable": true,
        "confidence": 1.0
      },
      "geometry": {
        "type": "LineString",
        "coordinates": [
          [
            127.10137999999999,
            37.50044
          ],
          [
            127.10136999999999,
            37.50044
          ],
          [
            127.10136999999999,
            37.50045
          ],
          [
            127.10136,
            37.50046
          ],
          [
            127.10136,
            37.50047
          ],
          [
            127.10135,
            37.50048
          ],
          [
            127.10134,
            37.50049
          ],
          [
            127.10134,
            37.5005
          ],
          [
            127.10132999999999,
            37.50051
          ],
          [
            127.10132,
            37.50052
          ]
        ]
      }
    },
    {
      "type": "Feature",
      "properties": {
        "edge_id": 26,
        "source": 7,
        "target": 9,
        "length_m": 13.86,
        "walkable": true,
        "confidence": 1.0
      },
      "geometry": {
        "type": "LineString",
        "coordinates": [
          [
            127.10137999999999,
            37.50044
          ],
          [
            127.10137999999999,
            37.50043
          ],
          [
            127.10136999999999,
            37.50044
          ],
          [
            127.10136999999999,
            37.50045
          ],
          [
            127.10136,
            37.50046
          ],
          [
            127.10136,
            37.50047
          ],
          [
            127.10135,
            37.50048
          ],
          [
            127.10134,
            37.50049
          ],
          [
            127.10134,
            37.5005
          ],
          [
            127.10132999999999,
            37.50051
          ],
          [
            127.10132,
            37.50052
          ]
        ]
      }
    },
    {
      "type": "Feature",
      "properties": {
        "edge_id": 27,
        "source": 9,
        "target": 12,
        "length_m": 17.0,
        "walkable": true,
        "confidence": 1.0
      },
      "geometry": {
        "type": "LineString",
        "coordinates": [
          [
            127.1014,
            37.5004
          ],
          [
            127.10139,
            37.50041
          ],
          [
            127.10139,
            37.50042
          ],
          [
            127.10137999999999,
            37.50043
          ],
          [
            127.10136999999999,
            37.50044
          ],
          [
            127.10136999999999,
            37.50045
          ],
          [
            127.10136,
            37.50046
          ],
          [
            127.10136,
            37.50047
          ],
          [
            127.10135,
            37.50048
          ],
          [
            127.10134,
            37.50049
          ],
          [
            127.10134,
            37.5005
          ],
          [
            127.10132999999999,
            37.50051
          ],
          [
            127.10132,
            37.50052
          ]
        ]
      }
    },
    {
      "type": "Feature",
      "properties": {
        "edge_id": 28,
        "source": 10,
        "target": 11,
        "length_m": 110.16,
        "walkable": true,
        "confidence": 1.0
      },
      "geometry": {
        "type": "LineString",
        "coordinates": [
          [
            127.10079999999999,
            37.50021
          ],
          [
            127.10079999999999,
            37.50022
          ],
          [
            127.10079999999999,
            37.50023
          ],
          [
            127.10079999999999,
            37.50024
          ],
          [
            127.10079999999999,
            37.50025
          ],
          [
            127.10079999999999,
            37.50026
          ],
          [
            127.10079999999999,
            37.50027
          ],
          [
            127.10079999999999,
            37.50028
          ],
          [
            127.10079999999999,
            37.50029
          ],
          [
            127.10079999999999,
            37.5003
          ],
          [
            127.10079999999999,
            37.50031
          ],
          [
            127.10079999999999,
            37.50032
          ],
          [
            127.10079999999999,
            37.50033
          ],
          [
            127.10079999999999,
            37.50034
          ],
          [
            127.10079999999999,
            37.50035
          ],
          [
            127.10079999999999,
            37.50036
          ],
          [
            127.10079999999999,
            37.50037
          ],
          [
            127.10079999999999,
            37.50038
          ],
          [
            127.10079999999999,
            37.50039
          ],
          [
            127.10079999999999,
            37.5004
          ],
          [
            127.10079999999999,
            37.50041
          ],
          [
            127.10079999999999,
            37.50042
          ],
          [
            127.10079999999999,
            37.50043
          ],
          [
            127.10079999999999,
            37.50044
          ],
          [
            127.10079999999999,
            37.50045
          ],
          [
            127.10079999999999,
            37.50046
          ],
          [
            127.10079999999999,
            37.50047
          ],
          [
            127.10079999999999,
            37.50048
          ],
          [
            127.10079999999999,
            37.50049
          ],
          [
            127.10079999999999,
            37.5005
          ],
          [
            127.10079999999999,
            37.50051
          ],
          [
            127.10079999999999,
            37.50052
          ],
          [
            127.10079999999999,
            37.50053
          ],
          [
            127.10079999999999,
            37.50054
          ],
          [
            127.10079999999999,
            37.50055
          ],
          [
            127.10079999999999,
            37.50056
          ],
          [
            127.10079999999999,
            37.50057
          ],
          [
            127.10079999999999,
            37.50058
          ],
          [
            127.10079999999999,
            37.50059
          ],
          [
            127.10079999999999,
            37.5006
          ],
          [
            127.10079999999999,
            37.50061
          ],
          [
            127.10079999999999,
            37.50062
          ],
          [
            127.10079999999999,
            37.50063
          ],
          [
            127.10079999999999,
            37.50064
          ],
          [
            127.10079999999999,
            37.50065
          ],
          [
            127.10079999999999,
            37.50066
          ],
          [
            127.10079999999999,
            37.50067
          ],
          [
            127.10079999999999,
            37.50068
          ],
          [
            127.10079999999999,
            37.50069
          ],
          [
            127.10079999999999,
            37.5007
          ],
          [
            127.10079999999999,
            37.50071
          ],
          [
            127.10079999999999,
            37.50072
          ],
          [
            127.10079999999999,
            37.50073
          ],
          [
            127.10079999999999,
            37.50074
          ],
          [
            127.10079999999999,
            37.50075
          ],
          [
            127.10079999999999,
            37.50076
          ],
          [
            127.10079999999999,
            37.50077
          ],
          [
            127.10079999999999,
            37.50078
          ],
          [
            127.10079999999999,
            37.50079
          ],
          [
            127.10078999999999,
            37.5008
          ],
          [
            127.10079999999999,
            37.50081
          ],
          [
            127.10079999999999,
            37.50082
          ],
          [
            127.10079999999999,
            37.50083
          ],
          [
            127.10079999999999,
            37.50084
          ],
          [
            127.10079999999999,
            37.50085
          ],
          [
            127.10079999999999,
            37.50086
          ],
          [
            127.10079999999999,
            37.50087
          ],
          [
            127.10079999999999,
            37.50088
          ],
          [
            127.10079999999999,
            37.50089
          ],
          [
            127.10079999999999,
            37.5009
          ],
          [
            127.10079999999999,
            37.50091
          ],
          [
            127.10079999999999,
            37.50092
          ],
          [
            127.10079999999999,
            37.50093
          ],
          [
            127.10079999999999,
            37.50094
          ],
          [
            127.10079999999999,
            37.50095
          ],
          [
            127.10079999999999,
            37.50096
          ],
          [
            127.10079999999999,
            37.50097
          ],
          [
            127.10079999999999,
            37.50098
          ],
          [
            127.10079999999999,
            37.50099
          ],
          [
            127.10079999999999,
            37.501
          ],
          [
            127.10079999999999,
            37.50101
          ],
          [
            127.10079999999999,
            37.50102
          ],
          [
            127.10079999999999,
            37.50103
          ],
          [
            127.10079999999999,
            37.50104
          ],
          [
            127.10079999999999,
            37.50105
          ],
          [
            127.10079999999999,
            37.50106
          ],
          [
            127.10079999999999,
            37.50107
          ],
          [
            127.10079999999999,
            37.50108
          ],
          [
            127.10079999999999,
            37.50109
          ],
          [
            127.10079999999999,
            37.5011
          ],
          [
            127.10079999999999,
            37.50111
          ],
          [
            127.10079999999999,
            37.50112
          ],
          [
            127.10079999999999,
            37.50113
          ],
          [
            127.10079999999999,
            37.50114
          ],
          [
            127.10079999999999,
            37.50115
          ],
          [
            127.10079999999999,
            37.50116
          ],
          [
            127.10079999999999,
            37.50117
          ],
          [
            127.10079999999999,
            37.50118
          ],
          [
            127.10078999999999,
            37.50119
          ]
        ]
      }
    },
    {
      "type": "Feature",
      "properties": {
        "edge_id": 29,
        "source": 10,
        "target": 13,
        "length_m": 86.85,
        "walkable": true,
        "confidence": 1.0
      },
      "geometry": {
        "type": "LineString",
        "coordinates": [
          [
            127.10041,
            37.50081
          ],
          [
            127.10042,
            37.5008
          ],
          [
            127.10042999999999,
            37.5008
          ],
          [
            127.10043999999999,
            37.5008
          ],
          [
            127.10045,
            37.5008
          ],
          [
            127.10046,
            37.5008
          ],
          [
            127.10047,
            37.5008
          ],
          [
            127.10047999999999,
            37.5008
          ],
          [
            127.10049,
            37.5008
          ],
          [
            127.1005,
            37.5008
          ],
          [
            127.10051,
            37.5008
          ],
          [
            127.10051999999999,
            37.5008
          ],
          [
            127.10052999999999,
            37.5008
          ],
          [
            127.10054,
            37.5008
          ],
          [
            127.10055,
            37.5008
          ],
          [
            127.10055999999999,
            37.5008
          ],
          [
            127.10056999999999,
            37.5008
          ],
          [
            127.10058,
            37.5008
          ],
          [
            127.10059,
            37.5008
          ],
          [
            127.1006,
            37.5008
          ],
          [
            127.10060999999999,
            37.5008
          ],
          [
            127.10061999999999,
            37.5008
          ],
          [
            127.10063,
            37.5008
          ],
          [
            127.10064,
            37.5008
          ],
          [
            127.10064999999999,
            37.5008
          ],
          [
            127.10065999999999,
            37.5008
          ],
          [
            127.10067,
            37.5008
          ],
          [
            127.10068,
            37.5008
          ],
          [
            127.10069,
            37.5008
          ],
          [
            127.10069999999999,
            37.5008
          ],
          [
            127.10070999999999,
            37.5008
          ],
          [
            127.10072,
            37.5008
          ],
          [
            127.10073,
            37.5008
          ],
          [
            127.10073999999999,
            37.5008
          ],
          [
            127.10074999999999,
            37.5008
          ],
          [
            127.10076,
            37.5008
          ],
          [
            127.10077,
            37.5008
          ],
          [
            127.10078,
            37.5008
          ],
          [
            127.10078999999999,
            37.5008
          ],
          [
            127.10079999999999,
            37.50081
          ],
          [
            127.10079999999999,
            37.50082
          ],
          [
            127.10079999999999,
            37.50083
          ],
          [
            127.10079999999999,
            37.50084
          ],
          [
            127.10079999999999,
            37.50085
          ],
          [
            127.10079999999999,
            37.50086
          ],
          [
            127.10079999999999,
            37.50087
          ],
          [
            127.10079999999999,
            37.50088
          ],
          [
            127.10079999999999,
            37.50089
          ],
          [
            127.10079999999999,
            37.5009
          ],
          [
            127.10079999999999,
            37.50091
          ],
          [
            127.10079999999999,
            37.50092
          ],
          [
            127.10079999999999,
            37.50093
          ],
          [
            127.10079999999999,
            37.50094
          ],
          [
            127.10079999999999,
            37.50095
          ],
          [
            127.10079999999999,
            37.50096
          ],
          [
            127.10079999999999,
            37.50097
          ],
          [
            127.10079999999999,
            37.50098
          ],
          [
            127.10079999999999,
            37.50099
          ],
          [
            127.10079999999999,
            37.501
          ],
          [
            127.10079999999999,
            37.50101
          ],
          [
            127.10079999999999,
            37.50102
          ],
          [
            127.10079999999999,
            37.50103
          ],
          [
            127.10079999999999,
            37.50104
          ],
          [
            127.10079999999999,
            37.50105
          ],
          [
            127.10079999999999,
            37.50106
          ],
          [
            127.10079999999999,
            37.50107
          ],
          [
            127.10079999999999,
            37.50108
          ],
          [
            127.10079999999999,
            37.50109
          ],
          [
            127.10079999999999,
            37.5011
          ],
          [
            127.10079999999999,
            37.50111
          ],
          [
            127.10079999999999,
            37.50112
          ],
          [
            127.10079999999999,
            37.50113
          ],
          [
            127.10079999999999,
            37.50114
          ],
          [
            127.10079999999999,
            37.50115
          ],
          [
            127.10079999999999,
            37.50116
          ],
          [
            127.10079999999999,
            37.50117
          ],
          [
            127.10079999999999,
            37.50118
          ],
          [
            127.10078999999999,
            37.50119
          ]
        ]
      }
    },
    {
      "type": "Feature",
      "properties": {
        "edge_id": 30,
        "source": 10,
        "target": 13,
        "length_m": 86.85,
        "walkable": true,
        "confidence": 1.0
      },
      "geometry": {
        "type": "LineString",
        "coordinates": [
          [
            127.10078999999999,
            37.50119
          ],
          [
            127.10079999999999,
            37.50118
          ],
          [
            127.10079999999999,
            37.50117
          ],
          [
            127.10079999999999,
            37.50116
          ],
          [
            127.10079999999999,
            37.50115
          ],
          [
            127.10079999999999,
            37.50114
          ],
          [
            127.10079999999999,
            37.50113
          ],
          [
            127.10079999999999,
            37.50112
          ],
          [
            127.10079999999999,
            37.50111
          ],
          [
            127.10079999999999,
            37.5011
          ],
          [
            127.10079999999999,
            37.50109
          ],
          [
            127.10079999999999,
            37.50108
          ],
          [
            127.10079999999999,
            37.50107
          ],
          [
            127.10079999999999,
            37.50106
          ],
          [
            127.10079999999999,
            37.50105
          ],
          [
            127.10079999999999,
            37.50104
          ],
          [
            127.10079999999999,
            37.50103
          ],
          [
            127.10079999999999,
            37.50102
          ],
          [
            127.10079999999999,
            37.50101
          ],
          [
            127.10079999999999,
            37.501
          ],
          [
            127.10079999999999,
            37.50099
          ],
          [
            127.10079999999999,
            37.50098
          ],
          [
            127.10079999999999,
            37.50097
          ],
          [
            127.10079999999999,
            37.50096
          ],
          [
            127.10079999999999,
            37.50095
          ],
          [
            127.10079999999999,
            37.50094
          ],
          [
            127.10079999999999,
            37.50093
          ],
          [
            127.10079999999999,
            37.50092
          ],
          [
            127.10079999999999,
            37.50091
          ],
          [
            127.10079999999999,
            37.5009
          ],
          [
            127.10079999999999,
            37.50089
          ],
          [
            127.10079999999999,
            37.50088
          ],
          [
            127.10079999999999,
            37.50087
          ],
          [
            127.10079999999999,
            37.50086
          ],
          [
            127.10079999999999,
            37.50085
          ],
          [
            127.10079999999999,
            37.50084
          ],
          [
            127.10079999999999,
            37.50083
          ],
          [
            127.10079999999999,
            37.50082
          ],
          [
            127.10079999999999,
            37.50081
          ],
          [
            127.10078999999999,
            37.5008
          ],
          [
            127.10078,
            37.5008
          ],
          [
            127.10077,
            37.5008
          ],
          [
            127.10076,
            37.5008
          ],
          [
            127.10074999999999,
            37.5008
          ],
          [
            127.10073999999999,
            37.5008
          ],
          [
            127.10073,
            37.5008
          ],
          [
            127.10072,
            37.5008
          ],
          [
            127.10070999999999,
            37.5008
          ],
          [
            127.10069999999999,
            37.5008
          ],
          [
            127.10069,
            37.5008
          ],
          [
            127.10068,
            37.5008
          ],
          [
            127.10067,
            37.5008
          ],
          [
            127.10065999999999,
            37.5008
          ],
          [
            127.10064999999999,
            37.5008
          ],
          [
            127.10064,
            37.5008
          ],
          [
            127.10063,
            37.5008
          ],
          [
            127.10061999999999,
            37.5008
          ],
          [
            127.10060999999999,
            37.5008
          ],
          [
            127.1006,
            37.5008
          ],
          [
            127.10059,
            37.5008
          ],
          [
            127.10058,
            37.5008
          ],
          [
            127.10056999999999,
            37.5008
          ],
          [
            127.10055999999999,
            37.5008
          ],
          [
            127.10055,
            37.5008
          ],
          [
            127.10054,
            37.5008
          ],
          [
            127.10052999999999,
            37.5008
          ],
          [
            127.10051999999999,
            37.5008
          ],
          [
            127.10051,
            37.5008
          ],
          [
            127.1005,
            37.5008
          ],
          [
            127.10049,
            37.5008
          ],
          [
            127.10047999999999,
            37.5008
          ],
          [
            127.10047,
            37.5008
          ],
          [
            127.10046,
            37.5008
          ],
          [
            127.10045,
            37.5008
          ],
          [
            127.10043999999999,
            37.5008
          ],
          [
            127.10042999999999,
            37.5008
          ],
          [
            127.10042,
            37.5008
          ],
          [
            127.10041,
            37.50081
          ]
        ]
      }
    },
    {
      "type": "Feature",
      "properties": {
        "edge_id": 31,
        "source": 13,
        "target": 14,
        "length_m": 22.66,
        "walkable": true,
        "confidence": 1.0
      },
      "geometry": {
        "type": "LineString",
        "coordinates": [
          [
            127.10020999999999,
            37.5008
          ],
          [
            127.10022,
            37.5008
          ],
          [
            127.10023,
            37.5008
          ],
          [
            127.10024,
            37.5008
          ],
          [
            127.10024999999999,
            37.5008
          ],
          [
            127.10025999999999,
            37.5008
          ],
          [
            127.10027,
            37.5008
          ],
          [
            127.10028,
            37.5008
          ],
          [
            127.10029,
            37.5008
          ],
          [
            127.10029999999999,
            37.5008
          ],
          [
            127.10031,
            37.5008
          ],
          [
            127.10032,
            37.5008
          ],
          [
            127.10033,
            37.5008
          ],
          [
            127.10033999999999,
            37.5008
          ],
          [
            127.10034999999999,
            37.5008
          ],
          [
            127.10036,
            37.5008
          ],
          [
            127.10037,
            37.5008
          ],
          [
            127.10038,
            37.5008
          ],
          [
            127.10038999999999,
            37.5008
          ],
          [
            127.1004,
            37.5008
          ],
          [
            127.10041,
            37.50081
          ]
        ]
      }
    },
    {
      "type": "Feature",
      "properties": {
        "edge_id": 32,
        "source": 13,
        "target": 14,
        "length_m": 22.66,
        "walkable": true,
        "confidence": 1.0
      },
      "geometry": {
        "type": "LineString",
        "coordinates": [
          [
            127.10041,
            37.50081
          ],
          [
            127.1004,
            37.5008
          ],
          [
            127.10038999999999,
            37.5008
          ],
          [
            127.10038,
            37.5008
          ],
          [
            127.10037,
            37.5008
          ],
          [
            127.10036,
            37.5008
          ],
          [
            127.10034999999999,
            37.5008
          ],
          [
            127.10033999999999,
            37.5008
          ],
          [
            127.10033,
            37.5008
          ],
          [
            127.10032,
            37.5008
          ],
          [
            127.10031,
            37.5008
          ],
          [
            127.10029999999999,
            37.5008
          ],
          [
            127.10029,
            37.5008
          ],
          [
            127.10028,
            37.5008
          ],
          [
            127.10027,
            37.5008
          ],
          [
            127.10025999999999,
            37.5008
          ],
          [
            127.10024999999999,
            37.5008
          ],
          [
            127.10024,
            37.5008
          ],
          [
            127.10023,
            37.5008
          ],
          [
            127.10022,
            37.5008
          ],
          [
            127.10020999999999,
            37.5008
          ]
        ]
      }
    }
  ]
}